HIERARCHY
ROOT Root
{
  OFFSET 0.000000 0.000000 0.000000
  CHANNELS 6 Xposition Yposition Zposition Zrotation Yrotation Xrotation
  JOINT Hips
  {
    OFFSET 0.000000 0.000000 0.000000
    CHANNELS 6 Xposition Yposition Zposition Zrotation Yrotation Xrotation
    JOINT Spine1
    {
      OFFSET 5.266023 0.261829 -0.008408
      CHANNELS 6 Xposition Yposition Zposition Zrotation Yrotation Xrotation
      JOINT Spine2
      {
        OFFSET 7.597601 -0.000001 0.000000
        CHANNELS 6 Xposition Yposition Zposition Zrotation Yrotation Xrotation
        JOINT Chest
        {
          OFFSET 8.008073 -0.000000 -0.000000
          CHANNELS 6 Xposition Yposition Zposition Zrotation Yrotation Xrotation
          JOINT Neck1
          {
            OFFSET 29.519594 -0.802532 0.014094
            CHANNELS 6 Xposition Yposition Zposition Zrotation Yrotation Xrotation
            JOINT Neck2
            {
              OFFSET 8.099053 -0.000000 0.000000
              CHANNELS 6 Xposition Yposition Zposition Zrotation Yrotation Xrotation
              JOINT Head
              {
                OFFSET 6.860398 0.000000 0.000000
                CHANNELS 6 Xposition Yposition Zposition Zrotation Yrotation Xrotation
                JOINT HeadEnd
                {
                  OFFSET 18.447189 0.760179 -0.003674
                  CHANNELS 6 Xposition Yposition Zposition Zrotation Yrotation Xrotation
                  End Site
                  {
                    OFFSET 0.000000 0.000000 0.000000
                  }
                }
                JOINT Jaw
                {
                  OFFSET 0.200078 3.635073 -0.007852
                  CHANNELS 6 Xposition Yposition Zposition Zrotation Yrotation Xrotation
                  End Site
                  {
                    OFFSET 0.000000 0.000000 0.000000
                  }
                }
                JOINT LeftEye
                {
                  OFFSET 5.721212 9.287379 3.627303
                  CHANNELS 6 Xposition Yposition Zposition Zrotation Yrotation Xrotation
                  End Site
                  {
                    OFFSET 0.000000 0.000000 0.000000
                  }
                }
                JOINT RightEye
                {
                  OFFSET 5.744883 9.302453 -3.630085
                  CHANNELS 6 Xposition Yposition Zposition Zrotation Yrotation Xrotation
                  End Site
                  {
                    OFFSET 0.000000 0.000000 0.000000
                  }
                }
              }
            }
          }
          JOINT LeftShoulder
          {
            OFFSET 25.666941 5.953198 1.744820
            CHANNELS 6 Xposition Yposition Zposition Zrotation Yrotation Xrotation
            JOINT LeftArm
            {
              OFFSET 18.464344 -0.000002 -0.000012
              CHANNELS 6 Xposition Yposition Zposition Zrotation Yrotation Xrotation
              JOINT LeftForeArm
              {
                OFFSET 29.884953 0.000000 -0.000001
                CHANNELS 6 Xposition Yposition Zposition Zrotation Yrotation Xrotation
                JOINT LeftHand
                {
                  OFFSET 27.413786 0.000000 0.000011
                  CHANNELS 6 Xposition Yposition Zposition Zrotation Yrotation Xrotation
                  JOINT LeftHandThumb1
                  {
                    OFFSET 2.094321 3.161254 0.799310
                    CHANNELS 6 Xposition Yposition Zposition Zrotation Yrotation Xrotation
                    JOINT LeftHandThumb2
                    {
                      OFFSET 4.501803 -0.000008 -0.000000
                      CHANNELS 6 Xposition Yposition Zposition Zrotation Yrotation Xrotation
                      JOINT LeftHandThumb3
                      {
                        OFFSET 2.698064 0.000006 -0.000006
                        CHANNELS 6 Xposition Yposition Zposition Zrotation Yrotation Xrotation
                        JOINT LeftHandThumbEnd
                        {
                          OFFSET 3.118652 0.000000 -0.000012
                          CHANNELS 6 Xposition Yposition Zposition Zrotation Yrotation Xrotation
                          End Site
                          {
                            OFFSET 0.000000 0.000000 0.000000
                          }
                        }
                      }
                    }
                  }
                  JOINT LeftHandIndex1
                  {
                    OFFSET 3.181590 2.254555 0.120951
                    CHANNELS 6 Xposition Yposition Zposition Zrotation Yrotation Xrotation
                    JOINT LeftHandIndex2
                    {
                      OFFSET 6.175169 -0.000002 0.000011
                      CHANNELS 6 Xposition Yposition Zposition Zrotation Yrotation Xrotation
                      JOINT LeftHandIndex3
                      {
                        OFFSET 3.387755 -0.000001 -0.000000
                        CHANNELS 6 Xposition Yposition Zposition Zrotation Yrotation Xrotation
                        JOINT LeftHandIndex4
                        {
                          OFFSET 2.120990 0.000003 -0.000000
                          CHANNELS 6 Xposition Yposition Zposition Zrotation Yrotation Xrotation
                          JOINT LeftHandIndexEnd
                          {
                            OFFSET 2.529893 0.000000 0.000000
                            CHANNELS 6 Xposition Yposition Zposition Zrotation Yrotation Xrotation
                            End Site
                            {
                              OFFSET 0.000000 0.000000 0.000000
                            }
                          }
                        }
                      }
                    }
                  }
                  JOINT LeftHandMiddle1
                  {
                    OFFSET 3.178449 0.924150 -0.397349
                    CHANNELS 6 Xposition Yposition Zposition Zrotation Yrotation Xrotation
                    JOINT LeftHandMiddle2
                    {
                      OFFSET 6.049747 0.000000 -0.000001
                      CHANNELS 6 Xposition Yposition Zposition Zrotation Yrotation Xrotation
                      JOINT LeftHandMiddle3
                      {
                        OFFSET 4.242486 -0.000003 0.000000
                        CHANNELS 6 Xposition Yposition Zposition Zrotation Yrotation Xrotation
                        JOINT LeftHandMiddle4
                        {
                          OFFSET 2.731824 -0.000001 0.000012
                          CHANNELS 6 Xposition Yposition Zposition Zrotation Yrotation Xrotation
                          JOINT LeftHandMiddleEnd
                          {
                            OFFSET 2.041451 0.000003 0.000012
                            CHANNELS 6 Xposition Yposition Zposition Zrotation Yrotation Xrotation
                            End Site
                            {
                              OFFSET 0.000000 0.000000 0.000000
                            }
                          }
                        }
                      }
                    }
                  }
                  JOINT LeftHandRing1
                  {
                    OFFSET 2.932182 -0.316448 0.122310
                    CHANNELS 6 Xposition Yposition Zposition Zrotation Yrotation Xrotation
                    JOINT LeftHandRing2
                    {
                      OFFSET 5.821784 -0.000001 -0.000001
                      CHANNELS 6 Xposition Yposition Zposition Zrotation Yrotation Xrotation
                      JOINT LeftHandRing3
                      {
                        OFFSET 4.026133 0.000000 0.000000
                        CHANNELS 6 Xposition Yposition Zposition Zrotation Yrotation Xrotation
                        JOINT LeftHandRing4
                        {
                          OFFSET 2.442604 0.000002 -0.000012
                          CHANNELS 6 Xposition Yposition Zposition Zrotation Yrotation Xrotation
                          JOINT LeftHandRingEnd
                          {
                            OFFSET 1.785016 0.000000 -0.000025
                            CHANNELS 6 Xposition Yposition Zposition Zrotation Yrotation Xrotation
                            End Site
                            {
                              OFFSET 0.000000 0.000000 0.000000
                            }
                          }
                        }
                      }
                    }
                  }
                  JOINT LeftHandPinky1
                  {
                    OFFSET 2.948916 -1.544389 0.539792
                    CHANNELS 6 Xposition Yposition Zposition Zrotation Yrotation Xrotation
                    JOINT LeftHandPinky2
                    {
                      OFFSET 5.112839 -0.000002 0.000011
                      CHANNELS 6 Xposition Yposition Zposition Zrotation Yrotation Xrotation
                      JOINT LeftHandPinky3
                      {
                        OFFSET 2.914518 0.000000 0.000000
                        CHANNELS 6 Xposition Yposition Zposition Zrotation Yrotation Xrotation
                        JOINT LeftHandPinky4
                        {
                          OFFSET 1.632816 -0.000002 0.000000
                          CHANNELS 6 Xposition Yposition Zposition Zrotation Yrotation Xrotation
                          JOINT LeftHandPinkyEnd
                          {
                            OFFSET 1.817514 -0.000003 -0.000001
                            CHANNELS 6 Xposition Yposition Zposition Zrotation Yrotation Xrotation
                            End Site
                            {
                              OFFSET 0.000000 0.000000 0.000000
                            }
                          }
                        }
                      }
                    }
                  }
                }
              }
            }
          }
          JOINT RightShoulder
          {
            OFFSET 25.633276 5.994579 -1.761724
            CHANNELS 6 Xposition Yposition Zposition Zrotation Yrotation Xrotation
            JOINT RightArm
            {
              OFFSET -18.544613 0.000003 0.000012
              CHANNELS 6 Xposition Yposition Zposition Zrotation Yrotation Xrotation
              JOINT RightForeArm
              {
                OFFSET -29.903347 0.000000 0.000001
                CHANNELS 6 Xposition Yposition Zposition Zrotation Yrotation Xrotation
                JOINT RightHand
                {
                  OFFSET -27.414274 0.000012 0.000013
                  CHANNELS 6 Xposition Yposition Zposition Zrotation Yrotation Xrotation
                  JOINT RightHandThumb1
                  {
                    OFFSET -2.094768 -3.163312 -0.799955
                    CHANNELS 6 Xposition Yposition Zposition Zrotation Yrotation Xrotation
                    JOINT RightHandThumb2
                    {
                      OFFSET -4.505661 0.000005 0.000000
                      CHANNELS 6 Xposition Yposition Zposition Zrotation Yrotation Xrotation
                      JOINT RightHandThumb3
                      {
                        OFFSET -2.700114 -0.000006 0.000006
                        CHANNELS 6 Xposition Yposition Zposition Zrotation Yrotation Xrotation
                        JOINT RightHandThumbEnd
                        {
                          OFFSET -3.121519 -0.000000 0.000006
                          CHANNELS 6 Xposition Yposition Zposition Zrotation Yrotation Xrotation
                          End Site
                          {
                            OFFSET 0.000000 0.000000 0.000000
                          }
                        }
                      }
                    }
                  }
                  JOINT RightHandIndex1
                  {
                    OFFSET -3.183331 -2.255512 -0.121331
                    CHANNELS 6 Xposition Yposition Zposition Zrotation Yrotation Xrotation
                    JOINT RightHandIndex2
                    {
                      OFFSET -6.179836 0.000000 0.000000
                      CHANNELS 6 Xposition Yposition Zposition Zrotation Yrotation Xrotation
                      JOINT RightHandIndex3
                      {
                        OFFSET -3.389430 -0.000001 -0.000012
                        CHANNELS 6 Xposition Yposition Zposition Zrotation Yrotation Xrotation
                        JOINT RightHandIndex4
                        {
                          OFFSET -2.123821 -0.000003 -0.000012
                          CHANNELS 6 Xposition Yposition Zposition Zrotation Yrotation Xrotation
                          JOINT RightHandIndexEnd
                          {
                            OFFSET -2.529789 -0.000000 -0.000001
                            CHANNELS 6 Xposition Yposition Zposition Zrotation Yrotation Xrotation
                            End Site
                            {
                              OFFSET 0.000000 0.000000 0.000000
                            }
                          }
                        }
                      }
                    }
                  }
                  JOINT RightHandMiddle1
                  {
                    OFFSET -3.179951 -0.924413 0.397693
                    CHANNELS 6 Xposition Yposition Zposition Zrotation Yrotation Xrotation
                    JOINT RightHandMiddle2
                    {
                      OFFSET -6.054549 -0.000003 -0.000001
                      CHANNELS 6 Xposition Yposition Zposition Zrotation Yrotation Xrotation
                      JOINT RightHandMiddle3
                      {
                        OFFSET -4.244578 -0.000001 0.000012
                        CHANNELS 6 Xposition Yposition Zposition Zrotation Yrotation Xrotation
                        JOINT RightHandMiddle4
                        {
                          OFFSET -2.732867 0.000004 0.000000
                          CHANNELS 6 Xposition Yposition Zposition Zrotation Yrotation Xrotation
                          JOINT RightHandMiddleEnd
                          {
                            OFFSET -2.043405 0.000006 -0.000001
                            CHANNELS 6 Xposition Yposition Zposition Zrotation Yrotation Xrotation
                            End Site
                            {
                              OFFSET 0.000000 0.000000 0.000000
                            }
                          }
                        }
                      }
                    }
                  }
                  JOINT RightHandRing1
                  {
                    OFFSET -2.933434 0.316848 -0.122046
                    CHANNELS 6 Xposition Yposition Zposition Zrotation Yrotation Xrotation
                    JOINT RightHandRing2
                    {
                      OFFSET -5.826602 -0.000005 -0.000000
                      CHANNELS 6 Xposition Yposition Zposition Zrotation Yrotation Xrotation
                      JOINT RightHandRing3
                      {
                        OFFSET -4.028100 -0.000000 0.000000
                        CHANNELS 6 Xposition Yposition Zposition Zrotation Yrotation Xrotation
                        JOINT RightHandRing4
                        {
                          OFFSET -2.443439 -0.000000 0.000000
                          CHANNELS 6 Xposition Yposition Zposition Zrotation Yrotation Xrotation
                          JOINT RightHandRingEnd
                          {
                            OFFSET -1.786791 0.000003 0.000011
                            CHANNELS 6 Xposition Yposition Zposition Zrotation Yrotation Xrotation
                            End Site
                            {
                              OFFSET 0.000000 0.000000 0.000000
                            }
                          }
                        }
                      }
                    }
                  }
                  JOINT RightHandPinky1
                  {
                    OFFSET -2.949983 1.545734 -0.540328
                    CHANNELS 6 Xposition Yposition Zposition Zrotation Yrotation Xrotation
                    JOINT RightHandPinky2
                    {
                      OFFSET -5.116444 -0.000002 -0.000000
                      CHANNELS 6 Xposition Yposition Zposition Zrotation Yrotation Xrotation
                      JOINT RightHandPinky3
                      {
                        OFFSET -2.915901 -0.000000 0.000012
                        CHANNELS 6 Xposition Yposition Zposition Zrotation Yrotation Xrotation
                        JOINT RightHandPinky4
                        {
                          OFFSET -1.633906 0.000001 -0.000012
                          CHANNELS 6 Xposition Yposition Zposition Zrotation Yrotation Xrotation
                          JOINT RightHandPinkyEnd
                          {
                            OFFSET -1.819588 0.000000 -0.000001
                            CHANNELS 6 Xposition Yposition Zposition Zrotation Yrotation Xrotation
                            End Site
                            {
                              OFFSET 0.000000 0.000000 0.000000
                            }
                          }
                        }
                      }
                    }
                  }
                }
              }
            }
          }
        }
      }
    }
    JOINT LeftLeg
    {
      OFFSET -8.517063 2.351946 11.888292
      CHANNELS 6 Xposition Yposition Zposition Zrotation Yrotation Xrotation
      JOINT LeftShin
      {
        OFFSET 42.799587 0.000001 0.000002
        CHANNELS 6 Xposition Yposition Zposition Zrotation Yrotation Xrotation
        JOINT LeftFoot
        {
          OFFSET 45.345985 0.000001 -0.000007
          CHANNELS 6 Xposition Yposition Zposition Zrotation Yrotation Xrotation
          JOINT LeftToeBase
          {
            OFFSET 14.268355 0.000005 0.000000
            CHANNELS 6 Xposition Yposition Zposition Zrotation Yrotation Xrotation
            JOINT LeftToeEnd
            {
              OFFSET 6.980276 -0.121840 0.000001
              CHANNELS 6 Xposition Yposition Zposition Zrotation Yrotation Xrotation
              End Site
              {
                OFFSET 0.000000 0.000000 0.000000
              }
            }
          }
        }
      }
    }
    JOINT RightLeg
    {
      OFFSET -8.535283 2.358025 -11.910014
      CHANNELS 6 Xposition Yposition Zposition Zrotation Yrotation Xrotation
      JOINT RightShin
      {
        OFFSET -42.789711 -0.000003 -0.000003
        CHANNELS 6 Xposition Yposition Zposition Zrotation Yrotation Xrotation
        JOINT RightFoot
        {
          OFFSET -45.345604 0.000000 0.000000
          CHANNELS 6 Xposition Yposition Zposition Zrotation Yrotation Xrotation
          JOINT RightToeBase
          {
            OFFSET -14.268300 -0.000000 -0.000000
            CHANNELS 6 Xposition Yposition Zposition Zrotation Yrotation Xrotation
            JOINT RightToeEnd
            {
              OFFSET -6.981181 0.121853 -0.000003
              CHANNELS 6 Xposition Yposition Zposition Zrotation Yrotation Xrotation
              End Site
              {
                OFFSET 0.000000 0.000000 0.000000
              }
            }
          }
        }
      }
    }
  }
}
MOTION
Frames: 116
Frame Time: 0.033333
0.000000 0.000000 0.000000 0.000000 0.000000 0.000000 0.052768 108.244621 -1.167701 80.210777 -1.626025 -117.300056 5.266023 0.261829 -0.008408 9.931916 4.528920 -2.440775 7.597601 -0.000001 0.000000 -6.500536 -1.724208 0.322028 8.008073 -0.000000 -0.000000 13.754294 -0.928241 -1.926437 29.519594 -0.802532 0.014094 19.359734 -3.996937 2.445170 8.099053 -0.000000 0.000000 14.657619 -5.767092 -5.755977 6.860398 0.000000 0.000000 -22.719536 1.660364 13.251146 18.447189 0.760179 -0.003674 -0.001222 -0.000116 0.000445 0.200078 3.635073 -0.007852 -0.256089 0.597699 -0.071396 5.721212 9.287379 3.627303 10.747292 -0.000247 2.529897 5.744883 9.302453 -3.630085 10.737696 -0.003127 -3.289405 25.666941 5.953198 1.744820 -70.280258 -79.199226 84.304565 18.464344 -0.000002 -0.000012 36.034584 -28.728920 -34.935169 29.884953 0.000000 -0.000001 75.877716 4.833901 2.903003 27.413786 0.000000 0.000011 -1.280718 24.463123 -11.582659 2.094321 3.161254 0.799310 16.056944 -26.964903 66.267609 4.501803 -0.000008 -0.000000 -20.919825 -0.859326 18.237011 2.698064 0.000006 -0.000006 -0.781124 -3.629558 -5.355970 3.118652 0.000000 -0.000012 -0.000274 0.000475 0.000401 3.181590 2.254555 0.120951 6.493998 6.398732 -1.255973 6.175169 -0.000002 0.000011 -2.368904 -33.434341 0.551989 3.387755 -0.000001 -0.000000 1.441553 -16.766626 0.579010 2.120990 0.000003 -0.000000 0.260023 -8.334238 2.119207 2.529893 0.000000 0.000000 -0.000539 -0.000310 -0.000171 3.178449 0.924150 -0.397349 -4.117158 2.884842 -2.419998 6.049747 0.000000 -0.000001 2.948065 -29.234121 1.999721 4.242486 -0.000003 0.000000 1.795036 -19.307064 -0.018762 2.731824 -0.000001 0.000012 0.227572 -7.104024 -1.139055 2.041451 0.000003 0.000012 -0.000238 -0.000109 -0.000521 2.932182 -0.316448 0.122310 -6.955109 -1.044812 -18.118649 5.821784 -0.000001 -0.000001 0.567301 -22.545284 18.164463 4.026133 0.000000 0.000000 -0.729843 -21.128244 0.010092 2.442604 0.000002 -0.000012 0.778614 -19.380913 -5.575228 1.785016 0.000000 -0.000025 0.000084 -0.000272 0.000325 2.948916 -1.544389 0.539792 -11.642438 -10.544536 -18.015894 5.112839 -0.000002 0.000011 5.708075 -18.843742 18.281988 2.914518 0.000000 0.000000 -0.926118 -22.679771 0.389602 1.632816 -0.000002 0.000000 0.206272 -13.927047 -7.844760 1.817514 -0.000003 -0.000001 0.000265 -0.000339 -0.000163 25.633276 5.994579 -1.761724 139.532684 -75.379639 54.255203 -18.544613 0.000003 0.000012 26.706097 -22.696606 -27.134628 -29.903347 0.000000 0.000001 48.071854 1.513722 3.462619 -27.414274 0.000012 0.000013 -6.378201 16.058847 -16.265234 -2.094768 -3.163312 -0.799955 11.729785 -36.518318 69.111244 -4.505661 0.000005 0.000000 -25.601330 -1.337638 14.883406 -2.700114 -0.000006 0.000006 -0.817550 -4.868615 0.130755 -3.121519 -0.000000 0.000006 -0.000211 0.001546 -0.000078 -3.183331 -2.255512 -0.121331 3.564650 1.463214 -1.996741 -6.179836 0.000000 0.000000 -5.524576 -20.669449 1.610041 -3.389430 -0.000001 -0.000012 1.335206 -10.377772 1.282578 -2.123821 -0.000003 -0.000012 1.797637 -7.506737 2.164018 -2.529789 -0.000000 -0.000001 -0.000079 0.000695 0.000165 -3.179951 -0.924413 0.397693 -5.561450 -2.699040 -1.130108 -6.054549 -0.000003 -0.000001 0.518006 -18.905252 1.415938 -4.244578 -0.000001 0.000012 1.073322 -13.473088 0.499849 -2.732867 0.000004 0.000000 1.008140 -6.533594 -1.400258 -2.043405 0.000006 -0.000001 -0.000070 -0.000425 0.000188 -2.933434 0.316848 -0.122046 -8.723167 -5.836227 -17.597162 -5.826602 -0.000005 -0.000000 3.127310 -16.957979 18.479694 -4.028100 -0.000000 0.000000 -0.645299 -16.356058 -0.205154 -2.443439 -0.000000 0.000000 1.405431 -17.452574 -7.477926 -1.786791 0.000003 0.000011 -0.001093 -0.002040 -0.001492 -2.949983 1.545734 -0.540328 -12.231830 -16.077332 -15.824056 -5.116444 -0.000002 -0.000000 8.599109 -14.518851 18.529091 -2.915901 -0.000000 0.000012 0.918767 -17.978727 -0.377298 -1.633906 0.000001 -0.000012 0.858874 -12.043304 -12.089929 -1.819588 0.000000 -0.000001 0.000867 0.002242 0.000130 -8.517063 2.351946 11.888292 164.317108 -5.586226 -8.421777 42.799587 0.000001 0.000002 40.308132 0.790814 -1.017061 45.345985 0.000001 -0.000007 -84.510193 -2.501806 -5.886900 14.268355 0.000005 0.000000 -7.975778 0.985481 -0.119955 6.980276 -0.121840 0.000001 0.000005 -0.000050 0.000054 -8.535283 2.358025 -11.910014 -20.840406 -11.804356 -9.041245 -42.789711 -0.000003 -0.000003 32.630791 -0.015666 -2.545788 -45.345604 0.000000 0.000000 -75.519379 7.024377 -5.601024 -14.268300 -0.000000 -0.000000 -6.735936 1.241512 -0.837826 -6.981181 0.121853 -0.000003 0.003311 -0.000326 0.000171
0.000000 0.000000 0.000000 0.000000 0.000000 0.000000 0.099236 108.202698 -1.707284 80.639687 -0.621291 -116.465218 5.266023 0.261829 -0.008408 10.620941 4.657566 -2.395344 7.597601 -0.000001 0.000000 -6.268904 -1.794918 0.383322 8.008073 -0.000000 -0.000000 13.289078 -0.962628 -1.930573 29.519594 -0.802532 0.014094 18.542549 -3.639849 2.283056 8.099053 -0.000000 0.000000 13.951439 -5.536343 -5.158439 6.860398 0.000000 0.000000 -23.081837 1.718460 13.185603 18.447189 0.760179 -0.003674 -0.001290 -0.000096 0.000516 0.200078 3.635073 -0.007852 -0.202199 0.562009 -0.079824 5.721212 9.287379 3.627303 11.151685 0.018689 2.540391 5.744883 9.302453 -3.630085 11.138564 0.015286 -3.274783 25.666941 5.953198 1.744820 -74.686722 -77.801834 89.535423 18.464344 -0.000002 -0.000012 34.454723 -30.924541 -35.094563 29.884953 0.000000 -0.000001 83.905220 4.302814 3.625056 27.413786 0.000000 0.000011 -0.729774 25.639076 -10.037308 2.094321 3.161254 0.799310 16.977869 -26.495583 65.680588 4.501803 -0.000008 -0.000000 -20.845345 -0.672724 18.518412 2.698064 0.000006 -0.000006 -0.763564 -3.466034 -5.752854 3.118652 0.000000 -0.000012 -0.000355 0.000527 0.000380 3.181590 2.254555 0.120951 6.717832 6.375365 -1.169048 6.175169 -0.000002 0.000011 -2.364215 -32.675991 0.358759 3.387755 -0.000001 -0.000000 1.013064 -16.355030 0.571465 2.120990 0.000003 -0.000000 0.291185 -7.933309 2.315906 2.529893 0.000000 0.000000 -0.000523 -0.000339 -0.000140 3.178449 0.924150 -0.397349 -4.107394 2.756077 -2.417279 6.049747 0.000000 -0.000001 2.945776 -28.709669 1.683178 4.242486 -0.000003 0.000000 1.306439 -18.874701 0.095493 2.731824 -0.000001 0.000012 0.220975 -6.729195 -0.824065 2.041451 0.000003 0.000012 -0.000318 -0.000149 -0.000600 2.932182 -0.316448 0.122310 -7.124991 -1.254069 -18.275845 5.821784 -0.000001 -0.000001 0.674865 -22.403978 17.903595 4.026133 0.000000 0.000000 -0.846869 -20.640776 0.112133 2.442604 0.000002 -0.000012 0.634102 -18.549400 -5.154198 1.785016 0.000000 -0.000025 0.000051 -0.000369 0.000352 2.948916 -1.544389 0.539792 -11.865085 -10.857356 -18.147732 5.112839 -0.000002 0.000011 5.838677 -18.737270 18.108955 2.914518 0.000000 0.000000 -1.023174 -22.225861 0.418366 1.632816 -0.000002 0.000000 0.045101 -12.992579 -7.514120 1.817514 -0.000003 -0.000001 0.000247 -0.000355 -0.000179 25.633276 5.994579 -1.761724 135.263611 -73.922256 59.016438 -18.544613 0.000003 0.000012 23.231825 -25.309814 -25.801023 -29.903347 0.000000 0.000001 54.857796 1.625729 3.685671 -27.414274 0.000012 0.000013 -7.391199 16.846527 -17.633572 -2.094768 -3.163312 -0.799955 13.521232 -35.998001 67.857910 -4.505661 0.000005 0.000000 -25.686096 -1.364187 15.086666 -2.700114 -0.000006 0.000006 -0.719612 -5.156599 -0.060594 -3.121519 -0.000000 0.000006 -0.000237 0.001667 -0.000025 -3.183331 -2.255512 -0.121331 3.516227 1.408601 -1.761617 -6.179836 0.000000 0.000000 -5.521883 -20.984701 1.622294 -3.389430 -0.000001 -0.000012 1.294112 -10.321984 1.209624 -2.123821 -0.000003 -0.000012 1.947107 -7.197706 1.810530 -2.529789 -0.000000 -0.000001 -0.000091 0.000650 0.000175 -3.179951 -0.924413 0.397693 -5.655000 -2.997386 -1.088805 -6.054549 -0.000003 -0.000001 0.328009 -19.155287 1.517652 -4.244578 -0.000001 0.000012 1.120061 -13.668710 0.491656 -2.732867 0.000004 0.000000 1.151473 -6.388181 -0.983376 -2.043405 0.000006 -0.000001 -0.000216 -0.000518 0.000244 -2.933434 0.316848 -0.122046 -8.999187 -6.248278 -17.484791 -5.826602 -0.000005 -0.000000 3.203340 -17.608480 18.484434 -4.028100 -0.000000 0.000000 -0.738573 -16.387377 -0.162344 -2.443439 -0.000000 0.000000 1.328848 -16.931917 -6.914065 -1.786791 0.000003 0.000011 -0.001625 -0.002252 -0.001547 -2.949983 1.545734 -0.540328 -12.403135 -16.788593 -15.518862 -5.116444 -0.000002 -0.000000 8.659055 -15.076053 18.583504 -2.915901 -0.000000 0.000012 0.967256 -17.860929 -0.346494 -1.633906 0.000001 -0.000012 0.936771 -11.642927 -11.549028 -1.819588 0.000000 -0.000001 0.000381 0.001934 0.000070 -8.517063 2.351946 11.888292 163.804901 -6.017597 -8.228106 42.799587 0.000001 0.000002 40.277359 0.634309 -0.720852 45.345985 0.000001 -0.000007 -84.127419 -2.218706 -5.868343 14.268355 0.000005 0.000000 -8.495580 1.105225 -0.188558 6.980276 -0.121840 0.000001 -0.000026 -0.000093 0.000142 -8.535283 2.358025 -11.910014 -20.811979 -11.201060 -9.133120 -42.789711 -0.000003 -0.000003 32.391777 0.191576 -2.302707 -45.345604 0.000000 0.000000 -75.914856 6.124126 -5.615046 -14.268300 -0.000000 -0.000000 -6.690536 1.287912 -1.132257 -6.981181 0.121853 -0.000003 0.003799 -0.000388 0.000209
0.000000 0.000000 0.000000 0.000000 0.000000 0.000000 0.166016 108.016754 -2.367719 81.082771 -0.051954 -115.267250 5.266023 0.261829 -0.008408 11.038638 4.866436 -2.517832 7.597601 -0.000001 0.000000 -6.043118 -1.951793 0.494616 8.008073 -0.000000 -0.000000 13.057770 -1.061596 -1.910252 29.519594 -0.802532 0.014094 17.330189 -3.275439 1.965637 8.099053 -0.000000 0.000000 13.048367 -5.352629 -4.592399 6.860398 0.000000 0.000000 -23.430075 1.732945 12.991774 18.447189 0.760179 -0.003674 -0.001299 -0.000112 0.000447 0.200078 3.635073 -0.007852 -0.102329 0.498322 -0.074539 5.721212 9.287379 3.627303 11.704887 0.045666 2.545290 5.744883 9.302453 -3.630085 11.696040 0.042040 -3.267644 25.666941 5.953198 1.744820 -78.909088 -76.754944 94.582909 18.464344 -0.000002 -0.000012 32.940567 -33.262451 -35.313206 29.884953 0.000000 -0.000001 91.554436 3.745278 4.134324 27.413786 0.000000 0.000011 0.835828 27.739189 -7.584558 2.094321 3.161254 0.799310 17.970613 -26.023348 65.026695 4.501803 -0.000008 -0.000000 -20.781507 -0.397791 18.934715 2.698064 0.000006 -0.000006 -0.829715 -3.267946 -6.340540 3.118652 0.000000 -0.000012 -0.000337 0.000487 0.000335 3.181590 2.254555 0.120951 7.045410 6.221726 -1.072674 6.175169 -0.000002 0.000011 -2.414791 -32.124836 0.148039 3.387755 -0.000001 -0.000000 0.644126 -16.286020 0.623147 2.120990 0.000003 -0.000000 0.256194 -7.835134 2.289814 2.529893 0.000000 0.000000 -0.000381 -0.000313 -0.000098 3.178449 0.924150 -0.397349 -4.025360 2.653571 -2.426648 6.049747 0.000000 -0.000001 2.967733 -28.430750 1.329590 4.242486 -0.000003 0.000000 0.927056 -18.771845 0.200182 2.731824 -0.000001 0.000012 0.182428 -6.710200 -0.664366 2.041451 0.000003 0.000012 -0.000272 -0.000217 -0.000568 2.932182 -0.316448 0.122310 -7.226013 -1.389790 -18.539156 5.821784 -0.000001 -0.000001 0.799863 -22.417055 17.532013 4.026133 0.000000 0.000000 -0.971469 -20.625233 0.199295 2.442604 0.000002 -0.000012 0.462302 -18.067787 -4.823965 1.785016 0.000000 -0.000025 0.000017 -0.000337 0.000388 2.948916 -1.544389 0.539792 -12.042066 -10.949101 -18.453726 5.112839 -0.000002 0.000011 5.955444 -18.925505 17.929676 2.914518 0.000000 0.000000 -1.105759 -22.279623 0.391298 1.632816 -0.000002 0.000000 -0.073174 -12.386509 -7.215925 1.817514 -0.000003 -0.000001 0.000225 -0.000252 -0.000090 25.633276 5.994579 -1.761724 131.193588 -72.148506 63.709915 -18.544613 0.000003 0.000012 19.726019 -28.076868 -23.978979 -29.903347 0.000000 0.000001 63.706444 1.310570 3.709687 -27.414274 0.000012 0.000013 -7.959162 18.372513 -16.592028 -2.094768 -3.163312 -0.799955 15.098876 -35.845642 66.637711 -4.505661 0.000005 0.000000 -25.924204 -1.438618 15.374312 -2.700114 -0.000006 0.000006 -0.731571 -5.586689 -0.213380 -3.121519 -0.000000 0.000006 -0.000220 0.001710 0.000016 -3.183331 -2.255512 -0.121331 3.301478 1.086066 -1.323513 -6.179836 0.000000 0.000000 -5.905721 -21.755264 1.856246 -3.389430 -0.000001 -0.000012 1.296249 -10.836343 1.249779 -2.123821 -0.000003 -0.000012 2.036107 -7.304965 1.205232 -2.529789 -0.000000 -0.000001 0.000006 0.000634 0.000156 -3.179951 -0.924413 0.397693 -5.965421 -3.288317 -0.719503 -6.054549 -0.000003 -0.000001 -0.075005 -20.114941 1.820714 -4.244578 -0.000001 0.000012 1.245045 -14.502257 0.606957 -2.732867 0.000004 0.000000 1.301615 -6.667311 -0.662026 -2.043405 0.000006 -0.000001 -0.000253 -0.000512 0.000237 -2.933434 0.316848 -0.122046 -9.572130 -6.590168 -17.131680 -5.826602 -0.000005 -0.000000 2.968288 -18.902586 18.712906 -4.028100 -0.000000 0.000000 -0.776463 -17.053225 -0.069797 -2.443439 -0.000000 0.000000 1.279779 -16.749496 -6.438469 -1.786791 0.000003 0.000011 -0.001943 -0.002241 -0.001543 -2.949983 1.545734 -0.540328 -13.084805 -17.303642 -14.931460 -5.116444 -0.000002 -0.000000 8.597638 -16.500935 18.812803 -2.915901 -0.000000 0.000012 1.266331 -18.270954 -0.301205 -1.633906 0.000001 -0.000012 1.093654 -11.581107 -11.081722 -1.819588 0.000000 -0.000001 0.000095 0.001843 0.000141 -8.517063 2.351946 11.888292 163.366791 -6.525559 -8.136088 42.799587 0.000001 0.000002 40.809143 0.796470 -0.429000 45.345985 0.000001 -0.000007 -83.634964 -1.629635 -5.840938 14.268355 0.000005 0.000000 -9.137650 1.166038 -0.314953 6.980276 -0.121840 0.000001 -0.000053 -0.000142 0.000183 -8.535283 2.358025 -11.910014 -20.612814 -10.762000 -9.036318 -42.789711 -0.000003 -0.000003 32.863155 0.183172 -2.066801 -45.345604 0.000000 0.000000 -76.706528 4.517869 -5.272174 -14.268300 -0.000000 -0.000000 -6.858479 1.174106 -1.408875 -6.981181 0.121853 -0.000003 0.003992 -0.000383 0.000246
0.000000 0.000000 0.000000 0.000000 0.000000 0.000000 0.252034 107.932755 -3.140653 81.251999 0.547575 -113.963966 5.266023 0.261829 -0.008408 11.147412 4.854512 -2.586291 7.597601 -0.000001 0.000000 -5.887194 -1.972503 0.641436 8.008073 -0.000000 -0.000000 12.956269 -1.147905 -1.880594 29.519594 -0.802532 0.014094 16.564899 -2.954428 1.720882 8.099053 -0.000000 0.000000 12.143973 -5.018390 -3.992639 6.860398 0.000000 0.000000 -23.977791 1.661763 12.654179 18.447189 0.760179 -0.003674 -0.001372 -0.000189 0.000453 0.200078 3.635073 -0.007852 -0.113247 0.397723 -0.079804 5.721212 9.287379 3.627303 12.308510 0.060697 2.512702 5.744883 9.302453 -3.630085 12.297287 0.056802 -3.298013 25.666941 5.953198 1.744820 -82.264038 -76.166000 98.597862 18.464344 -0.000002 -0.000012 32.209698 -35.499573 -36.095322 29.884953 0.000000 -0.000001 96.417328 3.772081 4.769515 27.413786 0.000000 0.000011 1.995405 29.341024 -6.276892 2.094321 3.161254 0.799310 18.083330 -26.264761 64.622108 4.501803 -0.000008 -0.000000 -20.944139 -0.380652 18.859083 2.698064 0.000006 -0.000006 -1.110298 -3.605738 -6.049229 3.118652 0.000000 -0.000012 -0.000403 0.000458 0.000280 3.181590 2.254555 0.120951 7.318502 6.118141 -1.122539 6.175169 -0.000002 0.000011 -2.606064 -33.689053 -0.101800 3.387755 -0.000001 -0.000000 0.752205 -17.089619 0.684407 2.120990 0.000003 -0.000000 0.138678 -8.156509 1.954734 2.529893 0.000000 0.000000 -0.000324 -0.000245 -0.000045 3.178449 0.924150 -0.397349 -3.765752 2.632297 -2.370786 6.049747 0.000000 -0.000001 2.931765 -29.848818 1.014302 4.242486 -0.000003 0.000000 0.917376 -19.659081 0.274834 2.731824 -0.000001 0.000012 0.148464 -7.121142 -1.044316 2.041451 0.000003 0.000012 -0.000299 -0.000302 -0.000620 2.932182 -0.316448 0.122310 -7.094747 -1.338621 -18.679335 5.821784 -0.000001 -0.000001 0.616016 -23.556688 17.498421 4.026133 0.000000 0.000000 -1.034222 -21.656744 0.253433 2.442604 0.000002 -0.000012 0.448229 -18.550554 -4.990765 1.785016 0.000000 -0.000025 -0.000013 -0.000378 0.000494 2.948916 -1.544389 0.539792 -11.965643 -10.833960 -18.605654 5.112839 -0.000002 0.000011 5.860698 -19.999043 18.010765 2.914518 0.000000 0.000000 -1.132538 -23.401211 0.420129 1.632816 -0.000002 0.000000 -0.048870 -12.837900 -7.296164 1.817514 -0.000003 -0.000001 0.000264 -0.000152 -0.000016 25.633276 5.994579 -1.761724 127.843727 -70.587021 67.799995 -18.544613 0.000003 0.000012 17.024887 -30.653324 -22.673929 -29.903347 0.000000 0.000001 72.192162 0.963483 3.645588 -27.414274 0.000012 0.000013 -8.680127 20.127680 -16.019804 -2.094768 -3.163312 -0.799955 14.833453 -36.235703 66.310020 -4.505661 0.000005 0.000000 -26.622187 -1.875253 15.188330 -2.700114 -0.000006 0.000006 -0.789374 -6.387186 0.036801 -3.121519 -0.000000 0.000006 -0.000290 0.001818 0.000092 -3.183331 -2.255512 -0.121331 2.809475 1.113940 -0.954918 -6.179836 0.000000 0.000000 -6.557729 -23.930428 2.376071 -3.389430 -0.000001 -0.000012 1.467053 -12.221914 1.348611 -2.123821 -0.000003 -0.000012 2.056071 -7.752070 1.006333 -2.529789 -0.000000 -0.000001 0.000106 0.000611 0.000166 -3.179951 -0.924413 0.397693 -6.451151 -3.149001 -0.224027 -6.054549 -0.000003 -0.000001 -0.493236 -22.487654 2.305561 -4.244578 -0.000001 0.000012 1.523542 -16.020460 0.686153 -2.732867 0.000004 0.000000 1.447775 -7.247955 -0.860803 -2.043405 0.000006 -0.000001 -0.000342 -0.000567 0.000317 -2.933434 0.316848 -0.122046 -10.195417 -6.367924 -16.638191 -5.826602 -0.000005 -0.000000 2.351772 -21.367834 19.244860 -4.028100 -0.000000 0.000000 -0.734701 -18.567846 0.040310 -2.443439 -0.000000 0.000000 1.378707 -17.368664 -6.568364 -1.786791 0.000003 0.000011 -0.002465 -0.002365 -0.001610 -2.949983 1.545734 -0.540328 -13.739562 -17.268702 -14.270746 -5.116444 -0.000002 -0.000000 8.289659 -18.828676 19.394556 -2.915901 -0.000000 0.000012 1.685182 -19.702221 -0.262030 -1.633906 0.000001 -0.000012 1.381808 -12.330681 -11.390409 -1.819588 0.000000 -0.000001 -0.000389 0.001528 0.000139 -8.517063 2.351946 11.888292 163.077850 -6.809765 -8.153129 42.799587 0.000001 0.000002 40.917919 1.001101 -0.448068 45.345985 0.000001 -0.000007 -83.642319 -1.537500 -5.891965 14.268355 0.000005 0.000000 -9.546570 1.251302 -0.415113 6.980276 -0.121840 0.000001 -0.000090 -0.000250 0.000204 -8.535283 2.358025 -11.910014 -20.443888 -10.536398 -8.945913 -42.789711 -0.000003 -0.000003 33.193401 0.071920 -1.965069 -45.345604 0.000000 0.000000 -77.188004 3.323528 -5.232357 -14.268300 -0.000000 -0.000000 -6.723515 1.134208 -1.684803 -6.981181 0.121853 -0.000003 0.004407 -0.000430 0.000193
0.000000 0.000000 0.000000 0.000000 0.000000 0.000000 0.351869 107.811478 -4.014596 81.482948 1.048892 -113.122566 5.266023 0.261829 -0.008408 11.161796 4.806358 -2.612474 7.597601 -0.000001 0.000000 -5.817237 -2.036211 0.763412 8.008073 -0.000000 -0.000000 12.916946 -1.121654 -1.937381 29.519594 -0.802532 0.014094 16.150887 -2.589018 1.522030 8.099053 -0.000000 0.000000 11.379769 -4.677950 -3.663461 6.860398 0.000000 0.000000 -24.272923 1.593356 12.775229 18.447189 0.760179 -0.003674 -0.001415 -0.000208 0.000513 0.200078 3.635073 -0.007852 -0.059363 0.332001 -0.069974 5.721212 9.287379 3.627303 12.707600 0.074385 2.426754 5.744883 9.302453 -3.630085 12.695470 0.070450 -3.383430 25.666941 5.953198 1.744820 -84.515282 -75.914925 101.309685 18.464344 -0.000002 -0.000012 31.714573 -37.178890 -36.261295 29.884953 0.000000 -0.000001 99.301613 3.677806 5.096924 27.413786 0.000000 0.000011 3.013535 29.934650 -5.710014 2.094321 3.161254 0.799310 18.324995 -26.007225 64.465492 4.501803 -0.000008 -0.000000 -20.923485 -0.336327 18.873190 2.698064 0.000006 -0.000006 -1.118261 -3.640902 -6.143153 3.118652 0.000000 -0.000012 -0.000456 0.000422 0.000275 3.181590 2.254555 0.120951 7.546281 5.932068 -1.250078 6.175169 -0.000002 0.000011 -2.748912 -33.528999 -0.220944 3.387755 -0.000001 -0.000000 0.633265 -17.194185 0.704360 2.120990 0.000003 -0.000000 0.039431 -8.519083 2.009323 2.529893 0.000000 0.000000 -0.000363 -0.000211 -0.000045 3.178449 0.924150 -0.397349 -3.526795 2.448259 -2.374561 6.049747 0.000000 -0.000001 2.858769 -29.684549 0.765311 4.242486 -0.000003 0.000000 0.649265 -19.810522 0.233768 2.731824 -0.000001 0.000012 0.093204 -7.539012 -0.969844 2.041451 0.000003 0.000012 -0.000345 -0.000310 -0.000637 2.932182 -0.316448 0.122310 -6.919648 -1.508025 -18.812603 5.821784 -0.000001 -0.000001 0.721175 -23.206923 17.322376 4.026133 0.000000 0.000000 -1.271080 -21.913063 0.243940 2.442604 0.000002 -0.000012 0.401862 -19.018229 -4.967541 1.785016 0.000000 -0.000025 -0.000041 -0.000418 0.000540 2.948916 -1.544389 0.539792 -11.731323 -10.909291 -18.680149 5.112839 -0.000002 0.000011 5.853865 -19.597496 17.913773 2.914518 0.000000 0.000000 -1.316435 -23.752426 0.423899 1.632816 -0.000002 0.000000 -0.065496 -13.264874 -7.293903 1.817514 -0.000003 -0.000001 0.000285 -0.000126 -0.000014 25.633276 5.994579 -1.761724 124.812927 -69.705009 71.318359 -18.544613 0.000003 0.000012 15.739653 -32.083534 -21.587452 -29.903347 0.000000 0.000001 77.661667 0.279288 3.495388 -27.414274 0.000012 0.000013 -8.679027 22.539675 -14.611452 -2.094768 -3.163312 -0.799955 14.617973 -36.456783 66.265221 -4.505661 0.000005 0.000000 -27.236341 -1.878557 15.130161 -2.700114 -0.000006 0.000006 -0.986630 -6.715088 0.191862 -3.121519 -0.000000 0.000006 -0.000290 0.001867 0.000111 -3.183331 -2.255512 -0.121331 2.828227 1.264861 -0.683225 -6.179836 0.000000 0.000000 -6.842057 -24.677692 2.698976 -3.389430 -0.000001 -0.000012 1.663155 -13.243736 1.410698 -2.123821 -0.000003 -0.000012 2.055144 -8.499875 0.709035 -2.529789 -0.000000 -0.000001 0.000128 0.000639 0.000137 -3.179951 -0.924413 0.397693 -6.436754 -2.890248 0.058670 -6.054549 -0.000003 -0.000001 -0.696351 -23.366137 2.590077 -4.244578 -0.000001 0.000012 1.880106 -17.144735 0.696243 -2.732867 0.000004 0.000000 1.532987 -8.089809 -1.231115 -2.043405 0.000006 -0.000001 -0.000392 -0.000539 0.000358 -2.933434 0.316848 -0.122046 -10.216578 -6.007268 -16.500385 -5.826602 -0.000005 -0.000000 2.041250 -22.317051 19.544689 -4.028100 -0.000000 0.000000 -0.530948 -19.756735 0.027677 -2.443439 -0.000000 0.000000 1.506008 -18.295029 -6.932866 -1.786791 0.000003 0.000011 -0.002721 -0.002457 -0.001621 -2.949983 1.545734 -0.540328 -13.805253 -16.960733 -14.266932 -5.116444 -0.000002 -0.000000 8.193007 -19.656651 19.708717 -2.915901 -0.000000 0.000012 2.103591 -20.915422 -0.317157 -1.633906 0.000001 -0.000012 1.674338 -13.316392 -11.896058 -1.819588 0.000000 -0.000001 -0.000641 0.001340 0.000125 -8.517063 2.351946 11.888292 163.319000 -7.029468 -8.581500 42.799587 0.000001 0.000002 40.727669 1.005532 -0.599627 45.345985 0.000001 -0.000007 -84.037239 -1.616558 -5.900015 14.268355 0.000005 0.000000 -10.039560 1.437973 -0.202414 6.980276 -0.121840 0.000001 -0.000085 -0.000277 0.000194 -8.535283 2.358025 -11.910014 -20.225401 -10.439173 -9.128974 -42.789711 -0.000003 -0.000003 33.584782 0.118631 -2.134013 -45.345604 0.000000 0.000000 -77.713341 3.316384 -5.002460 -14.268300 -0.000000 -0.000000 -6.648942 1.217938 -1.690665 -6.981181 0.121853 -0.000003 0.004640 -0.000433 0.000121
0.000000 0.000000 0.000000 0.000000 0.000000 0.000000 0.455930 107.722221 -4.975211 81.722015 1.969163 -111.043381 5.266023 0.261829 -0.008408 11.425016 4.662588 -2.516867 7.597601 -0.000001 0.000000 -5.803768 -1.925913 0.856486 8.008073 -0.000000 -0.000000 12.693174 -1.211839 -1.945968 29.519594 -0.802532 0.014094 15.833922 -2.194669 1.420725 8.099053 -0.000000 0.000000 10.588034 -4.319526 -3.243737 6.860398 0.000000 0.000000 -24.755775 1.613617 12.555855 18.447189 0.760179 -0.003674 -0.001395 -0.000222 0.000481 0.200078 3.635073 -0.007852 -0.098951 0.277096 -0.082930 5.721212 9.287379 3.627303 13.083633 0.082830 2.353491 5.744883 9.302453 -3.630085 13.070141 0.079055 -3.459196 25.666941 5.953198 1.744820 -86.130692 -75.352173 103.354446 18.464344 -0.000002 -0.000012 31.882069 -39.079578 -36.402157 29.884953 0.000000 -0.000001 101.723717 3.224156 5.309606 27.413786 0.000000 0.000011 3.060878 31.045282 -6.835855 2.094321 3.161254 0.799310 18.758156 -25.512440 63.961353 4.501803 -0.000008 -0.000000 -20.959591 -0.257383 18.913612 2.698064 0.000006 -0.000006 -1.066250 -3.538918 -6.375858 3.118652 0.000000 -0.000012 -0.000425 0.000414 0.000250 3.181590 2.254555 0.120951 7.513840 6.031257 -1.458151 6.175169 -0.000002 0.000011 -2.464211 -33.501087 -0.433201 3.387755 -0.000001 -0.000000 0.911233 -17.019552 0.580134 2.120990 0.000003 -0.000000 0.094761 -8.367114 1.901548 2.529893 0.000000 0.000000 -0.000428 -0.000193 -0.000050 3.178449 0.924150 -0.397349 -3.504342 2.308596 -2.489856 6.049747 0.000000 -0.000001 3.148654 -29.585920 0.466078 4.242486 -0.000003 0.000000 0.756069 -19.553583 0.120588 2.731824 -0.000001 0.000012 0.121539 -7.420650 -1.056597 2.041451 0.000003 0.000012 -0.000315 -0.000252 -0.000583 2.932182 -0.316448 0.122310 -6.859368 -1.747844 -19.036249 5.821784 -0.000001 -0.000001 0.976348 -23.139795 17.167326 4.026133 0.000000 0.000000 -1.119078 -21.717014 0.124966 2.442604 0.000002 -0.000012 0.410813 -18.866385 -5.022838 1.785016 0.000000 -0.000025 -0.000028 -0.000373 0.000521 2.948916 -1.544389 0.539792 -11.546408 -11.313931 -18.885820 5.112839 -0.000002 0.000011 6.138957 -19.406841 17.691387 2.914518 0.000000 0.000000 -1.316642 -23.575134 0.390957 1.632816 -0.000002 0.000000 -0.074145 -13.126652 -7.321526 1.817514 -0.000003 -0.000001 0.000277 -0.000158 -0.000068 25.633276 5.994579 -1.761724 121.864601 -68.437492 74.989059 -18.544613 0.000003 0.000012 14.638649 -35.028351 -21.209173 -29.903347 0.000000 0.000001 84.300858 -0.098219 3.746989 -27.414274 0.000012 0.000013 -9.929736 25.065681 -15.616744 -2.094768 -3.163312 -0.799955 14.370492 -36.492767 65.910622 -4.505661 0.000005 0.000000 -27.784908 -1.964581 15.101996 -2.700114 -0.000006 0.000006 -1.049108 -6.879949 0.205326 -3.121519 -0.000000 0.000006 -0.000272 0.001809 0.000090 -3.183331 -2.255512 -0.121331 2.229444 1.252188 -0.553211 -6.179836 0.000000 0.000000 -7.084193 -25.256834 2.998632 -3.389430 -0.000001 -0.000012 1.784695 -13.504454 1.445842 -2.123821 -0.000003 -0.000012 2.079537 -8.491933 0.578291 -2.529789 -0.000000 -0.000001 0.000118 0.000642 0.000126 -3.179951 -0.924413 0.397693 -7.035407 -2.890330 0.313062 -6.054549 -0.000003 -0.000001 -0.759961 -24.206539 2.798664 -4.244578 -0.000001 0.000012 2.030811 -17.353125 0.674374 -2.732867 0.000004 0.000000 1.565624 -8.055787 -1.197932 -2.043405 0.000006 -0.000001 -0.000323 -0.000522 0.000340 -2.933434 0.316848 -0.122046 -10.746718 -5.962431 -16.189222 -5.826602 -0.000005 -0.000000 1.872001 -23.299280 19.672064 -4.028100 -0.000000 0.000000 -0.521082 -20.079935 0.063927 -2.443439 -0.000000 0.000000 1.489792 -18.288570 -6.855274 -1.786791 0.000003 0.000011 -0.002564 -0.002347 -0.001575 -2.949983 1.545734 -0.540328 -14.365067 -17.094271 -13.913551 -5.116444 -0.000002 -0.000000 8.319722 -20.449034 19.848083 -2.915901 -0.000000 0.000012 2.227084 -21.404598 -0.391262 -1.633906 0.000001 -0.000012 1.714841 -13.439402 -11.781713 -1.819588 0.000000 -0.000001 -0.000442 0.001483 0.000126 -8.517063 2.351946 11.888292 162.915436 -7.373290 -8.545560 42.799587 0.000001 0.000002 40.976410 1.211827 -0.679145 45.345985 0.000001 -0.000007 -84.360954 -1.336790 -5.769445 14.268355 0.000005 0.000000 -10.054032 1.660563 -0.103711 6.980276 -0.121840 0.000001 -0.000090 -0.000258 0.000175 -8.535283 2.358025 -11.910014 -19.969984 -10.201238 -9.254515 -42.789711 -0.000003 -0.000003 33.792389 0.107708 -2.103771 -45.345604 0.000000 0.000000 -78.192551 2.175906 -4.989373 -14.268300 -0.000000 -0.000000 -6.595381 1.512724 -1.863970 -6.981181 0.121853 -0.000003 0.004495 -0.000392 0.000073
0.000000 0.000000 0.000000 0.000000 0.000000 0.000000 0.551454 107.556107 -6.002384 81.817337 2.943687 -109.093109 5.266023 0.261829 -0.008408 11.485564 4.437947 -2.444133 7.597601 -0.000001 0.000000 -5.673685 -1.784688 0.904906 8.008073 -0.000000 -0.000000 12.528732 -1.364025 -1.910948 29.519594 -0.802532 0.014094 15.612766 -1.713989 1.405307 8.099053 -0.000000 0.000000 9.677157 -3.839567 -2.816678 6.860398 0.000000 0.000000 -25.221184 1.516263 12.042343 18.447189 0.760179 -0.003674 -0.001407 -0.000232 0.000478 0.200078 3.635073 -0.007852 -0.110996 0.192548 -0.091986 5.721212 9.287379 3.627303 13.434958 0.075111 2.234596 5.744883 9.302453 -3.630085 13.422503 0.071466 -3.579488 25.666941 5.953198 1.744820 -86.133240 -74.814270 103.782974 18.464344 -0.000002 -0.000012 32.916897 -41.527081 -37.281567 29.884953 0.000000 -0.000001 103.922691 3.009802 5.976960 27.413786 0.000000 0.000011 3.023071 31.700020 -7.403969 2.094321 3.161254 0.799310 18.827106 -25.259504 63.628845 4.501803 -0.000008 -0.000000 -21.013563 -0.222961 18.884525 2.698064 0.000006 -0.000006 -1.036044 -3.477407 -6.492918 3.118652 0.000000 -0.000012 -0.000420 0.000424 0.000204 3.181590 2.254555 0.120951 7.422925 6.010911 -1.608808 6.175169 -0.000002 0.000011 -2.512243 -33.627293 -0.461147 3.387755 -0.000001 -0.000000 1.253830 -17.216591 0.467898 2.120990 0.000003 -0.000000 0.123836 -8.612800 1.631212 2.529893 0.000000 0.000000 -0.000463 -0.000200 -0.000055 3.178449 0.924150 -0.397349 -3.578819 2.162526 -2.514480 6.049747 0.000000 -0.000001 3.228814 -29.713844 0.296667 4.242486 -0.000003 0.000000 0.915127 -19.743908 -0.000264 2.731824 -0.000001 0.000012 0.146316 -7.727490 -1.302984 2.041451 0.000003 0.000012 -0.000301 -0.000180 -0.000552 2.932182 -0.316448 0.122310 -6.915262 -1.929089 -19.154676 5.821784 -0.000001 -0.000001 0.948666 -23.185379 17.218142 4.026133 0.000000 0.000000 -1.020134 -22.077572 0.048662 2.442604 0.000002 -0.000012 0.459731 -19.211105 -5.186061 1.785016 0.000000 -0.000025 -0.000007 -0.000364 0.000494 2.948916 -1.544389 0.539792 -11.559017 -11.546391 -18.904253 5.112839 -0.000002 0.000011 6.146082 -19.481739 17.619976 2.914518 0.000000 0.000000 -1.211965 -23.940918 0.388245 1.632816 -0.000002 0.000000 -0.008132 -13.509920 -7.490149 1.817514 -0.000003 -0.000001 0.000254 -0.000207 -0.000093 25.633276 5.994579 -1.761724 118.959908 -67.383171 78.502426 -18.544613 0.000003 0.000012 14.331166 -38.108440 -21.221830 -29.903347 0.000000 0.000001 90.404137 -0.432265 3.996146 -27.414274 0.000012 0.000013 -10.289968 28.303253 -15.702450 -2.094768 -3.163312 -0.799955 13.914306 -36.530384 65.769562 -4.505661 0.000005 0.000000 -28.260416 -1.950885 15.046304 -2.700114 -0.000006 0.000006 -1.137225 -6.966372 0.218235 -3.121519 -0.000000 0.000006 -0.000311 0.001781 0.000083 -3.183331 -2.255512 -0.121331 1.774184 1.407914 -0.527485 -6.179836 0.000000 0.000000 -7.294833 -26.039234 3.286896 -3.389430 -0.000001 -0.000012 1.968395 -14.043796 1.461470 -2.123821 -0.000003 -0.000012 2.077542 -8.787510 0.335520 -2.529789 -0.000000 -0.000001 0.000088 0.000623 0.000153 -3.179951 -0.924413 0.397693 -7.421760 -2.732883 0.443921 -6.054549 -0.000003 -0.000001 -0.896577 -25.166119 2.987302 -4.244578 -0.000001 0.000012 2.334630 -17.867990 0.591972 -2.732867 0.000004 0.000000 1.635003 -8.365582 -1.387298 -2.043405 0.000006 -0.000001 -0.000306 -0.000562 0.000341 -2.933434 0.316848 -0.122046 -11.101686 -5.755426 -16.005278 -5.826602 -0.000005 -0.000000 1.667072 -24.310764 19.823112 -4.028100 -0.000000 0.000000 -0.346297 -20.772596 -0.014070 -2.443439 -0.000000 0.000000 1.561973 -18.695534 -7.071353 -1.786791 0.000003 0.000011 -0.002510 -0.002327 -0.001558 -2.949983 1.545734 -0.540328 -14.735734 -17.003223 -13.868467 -5.116444 -0.000002 -0.000000 8.357526 -21.296474 19.968594 -2.915901 -0.000000 0.000012 2.534797 -22.274958 -0.554220 -1.633906 0.000001 -0.000012 1.879834 -13.957247 -12.009480 -1.819588 0.000000 -0.000001 -0.000372 0.001492 0.000071 -8.517063 2.351946 11.888292 162.314423 -7.632664 -8.549302 42.799587 0.000001 0.000002 41.896667 1.516423 -0.922113 45.345985 0.000001 -0.000007 -85.006783 -1.331406 -5.558173 14.268355 0.000005 0.000000 -9.947733 1.892202 -0.128078 6.980276 -0.121840 0.000001 -0.000087 -0.000229 0.000161 -8.535283 2.358025 -11.910014 -19.935434 -10.111094 -9.256028 -42.789711 -0.000003 -0.000003 34.195328 0.140918 -1.937546 -45.345604 0.000000 0.000000 -79.043846 1.962507 -5.049541 -14.268300 -0.000000 -0.000000 -6.596642 1.670619 -1.933303 -6.981181 0.121853 -0.000003 0.004477 -0.000381 0.000039
0.000000 0.000000 0.000000 0.000000 0.000000 0.000000 0.623795 107.370285 -7.066247 82.091553 4.045171 -106.758263 5.266023 0.261829 -0.008408 11.610119 4.149560 -2.300745 7.597601 -0.000001 0.000000 -5.723758 -1.641346 0.960255 8.008073 -0.000000 -0.000000 12.301693 -1.360028 -1.902078 29.519594 -0.802532 0.014094 15.589342 -1.226467 1.363230 8.099053 -0.000000 0.000000 8.909410 -3.334309 -2.451901 6.860398 0.000000 0.000000 -25.703176 1.480893 11.602125 18.447189 0.760179 -0.003674 -0.001480 -0.000233 0.000380 0.200078 3.635073 -0.007852 -0.194581 0.097017 -0.092238 5.721212 9.287379 3.627303 13.746210 0.067082 2.078850 5.744883 9.302453 -3.630085 13.730693 0.063406 -3.735636 25.666941 5.953198 1.744820 -86.751617 -74.126122 104.713623 18.464344 -0.000002 -0.000012 33.918381 -44.109200 -37.454361 29.884953 0.000000 -0.000001 105.199051 2.512521 6.470342 27.413786 0.000000 0.000011 2.466116 33.383060 -8.544487 2.094321 3.161254 0.799310 18.995110 -24.797482 63.342896 4.501803 -0.000008 -0.000000 -21.043396 -0.201226 18.959690 2.698064 0.000006 -0.000006 -0.919520 -3.087343 -6.930323 3.118652 0.000000 -0.000012 -0.000304 0.000578 0.000092 3.181590 2.254555 0.120951 7.172267 6.035761 -1.741595 6.175169 -0.000002 0.000011 -2.387229 -32.999996 -0.335892 3.387755 -0.000001 -0.000000 1.644726 -17.028948 0.359037 2.120990 0.000003 -0.000000 0.170258 -8.481983 1.276551 2.529893 0.000000 0.000000 -0.000541 -0.000318 -0.000046 3.178449 0.924150 -0.397349 -3.713324 2.057411 -2.532972 6.049747 0.000000 -0.000001 3.346562 -29.245861 0.321900 4.242486 -0.000003 0.000000 1.151522 -19.496714 -0.145599 2.731824 -0.000001 0.000012 0.160865 -7.698763 -1.511047 2.041451 0.000003 0.000012 -0.000193 -0.000022 -0.000502 2.932182 -0.316448 0.122310 -6.934604 -2.059625 -19.239424 5.821784 -0.000001 -0.000001 0.965483 -22.990791 17.394611 4.026133 0.000000 0.000000 -0.857048 -21.920555 -0.031815 2.442604 0.000002 -0.000012 0.421079 -19.015053 -5.186338 1.785016 0.000000 -0.000025 0.000131 -0.000323 0.000372 2.948916 -1.544389 0.539792 -11.496854 -11.772176 -18.901985 5.112839 -0.000002 0.000011 6.340154 -19.205429 17.502529 2.914518 0.000000 0.000000 -1.206944 -23.761110 0.385421 1.632816 -0.000002 0.000000 -0.013961 -13.419464 -7.388905 1.817514 -0.000003 -0.000001 0.000215 -0.000343 -0.000225 25.633276 5.994579 -1.761724 115.386650 -66.568062 82.758965 -18.544613 0.000003 0.000012 14.351377 -41.298721 -21.371109 -29.903347 0.000000 0.000001 95.676819 -0.544018 4.545372 -27.414274 0.000012 0.000013 -10.128620 30.191935 -15.866348 -2.094768 -3.163312 -0.799955 14.048476 -36.054123 65.231720 -4.505661 0.000005 0.000000 -28.241777 -1.754273 15.182384 -2.700114 -0.000006 0.000006 -1.041122 -6.607657 0.013817 -3.121519 -0.000000 0.000006 -0.000471 0.001836 0.000125 -3.183331 -2.255512 -0.121331 1.367134 1.331397 -0.621593 -6.179836 0.000000 0.000000 -7.125318 -25.724586 3.293748 -3.389430 -0.000001 -0.000012 2.071159 -13.713649 1.327753 -2.123821 -0.000003 -0.000012 2.115300 -8.561625 -0.054476 -2.529789 -0.000000 -0.000001 0.000002 0.000537 0.000275 -3.179951 -0.924413 0.397693 -7.763098 -2.882771 0.403910 -6.054549 -0.000003 -0.000001 -0.751709 -24.913342 2.911010 -4.244578 -0.000001 0.000012 2.502127 -17.486826 0.458856 -2.732867 0.000004 0.000000 1.632880 -8.136389 -1.281753 -2.043405 0.000006 -0.000001 -0.000340 -0.000809 0.000277 -2.933434 0.316848 -0.122046 -11.312389 -5.889890 -15.898908 -5.826602 -0.000005 -0.000000 1.682643 -24.242924 19.738487 -4.028100 -0.000000 0.000000 -0.169049 -20.477709 -0.115700 -2.443439 -0.000000 0.000000 1.538778 -18.357655 -6.950969 -1.786791 0.000003 0.000011 -0.002728 -0.002363 -0.001568 -2.949983 1.545734 -0.540328 -15.033155 -17.125036 -13.691960 -5.116444 -0.000002 -0.000000 8.678138 -21.273642 19.758982 -2.915901 -0.000000 0.000012 2.637192 -21.942390 -0.637520 -1.633906 0.000001 -0.000012 1.845739 -13.707170 -11.674991 -1.819588 0.000000 -0.000001 -0.000526 0.001330 -0.000134 -8.517063 2.351946 11.888292 162.063812 -8.102440 -8.652962 42.799587 0.000001 0.000002 42.281483 1.875747 -0.843662 45.345985 0.000001 -0.000007 -85.278198 -0.942173 -5.491258 14.268355 0.000005 0.000000 -9.649042 2.154159 0.061864 6.980276 -0.121840 0.000001 -0.000024 -0.000117 0.000110 -8.535283 2.358025 -11.910014 -19.707151 -10.102517 -9.826861 -42.789711 -0.000003 -0.000003 34.412922 0.384204 -1.928774 -45.345604 0.000000 0.000000 -79.813591 1.065742 -5.097557 -14.268300 -0.000000 -0.000000 -6.651683 1.858923 -2.008460 -6.981181 0.121853 -0.000003 0.004703 -0.000392 0.000086
0.000000 0.000000 0.000000 0.000000 0.000000 0.000000 0.657669 107.103325 -8.125459 82.484184 5.200455 -105.112038 5.266023 0.261829 -0.008408 11.650448 3.791423 -2.188088 7.597601 -0.000001 0.000000 -5.722751 -1.397475 0.948368 8.008073 -0.000000 -0.000000 12.176352 -1.230047 -1.903079 29.519594 -0.802532 0.014094 15.109099 -1.035043 1.597515 8.099053 -0.000000 0.000000 7.583674 -3.108018 -2.352086 6.860398 0.000000 0.000000 -25.598915 1.513736 11.343770 18.447189 0.760179 -0.003674 -0.001508 -0.000218 0.000278 0.200078 3.635073 -0.007852 -0.251523 0.010937 -0.093489 5.721212 9.287379 3.627303 13.945057 0.071766 2.083238 5.744883 9.302453 -3.630085 13.935058 0.068106 -3.732153 25.666941 5.953198 1.744820 -87.432831 -73.332672 105.741570 18.464344 -0.000002 -0.000012 35.209789 -47.018902 -38.455376 29.884953 0.000000 -0.000001 106.922310 2.289851 7.388212 27.413786 0.000000 0.000011 0.596313 34.678764 -10.569528 2.094321 3.161254 0.799310 19.008705 -24.286263 63.155563 4.501803 -0.000008 -0.000000 -21.214836 -0.228463 19.049990 2.698064 0.000006 -0.000006 -0.798873 -2.842175 -7.460379 3.118652 0.000000 -0.000012 -0.000176 0.000670 0.000014 3.181590 2.254555 0.120951 6.625982 5.904283 -1.767037 6.175169 -0.000002 0.000011 -2.412370 -32.252678 -0.175040 3.387755 -0.000001 -0.000000 1.792725 -16.851110 0.265511 2.120990 0.000003 -0.000000 0.216238 -8.542497 1.148644 2.529893 0.000000 0.000000 -0.000503 -0.000439 -0.000044 3.178449 0.924150 -0.397349 -4.248837 1.692619 -2.335032 6.049747 0.000000 -0.000001 3.336315 -28.755775 0.366807 4.242486 -0.000003 0.000000 1.305090 -19.150408 -0.289792 2.731824 -0.000001 0.000012 0.188686 -7.758045 -1.494011 2.041451 0.000003 0.000012 -0.000080 0.000092 -0.000426 2.932182 -0.316448 0.122310 -7.377366 -2.520304 -19.293095 5.821784 -0.000001 -0.000001 0.842833 -22.757376 17.570744 4.026133 0.000000 0.000000 -0.862680 -21.715673 -0.038835 2.442604 0.000002 -0.000012 0.362007 -18.886137 -5.108671 1.785016 0.000000 -0.000025 0.000219 -0.000259 0.000264 2.948916 -1.544389 0.539792 -11.836339 -12.422374 -18.705776 5.112839 -0.000002 0.000011 6.387850 -19.026634 17.477957 2.914518 0.000000 0.000000 -1.227723 -23.603975 0.397136 1.632816 -0.000002 0.000000 -0.038330 -13.311921 -7.302163 1.817514 -0.000003 -0.000001 0.000171 -0.000403 -0.000228 25.633276 5.994579 -1.761724 111.646553 -66.269531 87.072144 -18.544613 0.000003 0.000012 14.357750 -43.762352 -21.980539 -29.903347 0.000000 0.000001 100.543198 -0.331880 5.210826 -27.414274 0.000012 0.000013 -10.116899 32.089886 -15.068685 -2.094768 -3.163312 -0.799955 14.132112 -36.094734 65.018799 -4.505661 0.000005 0.000000 -28.249369 -1.404932 15.464120 -2.700114 -0.000006 0.000006 -1.016182 -6.415076 -0.147277 -3.121519 -0.000000 0.000006 -0.000536 0.001818 0.000134 -3.183331 -2.255512 -0.121331 1.225921 1.071876 -0.560268 -6.179836 0.000000 0.000000 -7.151516 -25.319231 3.432835 -3.389430 -0.000001 -0.000012 2.017784 -13.407058 1.332724 -2.123821 -0.000003 -0.000012 2.092802 -8.634865 -0.312749 -2.529789 -0.000000 -0.000001 -0.000035 0.000438 0.000331 -3.179951 -0.924413 0.397693 -7.902583 -3.044638 0.541860 -6.054549 -0.000003 -0.000001 -0.784377 -24.658636 2.964767 -4.244578 -0.000001 0.000012 2.446773 -17.109818 0.493280 -2.732867 0.000004 0.000000 1.573075 -8.129452 -1.084448 -2.043405 0.000006 -0.000001 -0.000329 -0.000978 0.000197 -2.933434 0.316848 -0.122046 -11.453054 -6.048068 -15.859982 -5.826602 -0.000005 -0.000000 1.602105 -23.993940 19.847355 -4.028100 -0.000000 0.000000 -0.214804 -20.218748 -0.066054 -2.443439 -0.000000 0.000000 1.456438 -18.185995 -6.752839 -1.786791 0.000003 0.000011 -0.002777 -0.002316 -0.001525 -2.949983 1.545734 -0.540328 -15.336191 -17.078262 -13.580413 -5.116444 -0.000002 -0.000000 8.740384 -21.185678 19.674475 -2.915901 -0.000000 0.000012 2.495157 -21.732470 -0.601996 -1.633906 0.000001 -0.000012 1.726043 -13.497747 -11.276805 -1.819588 0.000000 -0.000001 -0.000569 0.001322 -0.000233 -8.517063 2.351946 11.888292 161.846359 -8.424950 -8.509399 42.799587 0.000001 0.000002 42.884178 1.906651 -0.945029 45.345985 0.000001 -0.000007 -85.307571 -1.067761 -5.598017 14.268355 0.000005 0.000000 -9.829300 2.192654 0.146958 6.980276 -0.121840 0.000001 0.000004 0.000012 0.000002 -8.535283 2.358025 -11.910014 -19.734951 -9.757344 -9.834692 -42.789711 -0.000003 -0.000003 34.656948 0.629014 -1.723130 -45.345604 0.000000 0.000000 -80.568359 0.172432 -5.039202 -14.268300 -0.000000 -0.000000 -6.427875 1.828267 -1.986031 -6.981181 0.121853 -0.000003 0.004730 -0.000385 0.000094
0.000000 0.000000 0.000000 0.000000 0.000000 0.000000 0.638271 106.773254 -9.129926 83.186806 6.278768 -103.673622 5.266023 0.261829 -0.008408 11.696382 3.392815 -1.975559 7.597601 -0.000001 0.000000 -5.738351 -1.121238 0.849391 8.008073 -0.000000 -0.000000 12.224590 -1.031329 -1.789054 29.519594 -0.802532 0.014094 14.791866 -0.865195 1.682411 8.099053 -0.000000 0.000000 6.463579 -2.674379 -2.126556 6.860398 0.000000 0.000000 -25.826197 1.397824 10.888309 18.447189 0.760179 -0.003674 -0.001557 -0.000191 0.000171 0.200078 3.635073 -0.007852 -0.361241 -0.108252 -0.077882 5.721212 9.287379 3.627303 14.034596 0.058508 2.008160 5.744883 9.302453 -3.630085 14.031385 0.054727 -3.807580 25.666941 5.953198 1.744820 -88.227295 -72.603470 106.839233 18.464344 -0.000002 -0.000012 36.987923 -50.183037 -39.718010 29.884953 0.000000 -0.000001 108.334892 2.138004 8.453884 27.413786 0.000000 0.000011 -0.463065 35.415062 -12.406425 2.094321 3.161254 0.799310 19.910030 -23.746668 62.718334 4.501803 -0.000008 -0.000000 -21.005985 -0.248996 19.546789 2.698064 0.000006 -0.000006 -0.373417 -1.793693 -8.607018 3.118652 0.000000 -0.000012 -0.000054 0.000769 -0.000116 3.181590 2.254555 0.120951 6.110349 5.530683 -1.809331 6.175169 -0.000002 0.000011 -2.394790 -29.209929 0.136066 3.387755 -0.000001 -0.000000 1.451134 -15.774151 0.156780 2.120990 0.000003 -0.000000 0.300330 -7.745186 1.149617 2.529893 0.000000 0.000000 -0.000456 -0.000563 -0.000046 3.178449 0.924150 -0.397349 -4.827749 1.072864 -2.200918 6.049747 0.000000 -0.000001 3.074797 -26.405710 0.574732 4.242486 -0.000003 0.000000 1.062534 -17.799786 -0.360852 2.731824 -0.000001 0.000012 0.150040 -7.068183 -1.006245 2.041451 0.000003 0.000012 0.000034 0.000224 -0.000351 2.932182 -0.316448 0.122310 -7.903496 -3.298441 -19.318321 5.821784 -0.000001 -0.000001 0.742106 -21.263908 17.784540 4.026133 0.000000 0.000000 -0.986747 -20.407698 0.096106 2.442604 0.000002 -0.000012 0.058407 -17.479540 -4.298623 1.785016 0.000000 -0.000025 0.000319 -0.000203 0.000129 2.948916 -1.544389 0.539792 -12.320449 -13.226521 -18.477978 5.112839 -0.000002 0.000011 6.302501 -17.775036 17.461580 2.914518 0.000000 0.000000 -1.455183 -22.087387 0.481681 1.632816 -0.000002 0.000000 -0.248972 -12.007603 -6.481064 1.817514 -0.000003 -0.000001 0.000122 -0.000484 -0.000273 25.633276 5.994579 -1.761724 108.194763 -66.301567 90.916611 -18.544613 0.000003 0.000012 15.512073 -46.637573 -23.442953 -29.903347 0.000000 0.000001 103.975327 0.120908 6.299818 -27.414274 0.000012 0.000013 -9.326457 33.623093 -14.832859 -2.094768 -3.163312 -0.799955 15.827360 -35.400066 64.022514 -4.505661 0.000005 0.000000 -27.453329 -0.775776 16.181524 -2.700114 -0.000006 0.000006 -0.812429 -5.395064 -0.733238 -3.121519 -0.000000 0.000006 -0.000666 0.001825 0.000160 -3.183331 -2.255512 -0.121331 1.365432 0.505507 -0.821736 -6.179836 0.000000 0.000000 -6.858423 -23.233946 3.382098 -3.389430 -0.000001 -0.000012 1.780595 -12.109965 1.214229 -2.123821 -0.000003 -0.000012 2.115413 -7.939581 -1.459003 -2.529789 -0.000000 -0.000001 -0.000123 0.000315 0.000436 -3.179951 -0.924413 0.397693 -7.857330 -3.592845 0.287849 -6.054549 -0.000003 -0.000001 -0.589358 -22.679157 2.808655 -4.244578 -0.000001 0.000012 2.270401 -15.880816 0.394173 -2.732867 0.000004 0.000000 1.479390 -7.601842 -0.509610 -2.043405 0.000006 -0.000001 -0.000351 -0.001172 0.000115 -2.933434 0.316848 -0.122046 -11.442722 -6.659592 -16.088121 -5.826602 -0.000005 -0.000000 1.906320 -22.439428 19.604292 -4.028100 -0.000000 0.000000 -0.299656 -18.882341 -0.082477 -2.443439 -0.000000 0.000000 1.208505 -17.034145 -5.968056 -1.786791 0.000003 0.000011 -0.002853 -0.002321 -0.001510 -2.949983 1.545734 -0.540328 -15.450013 -17.350229 -13.725434 -5.116444 -0.000002 -0.000000 8.981126 -19.926682 19.275208 -2.915901 -0.000000 0.000012 2.168393 -20.189793 -0.535610 -1.633906 0.000001 -0.000012 1.461564 -12.426146 -9.994993 -1.819588 0.000000 -0.000001 -0.000627 0.001244 -0.000377 -8.517063 2.351946 11.888292 161.443314 -8.854565 -8.270324 42.799587 0.000001 0.000002 43.665455 1.767143 -1.022234 45.345985 0.000001 -0.000007 -84.988930 -1.275432 -5.643770 14.268355 0.000005 0.000000 -9.879971 2.280254 0.154359 6.980276 -0.121840 0.000001 0.000077 0.000145 -0.000062 -8.535283 2.358025 -11.910014 -19.630674 -9.208329 -9.973609 -42.789711 -0.000003 -0.000003 34.782112 0.997053 -1.522166 -45.345604 0.000000 0.000000 -81.261803 -0.536410 -4.907009 -14.268300 -0.000000 -0.000000 -6.320378 1.831149 -1.941546 -6.981181 0.121853 -0.000003 0.004827 -0.000382 0.000155
0.000000 0.000000 0.000000 0.000000 0.000000 0.000000 0.552337 106.519951 -10.027676 83.578743 6.922116 -102.081078 5.266023 0.261829 -0.008408 11.872766 3.085243 -1.812556 7.597601 -0.000001 0.000000 -5.846614 -0.898639 0.796352 8.008073 -0.000000 -0.000000 12.066012 -0.916036 -1.739814 29.519594 -0.802532 0.014094 14.642818 -0.732021 1.674472 8.099053 -0.000000 0.000000 5.626760 -2.429822 -1.918863 6.860398 0.000000 0.000000 -25.930504 1.334459 10.264287 18.447189 0.760179 -0.003674 -0.001603 -0.000204 0.000128 0.200078 3.635073 -0.007852 -0.443942 -0.150957 -0.052993 5.721212 9.287379 3.627303 14.220620 0.045321 2.002316 5.744883 9.302453 -3.630085 14.220581 0.041485 -3.813698 25.666941 5.953198 1.744820 -88.989426 -72.047386 107.876541 18.464344 -0.000002 -0.000012 38.537518 -52.567482 -40.484863 29.884953 0.000000 -0.000001 109.027596 1.830708 9.062020 27.413786 0.000000 0.000011 -1.377141 36.462048 -14.724586 2.094321 3.161254 0.799310 20.458517 -23.141243 62.409698 4.501803 -0.000008 -0.000000 -20.861826 -0.166539 19.665073 2.698064 0.000006 -0.000006 -0.103209 -1.245449 -9.201369 3.118652 0.000000 -0.000012 0.000025 0.000823 -0.000202 3.181590 2.254555 0.120951 5.985828 5.596919 -1.879539 6.175169 -0.000002 0.000011 -2.105894 -28.184305 0.178465 3.387755 -0.000001 -0.000000 1.623792 -15.449615 0.036090 2.120990 0.000003 -0.000000 0.373543 -7.481802 1.009417 2.529893 0.000000 0.000000 -0.000483 -0.000631 -0.000074 3.178449 0.924150 -0.397349 -4.919940 0.865397 -2.222374 6.049747 0.000000 -0.000001 3.209799 -25.551897 0.587319 4.242486 -0.000003 0.000000 1.178452 -17.350676 -0.477630 2.731824 -0.000001 0.000012 0.186013 -6.846888 -0.917260 2.041451 0.000003 0.000012 0.000120 0.000307 -0.000290 2.932182 -0.316448 0.122310 -7.885049 -3.668823 -19.438231 5.821784 -0.000001 -0.000001 0.879286 -20.733473 17.872622 4.026133 0.000000 0.000000 -0.935948 -20.018114 0.032233 2.442604 0.000002 -0.000012 -0.030060 -17.040527 -4.057889 1.785016 0.000000 -0.000025 0.000400 -0.000149 0.000075 2.948916 -1.544389 0.539792 -12.143802 -13.782508 -18.679852 5.112839 -0.000002 0.000011 6.375527 -17.111055 17.458189 2.914518 0.000000 0.000000 -1.527462 -21.608257 0.486960 1.632816 -0.000002 0.000000 -0.288987 -11.690164 -6.215624 1.817514 -0.000003 -0.000001 0.000105 -0.000529 -0.000274 25.633276 5.994579 -1.761724 105.981674 -66.333641 93.469902 -18.544613 0.000003 0.000012 16.660912 -49.244839 -24.423840 -29.903347 0.000000 0.000001 106.514206 0.122835 7.001845 -27.414274 0.000012 0.000013 -8.970204 35.044094 -15.541725 -2.094768 -3.163312 -0.799955 16.424101 -34.713413 63.569157 -4.505661 0.000005 0.000000 -27.054047 -0.566583 16.400749 -2.700114 -0.000006 0.000006 -0.653196 -4.884916 -1.011179 -3.121519 -0.000000 0.000006 -0.000781 0.001877 0.000203 -3.183331 -2.255512 -0.121331 1.403163 0.385396 -0.946989 -6.179836 0.000000 0.000000 -6.666504 -22.139566 3.331110 -3.389430 -0.000001 -0.000012 1.865775 -11.699207 1.062677 -2.123821 -0.000003 -0.000012 2.167709 -7.776393 -2.051807 -2.529789 -0.000000 -0.000001 -0.000131 0.000245 0.000526 -3.179951 -0.924413 0.397693 -7.819633 -3.757063 0.098895 -6.054549 -0.000003 -0.000001 -0.414451 -21.730022 2.704067 -4.244578 -0.000001 0.000012 2.357839 -15.440058 0.257587 -2.732867 0.000004 0.000000 1.478829 -7.505859 -0.443163 -2.043405 0.000006 -0.000001 -0.000387 -0.001327 0.000083 -2.933434 0.316848 -0.122046 -11.324633 -6.910421 -16.288597 -5.826602 -0.000005 -0.000000 2.056309 -21.601696 19.434891 -4.028100 -0.000000 0.000000 -0.194180 -18.460663 -0.188813 -2.443439 -0.000000 0.000000 1.197082 -16.744045 -5.803948 -1.786791 0.000003 0.000011 -0.003026 -0.002387 -0.001540 -2.949983 1.545734 -0.540328 -15.238813 -17.585850 -13.968365 -5.116444 -0.000002 -0.000000 9.114052 -19.049875 19.041000 -2.915901 -0.000000 0.000012 2.112946 -19.715595 -0.578000 -1.633906 0.000001 -0.000012 1.442307 -12.203196 -9.626144 -1.819588 0.000000 -0.000001 -0.000770 0.001089 -0.000501 -8.517063 2.351946 11.888292 161.033066 -9.171726 -8.268040 42.799587 0.000001 0.000002 44.542484 1.779035 -1.017057 45.345985 0.000001 -0.000007 -84.629074 -1.467112 -5.702409 14.268355 0.000005 0.000000 -9.782795 2.383913 0.199896 6.980276 -0.121840 0.000001 0.000130 0.000230 -0.000118 -8.535283 2.358025 -11.910014 -19.569681 -9.045485 -10.085638 -42.789711 -0.000003 -0.000003 35.409916 1.074480 -1.574368 -45.345604 0.000000 0.000000 -81.772141 -1.523419 -4.836658 -14.268300 -0.000000 -0.000000 -6.264940 1.886912 -1.785231 -6.981181 0.121853 -0.000003 0.005000 -0.000385 0.000208
0.000000 0.000000 0.000000 0.000000 0.000000 0.000000 0.389452 106.076942 -10.773500 84.283508 8.025740 -100.524567 5.266023 0.261829 -0.008408 12.264792 2.551698 -1.562804 7.597601 -0.000001 0.000000 -6.260435 -0.621184 0.641518 8.008073 -0.000000 -0.000000 12.152486 -0.431315 -1.627934 29.519594 -0.802532 0.014094 14.324385 -0.657557 1.761951 8.099053 -0.000000 0.000000 4.457348 -2.030225 -1.789521 6.860398 0.000000 0.000000 -25.806368 1.195409 9.523436 18.447189 0.760179 -0.003674 -0.001647 -0.000211 0.000095 0.200078 3.635073 -0.007852 -0.556124 -0.159263 -0.004531 5.721212 9.287379 3.627303 14.174332 0.030857 2.004290 5.744883 9.302453 -3.630085 14.181423 0.027091 -3.812020 25.666941 5.953198 1.744820 -89.875877 -71.405083 108.997131 18.464344 -0.000002 -0.000012 40.804169 -55.846127 -41.865597 29.884953 0.000000 -0.000001 110.097107 1.428460 9.974990 27.413786 0.000000 0.000011 -2.662100 38.941154 -17.380756 2.094321 3.161254 0.799310 21.202293 -22.892302 61.970402 4.501803 -0.000008 -0.000000 -20.733858 -0.068145 19.998055 2.698064 0.000006 -0.000006 0.276840 -0.122493 -10.258637 3.118652 0.000000 -0.000012 0.000119 0.000869 -0.000322 3.181590 2.254555 0.120951 5.512856 5.460660 -1.971847 6.175169 -0.000002 0.000011 -1.769403 -25.782625 0.299480 3.387755 -0.000001 -0.000000 1.720234 -14.684475 -0.091992 2.120990 0.000003 -0.000000 0.471952 -6.804512 0.724491 2.529893 0.000000 0.000000 -0.000465 -0.000722 -0.000112 3.178449 0.924150 -0.397349 -5.330064 0.527292 -2.180777 6.049747 0.000000 -0.000001 3.245084 -23.808886 0.693704 4.242486 -0.000003 0.000000 1.314156 -16.332661 -0.648301 2.731824 -0.000001 0.000012 0.215159 -6.218789 -0.745503 2.041451 0.000003 0.000012 0.000218 0.000418 -0.000223 2.932182 -0.316448 0.122310 -8.191172 -4.177903 -19.609871 5.821784 -0.000001 -0.000001 0.913172 -19.830704 18.065496 4.026133 0.000000 0.000000 -0.870341 -19.115465 -0.019792 2.442604 0.000002 -0.000012 -0.212958 -15.960607 -3.584795 1.785016 0.000000 -0.000025 0.000492 -0.000104 0.000016 2.948916 -1.544389 0.539792 -12.346897 -14.434484 -18.813076 5.112839 -0.000002 0.000011 6.390142 -16.383816 17.326670 2.914518 0.000000 0.000000 -1.694702 -20.582787 0.478424 1.632816 -0.000002 0.000000 -0.366088 -10.818207 -5.567671 1.817514 -0.000003 -0.000001 0.000085 -0.000576 -0.000269 25.633276 5.994579 -1.761724 101.623810 -66.581406 98.145752 -18.544613 0.000003 0.000012 18.144186 -52.164062 -26.028685 -29.903347 0.000000 0.000001 109.486397 0.260100 8.004534 -27.414274 0.000012 0.000013 -7.981057 37.154060 -15.491098 -2.094768 -3.163312 -0.799955 17.499386 -34.273476 63.082169 -4.505661 0.000005 0.000000 -26.261938 0.156116 17.016047 -2.700114 -0.000006 0.000006 -0.454321 -3.519253 -1.639112 -3.121519 -0.000000 0.000006 -0.000899 0.001918 0.000241 -3.183331 -2.255512 -0.121331 1.677988 -0.011823 -1.146760 -6.179836 0.000000 0.000000 -6.319983 -19.552029 3.301747 -3.389430 -0.000001 -0.000012 1.635678 -10.012465 0.986076 -2.123821 -0.000003 -0.000012 2.098310 -6.969995 -2.791932 -2.529789 -0.000000 -0.000001 -0.000136 0.000181 0.000603 -3.179951 -0.924413 0.397693 -7.632886 -4.042032 -0.231333 -6.054549 -0.000003 -0.000001 -0.157765 -19.318584 2.540587 -4.244578 -0.000001 0.000012 2.052151 -13.575780 0.192629 -2.732867 0.000004 0.000000 1.271595 -6.562575 0.179577 -2.043405 0.000006 -0.000001 -0.000412 -0.001444 0.000044 -2.933434 0.316848 -0.122046 -11.132030 -7.284431 -16.680025 -5.826602 -0.000005 -0.000000 2.577772 -19.428041 19.055267 -4.028100 -0.000000 0.000000 -0.418736 -16.543184 -0.168514 -2.443439 -0.000000 0.000000 0.914642 -15.330522 -4.955659 -1.786791 0.000003 0.000011 -0.003200 -0.002456 -0.001569 -2.949983 1.545734 -0.540328 -14.993414 -17.654205 -14.343548 -5.116444 -0.000002 -0.000000 9.357577 -17.095327 18.622208 -2.915901 -0.000000 0.000012 1.504819 -17.672354 -0.459271 -1.633906 0.000001 -0.000012 1.073349 -10.759604 -8.114665 -1.819588 0.000000 -0.000001 -0.000917 0.000927 -0.000629 -8.517063 2.351946 11.888292 160.725845 -9.655504 -8.315583 42.799587 0.000001 0.000002 44.707760 1.728531 -1.175380 45.345985 0.000001 -0.000007 -84.336868 -1.815089 -6.103384 14.268355 0.000005 0.000000 -9.882193 2.431392 0.332359 6.980276 -0.121840 0.000001 0.000217 0.000350 -0.000219 -8.535283 2.358025 -11.910014 -19.877312 -8.685317 -10.297951 -42.789711 -0.000003 -0.000003 35.895657 1.545721 -1.460707 -45.345604 0.000000 0.000000 -82.418617 -2.537876 -4.738543 -14.268300 -0.000000 -0.000000 -6.261986 1.975643 -1.558265 -6.981181 0.121853 -0.000003 0.005146 -0.000398 0.000230
0.000000 0.000000 0.000000 0.000000 0.000000 0.000000 0.143518 105.578629 -11.336310 85.005974 8.692623 -98.392166 5.266023 0.261829 -0.008408 12.608689 2.178433 -1.350719 7.597601 -0.000001 0.000000 -6.532829 -0.487798 0.515296 8.008073 -0.000000 -0.000000 12.363957 -0.050470 -1.432859 29.519594 -0.802532 0.014094 14.048301 -0.540248 1.825203 8.099053 -0.000000 0.000000 3.287172 -1.731653 -1.678920 6.860398 0.000000 0.000000 -25.722933 1.228267 8.939302 18.447189 0.760179 -0.003674 -0.001605 -0.000254 0.000072 0.200078 3.635073 -0.007852 -0.638807 -0.159377 0.038330 5.721212 9.287379 3.627303 14.290381 0.005561 2.000212 5.744883 9.302453 -3.630085 14.304437 0.002125 -3.818053 25.666941 5.953198 1.744820 -91.535805 -70.771667 110.452118 18.464344 -0.000002 -0.000012 43.205540 -58.493607 -43.553093 29.884953 0.000000 -0.000001 110.946869 1.163422 10.802521 27.413786 0.000000 0.000011 -5.195095 39.883411 -21.468945 2.094321 3.161254 0.799310 21.559839 -21.924978 61.524441 4.501803 -0.000008 -0.000000 -20.666584 -0.058367 20.039938 2.698064 0.000006 -0.000006 0.608062 0.289166 -10.873813 3.118652 0.000000 -0.000012 0.000208 0.000902 -0.000402 3.181590 2.254555 0.120951 5.002717 5.598317 -2.126080 6.175169 -0.000002 0.000011 -1.667173 -25.189262 0.303393 3.387755 -0.000001 -0.000000 1.917531 -14.619433 -0.206922 2.120990 0.000003 -0.000000 0.553465 -6.570173 0.621516 2.529893 0.000000 0.000000 -0.000483 -0.000796 -0.000156 3.178449 0.924150 -0.397349 -5.769671 0.235733 -2.100852 6.049747 0.000000 -0.000001 3.193854 -23.371313 0.666847 4.242486 -0.000003 0.000000 1.538915 -16.111753 -0.848381 2.731824 -0.000001 0.000012 0.252322 -6.032359 -0.651765 2.041451 0.000003 0.000012 0.000336 0.000496 -0.000151 2.932182 -0.316448 0.122310 -8.471372 -4.750659 -19.675842 5.821784 -0.000001 -0.000001 0.792164 -19.624905 18.055681 4.026133 0.000000 0.000000 -0.782374 -18.979649 -0.185218 2.442604 0.000002 -0.000012 -0.292454 -15.514664 -3.341953 1.785016 0.000000 -0.000025 0.000606 -0.000045 0.000008 2.948916 -1.544389 0.539792 -12.507383 -15.349051 -18.873312 5.112839 -0.000002 0.000011 6.492544 -16.132195 17.161404 2.914518 0.000000 0.000000 -1.721789 -20.332872 0.439183 1.632816 -0.000002 0.000000 -0.409222 -10.459790 -5.342734 1.817514 -0.000003 -0.000001 0.000109 -0.000580 -0.000219 25.633276 5.994579 -1.761724 96.639923 -66.655617 103.208862 -18.544613 0.000003 0.000012 20.445860 -55.188496 -28.302797 -29.903347 0.000000 0.000001 111.837143 0.500552 9.377702 -27.414274 0.000012 0.000013 -8.009479 39.727058 -18.028236 -2.094768 -3.163312 -0.799955 18.267357 -33.441902 62.517662 -4.505661 0.000005 0.000000 -25.870155 0.440592 17.259190 -2.700114 -0.000006 0.000006 -0.328206 -3.203341 -1.896374 -3.121519 -0.000000 0.000006 -0.000956 0.001824 0.000222 -3.183331 -2.255512 -0.121331 1.826860 -0.040272 -1.458297 -6.179836 0.000000 0.000000 -6.046472 -18.963537 3.419390 -3.389430 -0.000001 -0.000012 1.767204 -9.948846 0.833284 -2.123821 -0.000003 -0.000012 2.124117 -6.899316 -3.401448 -2.529789 -0.000000 -0.000001 -0.000072 0.000219 0.000639 -3.179951 -0.924413 0.397693 -7.480654 -4.145207 -0.516283 -6.054549 -0.000003 -0.000001 0.199674 -18.843084 2.527327 -4.244578 -0.000001 0.000012 2.232957 -13.474560 -0.004748 -2.732867 0.000004 0.000000 1.281554 -6.594054 0.191027 -2.043405 0.000006 -0.000001 -0.000307 -0.001440 0.000006 -2.933434 0.316848 -0.122046 -10.793783 -7.540099 -16.997885 -5.826602 -0.000005 -0.000000 2.748195 -18.995211 18.906977 -4.028100 -0.000000 0.000000 -0.380550 -16.468384 -0.297156 -2.443439 -0.000000 0.000000 0.869156 -15.143000 -4.777226 -1.786791 0.000003 0.000011 -0.002842 -0.002380 -0.001563 -2.949983 1.545734 -0.540328 -14.417974 -17.919037 -14.742945 -5.116444 -0.000002 -0.000000 9.520266 -16.601027 18.345844 -2.915901 -0.000000 0.000012 1.319635 -17.483578 -0.433815 -1.633906 0.000001 -0.000012 1.018063 -10.631227 -7.729238 -1.819588 0.000000 -0.000001 -0.000539 0.001176 -0.000640 -8.517063 2.351946 11.888292 160.179230 -10.226768 -8.265760 42.799587 0.000001 0.000002 45.586967 1.694940 -1.036071 45.345985 0.000001 -0.000007 -84.524300 -1.860340 -6.066772 14.268355 0.000005 0.000000 -10.185161 2.509990 0.297171 6.980276 -0.121840 0.000001 0.000277 0.000435 -0.000333 -8.535283 2.358025 -11.910014 -20.301245 -8.547221 -10.628819 -42.789711 -0.000003 -0.000003 37.323132 1.836305 -1.354029 -45.345604 0.000000 0.000000 -83.114670 -3.027507 -4.624549 -14.268300 -0.000000 -0.000000 -6.229049 2.091054 -1.458833 -6.981181 0.121853 -0.000003 0.004790 -0.000403 0.000253
0.000000 0.000000 0.000000 0.000000 0.000000 0.000000 -0.185713 105.136345 -11.702893 85.875793 9.041070 -96.715652 5.266023 0.261829 -0.008408 12.884162 1.633819 -1.136337 7.597601 -0.000001 0.000000 -7.006258 -0.248084 0.318663 8.008073 -0.000000 -0.000000 12.888483 0.405634 -1.244522 29.519594 -0.802532 0.014094 13.685280 -0.253708 1.959114 8.099053 -0.000000 0.000000 2.138446 -1.493601 -1.584029 6.860398 0.000000 0.000000 -25.379992 1.238781 8.517735 18.447189 0.760179 -0.003674 -0.001581 -0.000324 0.000053 0.200078 3.635073 -0.007852 -0.705887 -0.201178 0.056316 5.721212 9.287379 3.627303 14.474733 -0.014474 1.954745 5.744883 9.302453 -3.630085 14.493422 -0.017655 -3.864623 25.666941 5.953198 1.744820 -92.325951 -70.487938 110.944618 18.464344 -0.000002 -0.000012 44.889000 -60.790852 -44.031189 29.884953 0.000000 -0.000001 111.666634 0.498287 11.067359 27.413786 0.000000 0.000011 -7.288834 41.626236 -25.538754 2.094321 3.161254 0.799310 22.101091 -21.323975 61.185577 4.501803 -0.000008 -0.000000 -20.395012 -0.102454 20.094877 2.698064 0.000006 -0.000006 0.966334 0.925321 -11.507811 3.118652 0.000000 -0.000012 0.000307 0.000985 -0.000502 3.181590 2.254555 0.120951 4.637650 5.551647 -2.307240 6.175169 -0.000002 0.000011 -1.179725 -24.225510 0.170090 3.387755 -0.000001 -0.000000 2.163263 -14.492954 -0.329485 2.120990 0.000003 -0.000000 0.663373 -6.141283 0.422721 2.529893 0.000000 0.000000 -0.000531 -0.000886 -0.000204 3.178449 0.924150 -0.397349 -5.989367 -0.204506 -2.190824 6.049747 0.000000 -0.000001 3.380492 -22.665499 0.597820 4.242486 -0.000003 0.000000 1.854389 -15.796706 -0.982540 2.731824 -0.000001 0.000012 0.321349 -5.615064 -0.633281 2.041451 0.000003 0.000012 0.000464 0.000571 -0.000129 2.932182 -0.316448 0.122310 -8.517031 -5.405711 -19.890369 5.821784 -0.000001 -0.000001 0.907078 -19.463369 17.975868 4.026133 0.000000 0.000000 -0.611833 -18.661762 -0.352295 2.442604 0.000002 -0.000012 -0.341092 -14.833331 -3.134519 1.785016 0.000000 -0.000025 0.000760 -0.000028 0.000029 2.948916 -1.544389 0.539792 -12.282022 -16.251760 -19.176527 5.112839 -0.000002 0.000011 6.538712 -16.035439 16.955673 2.914518 0.000000 0.000000 -1.668909 -19.872644 0.347589 1.632816 -0.000002 0.000000 -0.439978 -9.901124 -5.131032 1.817514 -0.000003 -0.000001 0.000171 -0.000583 -0.000199 25.633276 5.994579 -1.761724 90.497871 -66.947311 109.236099 -18.544613 0.000003 0.000012 23.241041 -57.761620 -30.470615 -29.903347 0.000000 0.000001 113.550293 0.696211 10.608429 -27.414274 0.000012 0.000013 -8.279881 42.149452 -21.634857 -2.094768 -3.163312 -0.799955 19.373886 -32.642406 61.919014 -4.505661 0.000005 0.000000 -25.159916 0.735071 17.538176 -2.700114 -0.000006 0.000006 -0.174746 -2.543096 -2.280806 -3.121519 -0.000000 0.000006 -0.001061 0.001775 0.000220 -3.183331 -2.255512 -0.121331 2.072404 -0.241264 -1.780378 -6.179836 0.000000 0.000000 -5.452928 -17.588375 3.399984 -3.389430 -0.000001 -0.000012 1.660318 -9.051648 0.797976 -2.123821 -0.000003 -0.000012 2.070474 -6.286083 -3.826222 -2.529789 -0.000000 -0.000001 0.000016 0.000283 0.000702 -3.179951 -0.924413 0.397693 -7.249389 -4.453283 -0.827808 -6.054549 -0.000003 -0.000001 0.750118 -17.488049 2.421454 -4.244578 -0.000001 0.000012 2.168993 -12.455112 -0.121307 -2.732867 0.000004 0.000000 1.198997 -5.960934 0.463194 -2.043405 0.000006 -0.000001 -0.000244 -0.001443 -0.000033 -2.933434 0.316848 -0.122046 -10.330306 -8.035840 -17.380451 -5.826602 -0.000005 -0.000000 3.126569 -17.645206 18.662117 -4.028100 -0.000000 0.000000 -0.448944 -15.459497 -0.388474 -2.443439 -0.000000 0.000000 0.745476 -14.251818 -4.321833 -1.786791 0.000003 0.000011 -0.002705 -0.002382 -0.001603 -2.949983 1.545734 -0.540328 -13.722781 -18.410372 -15.293941 -5.116444 -0.000002 -0.000000 9.799339 -15.376157 18.032949 -2.915901 -0.000000 0.000012 0.862626 -16.444107 -0.363123 -1.633906 0.000001 -0.000012 0.798338 -9.748697 -6.908062 -1.819588 0.000000 -0.000001 -0.000370 0.001264 -0.000687 -8.517063 2.351946 11.888292 159.664825 -10.632643 -8.005960 42.799587 0.000001 0.000002 46.339989 1.441549 -0.987390 45.345985 0.000001 -0.000007 -84.433418 -2.142170 -6.313645 14.268355 0.000005 0.000000 -10.491055 2.527187 0.324555 6.980276 -0.121840 0.000001 0.000363 0.000488 -0.000410 -8.535283 2.358025 -11.910014 -20.572968 -8.100043 -10.428048 -42.789711 -0.000003 -0.000003 38.520493 2.113623 -1.213005 -45.345604 0.000000 0.000000 -83.525612 -3.241106 -4.323207 -14.268300 -0.000000 -0.000000 -6.192969 2.083281 -1.414274 -6.981181 0.121853 -0.000003 0.004596 -0.000479 0.000345
0.000000 0.000000 0.000000 0.000000 0.000000 0.000000 -0.591394 104.687393 -11.876997 86.778114 9.113306 -95.503014 5.266023 0.261829 -0.008408 13.059422 1.044775 -0.937628 7.597601 -0.000001 0.000000 -7.549194 -0.005819 0.172686 8.008073 -0.000000 -0.000000 13.456220 0.775733 -1.021832 29.519594 -0.802532 0.014094 13.360346 0.102840 2.118857 8.099053 -0.000000 0.000000 1.369112 -1.292033 -1.675301 6.860398 0.000000 0.000000 -24.948685 1.171571 8.011535 18.447189 0.760179 -0.003674 -0.001489 -0.000388 0.000066 0.200078 3.635073 -0.007852 -0.743638 -0.190443 0.077253 5.721212 9.287379 3.627303 14.687262 -0.025301 1.968979 5.744883 9.302453 -3.630085 14.713823 -0.028144 -3.851971 25.666941 5.953198 1.744820 -92.609344 -70.645699 110.923553 18.464344 -0.000002 -0.000012 46.933949 -62.762245 -44.688805 29.884953 0.000000 -0.000001 112.091454 -0.061577 11.308437 27.413786 0.000000 0.000011 -10.064107 42.402817 -30.284058 2.094321 3.161254 0.799310 22.503510 -20.684055 61.030487 4.501803 -0.000008 -0.000000 -20.132505 -0.146583 20.080416 2.698064 0.000006 -0.000006 1.351545 1.591948 -12.135182 3.118652 0.000000 -0.000012 0.000369 0.001011 -0.000545 3.181590 2.254555 0.120951 4.070856 5.560800 -2.508150 6.175169 -0.000002 0.000011 -0.586350 -23.334898 0.002315 3.387755 -0.000001 -0.000000 2.415812 -14.288239 -0.423100 2.120990 0.000003 -0.000000 0.787185 -5.698301 0.400713 2.529893 0.000000 0.000000 -0.000559 -0.000932 -0.000263 3.178449 0.924150 -0.397349 -6.307552 -0.584425 -2.283624 6.049747 0.000000 -0.000001 3.446308 -22.077015 0.620038 4.242486 -0.000003 0.000000 2.174318 -15.376147 -1.126682 2.731824 -0.000001 0.000012 0.405074 -5.127203 -0.466074 2.041451 0.000003 0.000012 0.000544 0.000591 -0.000108 2.932182 -0.316448 0.122310 -8.693326 -6.049477 -19.976595 5.821784 -0.000001 -0.000001 1.036661 -19.371290 17.885986 4.026133 0.000000 0.000000 -0.434826 -18.186182 -0.581116 2.442604 0.000002 -0.000012 -0.345331 -14.161245 -2.893735 1.785016 0.000000 -0.000025 0.000830 -0.000003 0.000080 2.948916 -1.544389 0.539792 -12.150395 -17.211107 -19.372459 5.112839 -0.000002 0.000011 6.469523 -15.974227 16.772392 2.914518 0.000000 0.000000 -1.537591 -19.279631 0.214383 1.632816 -0.000002 0.000000 -0.452976 -9.334391 -4.954880 1.817514 -0.000003 -0.000001 0.000248 -0.000549 -0.000110 25.633276 5.994579 -1.761724 84.523552 -67.659218 114.904648 -18.544613 0.000003 0.000012 27.205856 -60.222973 -33.071476 -29.903347 0.000000 0.000001 113.769844 1.082957 12.103723 -27.414274 0.000012 0.000013 -9.824547 44.388912 -25.138720 -2.094768 -3.163312 -0.799955 20.121803 -32.073658 61.668453 -4.505661 0.000005 0.000000 -24.500637 1.027052 17.689041 -2.700114 -0.000006 0.000006 -0.110450 -1.866830 -2.621970 -3.121519 -0.000000 0.000006 -0.001047 0.001642 0.000162 -3.183331 -2.255512 -0.121331 2.153706 -0.326465 -2.021110 -6.179836 0.000000 0.000000 -4.802402 -16.409826 3.385480 -3.389430 -0.000001 -0.000012 1.669207 -8.171298 0.741319 -2.123821 -0.000003 -0.000012 2.000688 -5.646493 -4.147750 -2.529789 -0.000000 -0.000001 0.000119 0.000395 0.000677 -3.179951 -0.924413 0.397693 -7.137254 -4.654838 -0.995597 -6.054549 -0.000003 -0.000001 1.313099 -16.232113 2.348787 -4.244578 -0.000001 0.000012 2.202324 -11.443638 -0.261774 -2.732867 0.000004 0.000000 1.106870 -5.317729 0.677895 -2.043405 0.000006 -0.000001 -0.000120 -0.001320 -0.000064 -2.933434 0.316848 -0.122046 -9.963305 -8.390897 -17.691523 -5.826602 -0.000005 -0.000000 3.482424 -16.409821 18.420849 -4.028100 -0.000000 0.000000 -0.475911 -14.492396 -0.470657 -2.443439 -0.000000 0.000000 0.625195 -13.475201 -3.955338 -1.786791 0.000003 0.000011 -0.002259 -0.002271 -0.001579 -2.949983 1.545734 -0.540328 -13.071539 -18.874281 -15.938429 -5.116444 -0.000002 -0.000000 10.028307 -13.998823 17.821220 -2.915901 -0.000000 0.000012 0.483191 -15.554660 -0.288679 -1.633906 0.000001 -0.000012 0.601532 -9.045463 -6.258371 -1.819588 0.000000 -0.000001 0.000076 0.001575 -0.000616 -8.517063 2.351946 11.888292 159.365433 -10.775864 -7.821088 42.799587 0.000001 0.000002 46.829247 0.918877 -1.065416 45.345985 0.000001 -0.000007 -85.190216 -2.377127 -6.706201 14.268355 0.000005 0.000000 -10.870357 2.552619 0.357501 6.980276 -0.121840 0.000001 0.000386 0.000508 -0.000484 -8.535283 2.358025 -11.910014 -20.877062 -7.691209 -10.197532 -42.789711 -0.000003 -0.000003 39.844982 2.437645 -1.164712 -45.345604 0.000000 0.000000 -83.978470 -2.963835 -4.015273 -14.268300 -0.000000 -0.000000 -6.062722 1.917491 -1.301254 -6.981181 0.121853 -0.000003 0.004139 -0.000530 0.000400
0.000000 0.000000 0.000000 0.000000 0.000000 0.000000 -1.058931 104.253578 -11.874456 87.533882 9.293981 -94.397743 5.266023 0.261829 -0.008408 13.257888 0.556741 -0.712229 7.597601 -0.000001 0.000000 -8.049836 0.164063 -0.032820 8.008073 -0.000000 -0.000000 13.812155 1.079137 -0.921720 29.519594 -0.802532 0.014094 13.143635 0.523361 2.262083 8.099053 -0.000000 0.000000 0.893475 -1.222956 -1.757141 6.860398 0.000000 0.000000 -24.516459 1.050083 7.605692 18.447189 0.760179 -0.003674 -0.001400 -0.000409 0.000107 0.200078 3.635073 -0.007852 -0.750446 -0.194009 0.086549 5.721212 9.287379 3.627303 14.721927 -0.031853 1.958540 5.744883 9.302453 -3.630085 14.751996 -0.034399 -3.864401 25.666941 5.953198 1.744820 -92.723228 -71.076256 110.728783 18.464344 -0.000002 -0.000012 46.892643 -63.364395 -43.140827 29.884953 0.000000 -0.000001 112.037331 -1.005314 10.607348 27.413786 0.000000 0.000011 -11.809999 43.072792 -33.018456 2.094321 3.161254 0.799310 22.618437 -20.565489 61.216110 4.501803 -0.000008 -0.000000 -20.027020 -0.240955 19.944233 2.698064 0.000006 -0.000006 1.498388 1.814077 -12.334852 3.118652 0.000000 -0.000012 0.000416 0.001050 -0.000532 3.181590 2.254555 0.120951 3.873763 5.640117 -2.451339 6.175169 -0.000002 0.000011 -0.178644 -23.229738 -0.066797 3.387755 -0.000001 -0.000000 2.623447 -14.302740 -0.338484 2.120990 0.000003 -0.000000 0.866416 -5.565484 0.386993 2.529893 0.000000 0.000000 -0.000630 -0.000996 -0.000363 3.178449 0.924150 -0.397349 -6.326384 -0.716180 -2.329487 6.049747 0.000000 -0.000001 3.545097 -21.982292 0.726349 4.242486 -0.000003 0.000000 2.384369 -15.358557 -1.092426 2.731824 -0.000001 0.000012 0.497427 -4.943972 -0.479263 2.041451 0.000003 0.000012 0.000588 0.000627 -0.000103 2.932182 -0.316448 0.122310 -8.620998 -6.224202 -19.939814 5.821784 -0.000001 -0.000001 1.092610 -19.617376 17.824654 4.026133 0.000000 0.000000 -0.322561 -18.107870 -0.670786 2.442604 0.000002 -0.000012 -0.279324 -14.065644 -2.977987 1.785016 0.000000 -0.000025 0.000890 0.000005 0.000108 2.948916 -1.544389 0.539792 -11.831076 -17.619179 -19.588625 5.112839 -0.000002 0.000011 6.377133 -16.123989 16.722717 2.914518 0.000000 0.000000 -1.400593 -19.232811 0.142684 1.632816 -0.000002 0.000000 -0.433134 -9.303267 -5.126343 1.817514 -0.000003 -0.000001 0.000295 -0.000572 -0.000085 25.633276 5.994579 -1.761724 79.634949 -68.452423 119.414200 -18.544613 0.000003 0.000012 30.749336 -61.644390 -34.768803 -29.903347 0.000000 0.000001 112.753716 1.382153 13.201783 -27.414274 0.000012 0.000013 -11.583841 44.789894 -27.925867 -2.094768 -3.163312 -0.799955 20.436089 -31.562010 61.618736 -4.505661 0.000005 0.000000 -23.986347 1.126348 17.622393 -2.700114 -0.000006 0.000006 -0.063574 -1.469696 -2.807670 -3.121519 -0.000000 0.000006 -0.001040 0.001537 0.000114 -3.183331 -2.255512 -0.121331 2.265313 -0.263149 -2.044289 -6.179836 0.000000 0.000000 -4.180452 -15.126157 3.168785 -3.389430 -0.000001 -0.000012 1.495453 -7.144892 0.719204 -2.123821 -0.000003 -0.000012 1.952967 -5.108957 -3.847504 -2.529789 -0.000000 -0.000001 0.000174 0.000479 0.000666 -3.179951 -0.924413 0.397693 -7.038890 -4.765647 -1.065583 -6.054549 -0.000003 -0.000001 1.774097 -14.796162 2.172980 -4.244578 -0.000001 0.000012 2.044988 -10.296158 -0.329241 -2.732867 0.000004 0.000000 1.029580 -4.660043 0.853074 -2.043405 0.000006 -0.000001 -0.000032 -0.001261 -0.000089 -2.933434 0.316848 -0.122046 -9.624526 -8.671999 -17.932699 -5.826602 -0.000005 -0.000000 3.838736 -14.824295 18.147261 -4.028100 -0.000000 0.000000 -0.575012 -13.335083 -0.506563 -2.443439 -0.000000 0.000000 0.541293 -12.849184 -3.753206 -1.786791 0.000003 0.000011 -0.001874 -0.002191 -0.001566 -2.949983 1.545734 -0.540328 -12.458297 -19.319801 -16.588453 -5.116444 -0.000002 -0.000000 10.139805 -12.342865 17.755960 -2.915901 -0.000000 0.000012 0.049570 -14.667743 -0.225445 -1.633906 0.000001 -0.000012 0.421398 -8.343287 -5.939852 -1.819588 0.000000 -0.000001 0.000489 0.001837 -0.000591 -8.517063 2.351946 11.888292 159.302032 -10.724994 -7.692570 42.799587 0.000001 0.000002 46.553478 0.472187 -1.235323 45.345985 0.000001 -0.000007 -85.789879 -3.469131 -7.211400 14.268355 0.000005 0.000000 -10.919660 2.471270 0.411070 6.980276 -0.121840 0.000001 0.000394 0.000538 -0.000491 -8.535283 2.358025 -11.910014 -21.274097 -7.342988 -9.927913 -42.789711 -0.000003 -0.000003 40.811729 2.664675 -1.233507 -45.345604 0.000000 0.000000 -84.352036 -2.914777 -3.945926 -14.268300 -0.000000 -0.000000 -5.984715 1.681836 -1.306592 -6.981181 0.121853 -0.000003 0.003730 -0.000569 0.000500
0.000000 0.000000 0.000000 0.000000 0.000000 0.000000 -1.566027 103.885376 -11.715719 87.914650 9.174000 -93.362793 5.266023 0.261829 -0.008408 13.338253 0.276782 -0.550626 7.597601 -0.000001 0.000000 -8.257197 0.281426 -0.213610 8.008073 -0.000000 -0.000000 13.922338 1.236691 -0.771869 29.519594 -0.802532 0.014094 13.203690 0.662983 2.246605 8.099053 -0.000000 0.000000 0.886120 -1.068690 -1.717308 6.860398 0.000000 0.000000 -24.336355 0.936317 7.066745 18.447189 0.760179 -0.003674 -0.001348 -0.000410 0.000089 0.200078 3.635073 -0.007852 -0.776868 -0.169751 0.098601 5.721212 9.287379 3.627303 14.636694 -0.035066 2.018984 5.744883 9.302453 -3.630085 14.670431 -0.037428 -3.806149 25.666941 5.953198 1.744820 -92.508705 -71.632332 110.254921 18.464344 -0.000002 -0.000012 48.133575 -63.525852 -42.809910 29.884953 0.000000 -0.000001 111.704048 -1.469997 10.227497 27.413786 0.000000 0.000011 -13.119291 41.958687 -34.903618 2.094321 3.161254 0.799310 22.277414 -20.412537 61.429493 4.501803 -0.000008 -0.000000 -20.018059 -0.420909 19.652784 2.698064 0.000006 -0.000006 1.630334 1.618808 -12.080346 3.118652 0.000000 -0.000012 0.000458 0.001066 -0.000540 3.181590 2.254555 0.120951 3.565640 6.004657 -2.530108 6.175169 -0.000002 0.000011 0.134605 -24.150110 -0.202082 3.387755 -0.000001 -0.000000 3.021227 -14.595028 -0.371840 2.120990 0.000003 -0.000000 0.964510 -5.514589 0.315062 2.529893 0.000000 0.000000 -0.000639 -0.001027 -0.000406 3.178449 0.924150 -0.397349 -6.505201 -0.609259 -2.385992 6.049747 0.000000 -0.000001 3.781610 -22.674730 0.668670 4.242486 -0.000003 0.000000 2.806957 -15.602295 -1.128702 2.731824 -0.000001 0.000012 0.581823 -4.836833 -0.672588 2.041451 0.000003 0.000012 0.000624 0.000644 -0.000084 2.932182 -0.316448 0.122310 -8.684431 -6.254177 -19.829338 5.821784 -0.000001 -0.000001 1.154170 -20.251308 17.853821 4.026133 0.000000 0.000000 -0.029341 -18.241516 -0.844917 2.442604 0.000002 -0.000012 -0.145976 -14.172737 -3.261392 1.785016 0.000000 -0.000025 0.000918 0.000028 0.000094 2.948916 -1.544389 0.539792 -11.677343 -18.015154 -19.669024 5.112839 -0.000002 0.000011 6.414732 -16.450535 16.768951 2.914518 0.000000 0.000000 -1.146636 -19.323738 0.062977 1.632816 -0.000002 0.000000 -0.346273 -9.469423 -5.455984 1.817514 -0.000003 -0.000001 0.000303 -0.000578 -0.000071 25.633276 5.994579 -1.761724 76.312820 -69.249046 122.699890 -18.544613 0.000003 0.000012 33.535351 -62.214188 -35.864338 -29.903347 0.000000 0.000001 111.807877 1.500777 13.830595 -27.414274 0.000012 0.000013 -12.358994 43.434898 -29.243811 -2.094768 -3.163312 -0.799955 20.240232 -31.317533 61.768173 -4.505661 0.000005 0.000000 -23.846195 0.984139 17.328817 -2.700114 -0.000006 0.000006 0.032259 -1.491002 -2.768065 -3.121519 -0.000000 0.000006 -0.001029 0.001488 0.000092 -3.183331 -2.255512 -0.121331 2.186880 -0.026142 -2.089512 -6.179836 0.000000 0.000000 -3.768334 -15.142607 2.873668 -3.389430 -0.000001 -0.000012 1.520774 -6.694256 0.608518 -2.123821 -0.000003 -0.000012 2.000703 -4.683604 -3.412184 -2.529789 -0.000000 -0.000001 0.000184 0.000518 0.000651 -3.179951 -0.924413 0.397693 -7.125509 -4.761270 -1.060756 -6.054549 -0.000003 -0.000001 2.169572 -14.640367 1.879731 -4.244578 -0.000001 0.000012 1.987492 -9.724361 -0.434498 -2.732867 0.000004 0.000000 1.061286 -4.147599 0.804660 -2.043405 0.000006 -0.000001 0.000036 -0.001184 -0.000122 -2.933434 0.316848 -0.122046 -9.524177 -8.796646 -18.008465 -5.826602 -0.000005 -0.000000 4.017546 -14.497389 17.994736 -4.028100 -0.000000 0.000000 -0.565455 -12.791984 -0.590322 -2.443439 -0.000000 0.000000 0.606581 -12.597653 -3.870303 -1.786791 0.000003 0.000011 -0.001684 -0.002123 -0.001552 -2.949983 1.545734 -0.540328 -12.139835 -19.782520 -16.786535 -5.116444 -0.000002 -0.000000 10.258265 -11.628140 17.701084 -2.915901 -0.000000 0.000012 -0.107309 -14.316669 -0.250997 -1.633906 0.000001 -0.000012 0.365244 -8.078690 -6.063039 -1.819588 0.000000 -0.000001 0.000697 0.001957 -0.000561 -8.517063 2.351946 11.888292 159.055084 -10.669260 -7.778684 42.799587 0.000001 0.000002 46.826164 0.334024 -1.297948 45.345985 0.000001 -0.000007 -86.131264 -4.025087 -7.377355 14.268355 0.000005 0.000000 -10.881310 2.445024 0.448020 6.980276 -0.121840 0.000001 0.000425 0.000572 -0.000507 -8.535283 2.358025 -11.910014 -21.700653 -7.366757 -9.719557 -42.789711 -0.000003 -0.000003 42.066605 2.622087 -1.316877 -45.345604 0.000000 0.000000 -84.823692 -2.562630 -3.942367 -14.268300 -0.000000 -0.000000 -6.045608 1.665209 -1.277826 -6.981181 0.121853 -0.000003 0.003530 -0.000583 0.000543
0.000000 0.000000 0.000000 0.000000 0.000000 0.000000 -2.083803 103.566811 -11.418133 88.764557 8.735048 -92.581596 5.266023 0.261829 -0.008408 13.278706 -0.141435 -0.285814 7.597601 -0.000001 0.000000 -8.576611 0.433487 -0.426887 8.008073 -0.000000 -0.000000 14.349725 1.603138 -0.740014 29.519594 -0.802532 0.014094 13.149427 0.894135 2.203842 8.099053 -0.000000 0.000000 0.763155 -0.762826 -1.618065 6.860398 0.000000 0.000000 -23.897133 0.781431 6.355210 18.447189 0.760179 -0.003674 -0.001286 -0.000431 0.000087 0.200078 3.635073 -0.007852 -0.763962 -0.131569 0.099086 5.721212 9.287379 3.627303 14.433270 -0.031858 2.080958 5.744883 9.302453 -3.630085 14.469357 -0.034060 -3.746295 25.666941 5.953198 1.744820 -91.798584 -72.526978 109.402283 18.464344 -0.000002 -0.000012 50.183731 -63.519833 -43.016773 29.884953 0.000000 -0.000001 111.266464 -1.977960 9.881721 27.413786 0.000000 0.000011 -15.457041 40.460041 -36.674767 2.094321 3.161254 0.799310 20.499006 -20.978415 62.174984 4.501803 -0.000008 -0.000000 -20.457525 -0.865337 18.940809 2.698064 0.000006 -0.000006 1.549114 0.656969 -11.205212 3.118652 0.000000 -0.000012 0.000464 0.001068 -0.000541 3.181590 2.254555 0.120951 2.760268 6.301526 -2.505424 6.175169 -0.000002 0.000011 0.224945 -26.213831 -0.338484 3.387755 -0.000001 -0.000000 3.447153 -14.833484 -0.332510 2.120990 0.000003 -0.000000 1.010082 -5.846516 0.577444 2.529893 0.000000 0.000000 -0.000655 -0.001009 -0.000416 3.178449 0.924150 -0.397349 -6.956579 -0.436629 -2.184871 6.049747 0.000000 -0.000001 3.956479 -24.212725 0.621092 4.242486 -0.000003 0.000000 3.119691 -15.917537 -1.200557 2.731824 -0.000001 0.000012 0.669581 -4.851959 -0.920369 2.041451 0.000003 0.000012 0.000609 0.000593 -0.000114 2.932182 -0.316448 0.122310 -8.978385 -5.998586 -19.421240 5.821784 -0.000001 -0.000001 1.181966 -21.467791 17.849735 4.026133 0.000000 0.000000 0.053430 -18.532990 -1.039552 2.442604 0.000002 -0.000012 0.116061 -14.851112 -4.106989 1.785016 0.000000 -0.000025 0.000909 0.000032 0.000139 2.948916 -1.544389 0.539792 -11.652856 -18.165367 -19.396856 5.112839 -0.000002 0.000011 6.399051 -17.393148 16.912006 2.914518 0.000000 0.000000 -1.045617 -19.883354 -0.063381 1.632816 -0.000002 0.000000 -0.203047 -10.113676 -6.248019 1.817514 -0.000003 -0.000001 0.000356 -0.000534 -0.000077 25.633276 5.994579 -1.761724 71.919586 -70.128410 126.873505 -18.544613 0.000003 0.000012 36.796322 -62.462547 -36.969749 -29.903347 0.000000 0.000001 109.889832 1.601940 14.240258 -27.414274 0.000012 0.000013 -14.572045 42.611065 -30.397982 -2.094768 -3.163312 -0.799955 18.494226 -31.871340 62.898590 -4.505661 0.000005 0.000000 -24.242775 0.914537 16.693356 -2.700114 -0.000006 0.000006 0.007293 -1.831271 -2.517506 -3.121519 -0.000000 0.000006 -0.001017 0.001441 0.000074 -3.183331 -2.255512 -0.121331 1.988918 0.603051 -1.852502 -6.179836 0.000000 0.000000 -3.457818 -14.778539 2.641931 -3.389430 -0.000001 -0.000012 1.323372 -5.429863 0.620876 -2.123821 -0.000003 -0.000012 2.071982 -4.252656 -1.555929 -2.529789 -0.000000 -0.000001 0.000209 0.000540 0.000626 -3.179951 -0.924413 0.397693 -7.269570 -4.201091 -0.860082 -6.054549 -0.000003 -0.000001 2.316819 -14.088117 1.681542 -4.244578 -0.000001 0.000012 1.553304 -8.198662 -0.418356 -2.732867 0.000004 0.000000 0.972275 -3.076591 0.854541 -2.043405 0.000006 -0.000001 0.000088 -0.001109 -0.000106 -2.933434 0.316848 -0.122046 -9.474486 -8.340036 -18.069798 -5.826602 -0.000005 -0.000000 4.330273 -13.357385 17.855238 -4.028100 -0.000000 0.000000 -0.974744 -11.373017 -0.509034 -2.443439 -0.000000 0.000000 0.574051 -12.147719 -4.069039 -1.786791 0.000003 0.000011 -0.001491 -0.002056 -0.001564 -2.949983 1.545734 -0.540328 -11.790063 -19.665705 -17.220942 -5.116444 -0.000002 -0.000000 10.302615 -10.248682 17.855553 -2.915901 -0.000000 0.000012 -0.914861 -13.439009 -0.078600 -1.633906 0.000001 -0.000012 0.017958 -7.248697 -6.250877 -1.819588 0.000000 -0.000001 0.000910 0.002053 -0.000492 -8.517063 2.351946 11.888292 159.103699 -10.823168 -7.732135 42.799587 0.000001 0.000002 46.898327 -0.120005 -1.427009 45.345985 0.000001 -0.000007 -86.736465 -4.313413 -7.901331 14.268355 0.000005 0.000000 -10.969736 2.255720 0.457821 6.980276 -0.121840 0.000001 0.000421 0.000533 -0.000508 -8.535283 2.358025 -11.910014 -21.671303 -6.896583 -9.311675 -42.789711 -0.000003 -0.000003 42.849102 2.860427 -1.251358 -45.345604 0.000000 0.000000 -85.277222 -3.001096 -3.914227 -14.268300 -0.000000 -0.000000 -5.991536 1.493429 -1.175896 -6.981181 0.121853 -0.000003 0.003302 -0.000612 0.000562
0.000000 0.000000 0.000000 0.000000 0.000000 0.000000 -2.579306 103.269493 -10.990176 89.508804 8.601501 -91.921310 5.266023 0.261829 -0.008408 13.211496 -0.497882 -0.145840 7.597601 -0.000001 0.000000 -8.766608 0.618633 -0.472839 8.008073 -0.000000 -0.000000 14.579379 1.650235 -0.654762 29.519594 -0.802532 0.014094 13.202001 1.183182 2.199083 8.099053 -0.000000 0.000000 0.841448 -0.514307 -1.479198 6.860398 0.000000 0.000000 -23.574612 0.771280 5.708382 18.447189 0.760179 -0.003674 -0.001156 -0.000392 0.000104 0.200078 3.635073 -0.007852 -0.724800 -0.121944 0.096706 5.721212 9.287379 3.627303 14.338181 -0.021691 2.154639 5.744883 9.302453 -3.630085 14.376377 -0.023415 -3.677527 25.666941 5.953198 1.744820 -90.394737 -73.496117 107.732071 18.464344 -0.000002 -0.000012 52.653641 -62.941639 -42.927162 29.884953 0.000000 -0.000001 110.422249 -2.752467 8.985010 27.413786 0.000000 0.000011 -14.756358 39.787613 -33.476654 2.094321 3.161254 0.799310 19.219387 -21.748404 62.833992 4.501803 -0.000008 -0.000000 -20.903032 -1.078945 18.551582 2.698064 0.000006 -0.000006 1.306398 0.005619 -10.402964 3.118652 0.000000 -0.000012 0.000459 0.000976 -0.000443 3.181590 2.254555 0.120951 2.588055 6.597135 -2.193894 6.175169 -0.000002 0.000011 0.334510 -28.297630 -0.466329 3.387755 -0.000001 -0.000000 3.986193 -15.506349 -0.316362 2.120990 0.000003 -0.000000 0.983813 -6.261822 0.298815 2.529893 0.000000 0.000000 -0.000688 -0.000962 -0.000482 3.178449 0.924150 -0.397349 -6.998109 0.006317 -1.999215 6.049747 0.000000 -0.000001 4.213309 -25.721962 0.597711 4.242486 -0.000003 0.000000 3.546070 -16.771919 -1.205993 2.731824 -0.000001 0.000012 0.718664 -5.254324 -1.499258 2.041451 0.000003 0.000012 0.000570 0.000538 -0.000087 2.932182 -0.316448 0.122310 -9.006866 -5.360605 -19.076006 5.821784 -0.000001 -0.000001 1.207615 -22.578924 17.994411 4.026133 0.000000 0.000000 0.197375 -19.484848 -1.116598 2.442604 0.000002 -0.000012 0.348813 -15.765024 -4.857327 1.785016 0.000000 -0.000025 0.000844 0.000076 0.000180 2.948916 -1.544389 0.539792 -11.656180 -17.551716 -19.169897 5.112839 -0.000002 0.000011 6.342592 -18.162025 17.158855 2.914518 0.000000 0.000000 -0.849412 -20.901424 -0.084753 1.632816 -0.000002 0.000000 -0.003526 -11.106713 -6.870400 1.817514 -0.000003 -0.000001 0.000391 -0.000486 -0.000095 25.633276 5.994579 -1.761724 68.632187 -71.115601 130.063278 -18.544613 0.000003 0.000012 40.476662 -62.445038 -38.077934 -29.903347 0.000000 0.000001 107.886063 1.564338 14.121066 -27.414274 0.000012 0.000013 -15.576346 40.992363 -29.588608 -2.094768 -3.163312 -0.799955 16.814697 -32.350948 63.781834 -4.505661 0.000005 0.000000 -24.602392 0.590715 16.185360 -2.700114 -0.000006 0.000006 -0.054513 -2.177897 -2.236932 -3.121519 -0.000000 0.000006 -0.000872 0.001304 0.000000 -3.183331 -2.255512 -0.121331 1.493280 0.942080 -1.593449 -6.179836 0.000000 0.000000 -3.358180 -15.311752 2.424850 -3.389430 -0.000001 -0.000012 1.299083 -5.111865 0.633384 -2.123821 -0.000003 -0.000012 2.067677 -4.087768 -0.489683 -2.529789 -0.000000 -0.000001 0.000216 0.000613 0.000510 -3.179951 -0.924413 0.397693 -7.763458 -3.874048 -0.578459 -6.054549 -0.000003 -0.000001 2.413965 -14.488337 1.619799 -4.244578 -0.000001 0.000012 1.405644 -7.659704 -0.429417 -2.732867 0.000004 0.000000 0.927560 -2.600959 0.724214 -2.043405 0.000006 -0.000001 0.000237 -0.000887 -0.000116 -2.933434 0.316848 -0.122046 -9.853145 -8.009368 -17.793255 -5.826602 -0.000005 -0.000000 4.323934 -13.363977 17.864693 -4.028100 -0.000000 0.000000 -1.152495 -10.922031 -0.442514 -2.443439 -0.000000 0.000000 0.576281 -12.114885 -4.392399 -1.786791 0.000003 0.000011 -0.000986 -0.001834 -0.001488 -2.949983 1.545734 -0.540328 -12.132789 -19.523115 -17.092730 -5.116444 -0.000002 -0.000000 10.274353 -9.943338 18.099899 -2.915901 -0.000000 0.000012 -1.223104 -13.323887 0.031161 -1.633906 0.000001 -0.000012 -0.156603 -7.095034 -6.563269 -1.819588 0.000000 -0.000001 0.001416 0.002422 -0.000320 -8.517063 2.351946 11.888292 158.897537 -10.908407 -7.863708 42.799587 0.000001 0.000002 46.902672 -0.611864 -1.585086 45.345985 0.000001 -0.000007 -87.448273 -4.905813 -8.411612 14.268355 0.000005 0.000000 -11.125696 2.216609 0.388447 6.980276 -0.121840 0.000001 0.000381 0.000509 -0.000500 -8.535283 2.358025 -11.910014 -21.757572 -6.559583 -9.337873 -42.789711 -0.000003 -0.000003 43.118847 3.038985 -1.265141 -45.345604 0.000000 0.000000 -85.996346 -3.414749 -4.024724 -14.268300 -0.000000 -0.000000 -6.018508 1.477784 -1.141487 -6.981181 0.121853 -0.000003 0.002758 -0.000556 0.000550
0.000000 0.000000 0.000000 0.000000 0.000000 0.000000 -3.019618 102.979729 -10.429729 90.215683 8.559479 -91.182724 5.266023 0.261829 -0.008408 12.824809 -0.836002 0.028186 7.597601 -0.000001 0.000000 -8.697712 0.812369 -0.465694 8.008073 -0.000000 -0.000000 14.645510 1.472890 -0.769689 29.519594 -0.802532 0.014094 13.492264 1.845609 2.139759 8.099053 -0.000000 0.000000 1.411517 -0.060309 -1.098529 6.860398 0.000000 0.000000 -23.718359 0.613078 4.698869 18.447189 0.760179 -0.003674 -0.000999 -0.000377 0.000152 0.200078 3.635073 -0.007852 -0.683030 -0.155828 0.118014 5.721212 9.287379 3.627303 14.318158 -0.016632 2.191897 5.744883 9.302453 -3.630085 14.361164 -0.017876 -3.645229 25.666941 5.953198 1.744820 -88.897827 -74.803833 105.865746 18.464344 -0.000002 -0.000012 54.911533 -61.098251 -42.229813 29.884953 0.000000 -0.000001 108.933395 -3.276920 7.832488 27.413786 0.000000 0.000011 -13.010857 38.530624 -29.560411 2.094321 3.161254 0.799310 18.472971 -22.062698 63.306488 4.501803 -0.000008 -0.000000 -21.437702 -1.258190 18.392431 2.698064 0.000006 -0.000006 1.038886 -0.476025 -9.919066 3.118652 0.000000 -0.000012 0.000421 0.000873 -0.000337 3.181590 2.254555 0.120951 2.527290 6.913533 -1.985183 6.175169 -0.000002 0.000011 0.202371 -29.859072 -0.400949 3.387755 -0.000001 -0.000000 4.131524 -15.919180 -0.208071 2.120990 0.000003 -0.000000 0.908027 -6.576863 0.176002 2.529893 0.000000 0.000000 -0.000678 -0.000885 -0.000523 3.178449 0.924150 -0.397349 -7.025775 0.464655 -1.847232 6.049747 0.000000 -0.000001 4.214418 -26.782177 0.707423 4.242486 -0.000003 0.000000 3.638007 -17.428656 -1.153324 2.731824 -0.000001 0.000012 0.737993 -5.731777 -1.806063 2.041451 0.000003 0.000012 0.000501 0.000445 -0.000082 2.932182 -0.316448 0.122310 -9.070520 -4.717884 -18.711235 5.821784 -0.000001 -0.000001 1.057161 -23.264585 18.087906 4.026133 0.000000 0.000000 0.234376 -20.214565 -1.140931 2.442604 0.000002 -0.000012 0.492420 -16.536694 -5.284433 1.785016 0.000000 -0.000025 0.000745 0.000114 0.000241 2.948916 -1.544389 0.539792 -11.848498 -16.896355 -18.739361 5.112839 -0.000002 0.000011 6.330241 -18.431490 17.296526 2.914518 0.000000 0.000000 -0.662276 -21.758772 -0.075703 1.632816 -0.000002 0.000000 0.146282 -11.973495 -7.291489 1.817514 -0.000003 -0.000001 0.000434 -0.000411 -0.000044 25.633276 5.994579 -1.761724 66.622559 -71.986328 132.102127 -18.544613 0.000003 0.000012 43.556614 -61.282738 -37.748604 -29.903347 0.000000 0.000001 105.692825 0.860322 13.114137 -27.414274 0.000012 0.000013 -14.790564 40.014008 -26.818499 -2.094768 -3.163312 -0.799955 15.701845 -33.076584 64.401169 -4.505661 0.000005 0.000000 -25.162447 0.306075 15.921373 -2.700114 -0.000006 0.000006 -0.271618 -2.587776 -1.972124 -3.121519 -0.000000 0.000006 -0.000697 0.001158 -0.000079 -3.183331 -2.255512 -0.121331 1.243959 1.269522 -1.274296 -6.179836 0.000000 0.000000 -3.379198 -16.609118 2.415556 -3.389430 -0.000001 -0.000012 1.381454 -5.705110 0.646934 -2.123821 -0.000003 -0.000012 2.026068 -4.279088 -0.138638 -2.529789 -0.000000 -0.000001 0.000241 0.000676 0.000362 -3.179951 -0.924413 0.397693 -8.136629 -3.359081 -0.252665 -6.054549 -0.000003 -0.000001 2.562982 -15.746763 1.679482 -4.244578 -0.000001 0.000012 1.492948 -8.195901 -0.400227 -2.732867 0.000004 0.000000 0.929755 -2.838728 0.439957 -2.043405 0.000006 -0.000001 0.000391 -0.000648 -0.000096 -2.933434 0.316848 -0.122046 -10.272814 -7.447913 -17.546247 -5.826602 -0.000005 -0.000000 4.207031 -14.333113 18.005674 -4.028100 -0.000000 0.000000 -1.115312 -11.573842 -0.398914 -2.443439 -0.000000 0.000000 0.606777 -12.656332 -4.773742 -1.786791 0.000003 0.000011 -0.000382 -0.001599 -0.001407 -2.949983 1.545734 -0.540328 -12.809015 -18.958057 -16.809563 -5.116444 -0.000002 -0.000000 10.288404 -10.671710 18.319168 -2.915901 -0.000000 0.000012 -1.082678 -14.204104 0.026544 -1.633906 0.000001 -0.000012 -0.139651 -7.743214 -7.068850 -1.819588 0.000000 -0.000001 0.002034 0.002877 -0.000106 -8.517063 2.351946 11.888292 158.487015 -11.412423 -8.139901 42.799587 0.000001 0.000002 47.074581 -0.665632 -1.717986 45.345985 0.000001 -0.000007 -88.044670 -5.387435 -8.589938 14.268355 0.000005 0.000000 -11.294168 2.134225 0.343364 6.980276 -0.121840 0.000001 0.000299 0.000461 -0.000497 -8.535283 2.358025 -11.910014 -21.871618 -6.286941 -9.502387 -42.789711 -0.000003 -0.000003 43.170334 3.288590 -1.333282 -45.345604 0.000000 0.000000 -86.721634 -3.593915 -4.218643 -14.268300 -0.000000 -0.000000 -5.707252 1.577449 -1.140779 -6.981181 0.121853 -0.000003 0.002080 -0.000515 0.000529
0.000000 0.000000 0.000000 0.000000 0.000000 0.000000 -3.377242 102.701256 -9.727686 90.753975 8.102282 -90.902008 5.266023 0.261829 -0.008408 12.311482 -1.058753 0.098044 7.597601 -0.000001 0.000000 -8.488039 0.916164 -0.356548 8.008073 -0.000000 -0.000000 14.828720 1.188940 -0.931580 29.519594 -0.802532 0.014094 13.627958 2.405761 2.020801 8.099053 -0.000000 0.000000 1.963602 0.413278 -0.579963 6.860398 0.000000 0.000000 -23.607353 0.483877 3.916825 18.447189 0.760179 -0.003674 -0.000950 -0.000366 0.000210 0.200078 3.635073 -0.007852 -0.571569 -0.181104 0.122807 5.721212 9.287379 3.627303 14.207521 -0.008144 2.205515 5.744883 9.302453 -3.630085 14.247820 -0.009226 -3.633229 25.666941 5.953198 1.744820 -88.477592 -76.185287 105.111366 18.464344 -0.000002 -0.000012 57.301308 -58.706486 -41.603313 29.884953 0.000000 -0.000001 107.328194 -3.449457 6.867576 27.413786 0.000000 0.000011 -10.837649 37.696510 -25.341152 2.094321 3.161254 0.799310 17.480177 -22.947210 63.850571 4.501803 -0.000008 -0.000000 -21.880980 -1.496057 18.027639 2.698064 0.000006 -0.000006 0.600539 -1.419011 -8.832201 3.118652 0.000000 -0.000012 0.000314 0.000723 -0.000222 3.181590 2.254555 0.120951 2.919759 7.265687 -1.787613 6.175169 -0.000002 0.000011 0.041743 -32.837425 -0.345494 3.387755 -0.000001 -0.000000 4.606387 -17.138451 -0.166380 2.120990 0.000003 -0.000000 0.785060 -7.292860 -0.250588 2.529893 0.000000 0.000000 -0.000645 -0.000733 -0.000523 3.178449 0.924150 -0.397349 -6.624145 1.056911 -1.755906 6.049747 0.000000 -0.000001 4.495966 -29.016270 0.723029 4.242486 -0.000003 0.000000 4.089441 -18.913343 -1.101757 2.731824 -0.000001 0.000012 0.800404 -6.554648 -2.537710 2.041451 0.000003 0.000012 0.000364 0.000315 -0.000126 2.932182 -0.316448 0.122310 -8.735764 -3.896143 -18.615536 5.821784 -0.000001 -0.000001 0.935811 -24.746754 18.305632 4.026133 0.000000 0.000000 0.426097 -21.737432 -1.184447 2.442604 0.000002 -0.000012 0.766024 -17.865091 -6.068222 1.785016 0.000000 -0.000025 0.000573 0.000091 0.000326 2.948916 -1.544389 0.539792 -11.546891 -15.956882 -18.563419 5.112839 -0.000002 0.000011 6.308454 -19.389017 17.562193 2.914518 0.000000 0.000000 -0.187853 -23.383764 -0.103672 1.632816 -0.000002 0.000000 0.431552 -13.407167 -8.128592 1.817514 -0.000003 -0.000001 0.000459 -0.000324 -0.000010 25.633276 5.994579 -1.761724 65.350456 -73.010254 133.238663 -18.544613 0.000003 0.000012 46.275372 -59.646347 -36.538441 -29.903347 0.000000 0.000001 104.059982 0.131046 11.839849 -27.414274 0.000012 0.000013 -12.988746 38.530155 -23.355528 -2.094768 -3.163312 -0.799955 14.056823 -34.159019 65.334084 -4.505661 0.000005 0.000000 -25.761589 -0.232210 15.385440 -2.700114 -0.000006 0.000006 -0.453064 -3.315547 -1.455232 -3.121519 -0.000000 0.000006 -0.000574 0.001168 -0.000095 -3.183331 -2.255512 -0.121331 1.083429 1.675487 -1.043384 -6.179836 0.000000 0.000000 -3.359572 -18.840578 2.349495 -3.389430 -0.000001 -0.000012 1.537026 -6.869092 0.749271 -2.123821 -0.000003 -0.000012 1.971377 -4.748213 0.453092 -2.529789 -0.000000 -0.000001 0.000241 0.000651 0.000247 -3.179951 -0.924413 0.397693 -8.349214 -2.717840 -0.066299 -6.054549 -0.000003 -0.000001 2.767579 -17.800104 1.750088 -4.244578 -0.000001 0.000012 1.693173 -9.316090 -0.280632 -2.732867 0.000004 0.000000 0.948686 -3.312303 -0.029973 -2.043405 0.000006 -0.000001 0.000403 -0.000492 -0.000018 -2.933434 0.316848 -0.122046 -10.591463 -6.693288 -17.384354 -5.826602 -0.000005 -0.000000 4.128354 -15.896376 18.199610 -4.028100 -0.000000 0.000000 -0.985720 -12.904831 -0.307757 -2.443439 -0.000000 0.000000 0.727583 -13.659851 -5.435045 -1.786791 0.000003 0.000011 -0.000360 -0.001548 -0.001394 -2.949983 1.545734 -0.540328 -13.349076 -18.170933 -16.431278 -5.116444 -0.000002 -0.000000 10.260362 -11.908668 18.536758 -2.915901 -0.000000 0.000012 -0.719939 -15.724603 -0.069132 -1.633906 0.000001 -0.000012 -0.070217 -8.845283 -8.008084 -1.819588 0.000000 -0.000001 0.002093 0.002929 0.000045 -8.517063 2.351946 11.888292 158.196564 -11.903647 -8.540024 42.799587 0.000001 0.000002 47.765137 -0.729400 -1.685554 45.345985 0.000001 -0.000007 -88.404167 -5.198677 -8.596386 14.268355 0.000005 0.000000 -11.339113 2.022876 0.252443 6.980276 -0.121840 0.000001 0.000203 0.000357 -0.000439 -8.535283 2.358025 -11.910014 -22.054462 -6.211428 -9.673125 -42.789711 -0.000003 -0.000003 43.815510 3.500497 -1.284331 -45.345604 0.000000 0.000000 -87.112984 -3.335357 -4.294808 -14.268300 -0.000000 -0.000000 -5.702556 1.754458 -1.187900 -6.981181 0.121853 -0.000003 0.001944 -0.000488 0.000439
0.000000 0.000000 0.000000 0.000000 0.000000 0.000000 -3.635893 102.494034 -8.877083 90.922050 7.303308 -90.931732 5.266023 0.261829 -0.008408 11.530079 -1.256416 0.138350 7.597601 -0.000001 0.000000 -8.207288 1.014045 -0.192443 8.008073 -0.000000 -0.000000 15.095755 0.788354 -0.982077 29.519594 -0.802532 0.014094 13.816701 2.809457 1.756980 8.099053 -0.000000 0.000000 2.474526 0.812775 -0.094808 6.860398 0.000000 0.000000 -23.507227 0.201844 3.146370 18.447189 0.760179 -0.003674 -0.000849 -0.000347 0.000171 0.200078 3.635073 -0.007852 -0.386889 -0.175726 0.128981 5.721212 9.287379 3.627303 14.344670 -0.013220 2.152281 5.744883 9.302453 -3.630085 14.385434 -0.013880 -3.690689 25.666941 5.953198 1.744820 -87.967987 -77.670380 104.409859 18.464344 -0.000002 -0.000012 60.091019 -56.160679 -41.271336 29.884953 0.000000 -0.000001 105.943008 -3.637533 5.957037 27.413786 0.000000 0.000011 -7.935569 36.523937 -19.939466 2.094321 3.161254 0.799310 16.715113 -23.488129 64.594887 4.501803 -0.000008 -0.000000 -22.139645 -1.520234 18.001028 2.698064 0.000006 -0.000006 0.258118 -1.944784 -8.297516 3.118652 0.000000 -0.000012 0.000297 0.000585 -0.000168 3.181590 2.254555 0.120951 3.279170 7.491309 -1.480210 6.175169 -0.000002 0.000011 -0.066892 -33.718369 -0.267553 3.387755 -0.000001 -0.000000 4.594789 -17.763973 -0.099714 2.120990 0.000003 -0.000000 0.643066 -8.076796 -0.274070 2.529893 0.000000 0.000000 -0.000582 -0.000625 -0.000517 3.178449 0.924150 -0.397349 -6.227110 1.580022 -1.673252 6.049747 0.000000 -0.000001 4.437445 -29.542347 0.808006 4.242486 -0.000003 0.000000 4.056912 -19.753359 -1.005033 2.731824 -0.000001 0.000012 0.788381 -7.412043 -2.713195 2.041451 0.000003 0.000012 0.000343 0.000239 -0.000095 2.932182 -0.316448 0.122310 -8.522825 -3.190790 -18.660809 5.821784 -0.000001 -0.000001 1.104661 -24.800886 18.141396 4.026133 0.000000 0.000000 0.247032 -22.616405 -1.057583 2.442604 0.000002 -0.000012 0.867925 -19.041122 -6.428257 1.785016 0.000000 -0.000025 0.000497 0.000124 0.000368 2.948916 -1.544389 0.539792 -11.288467 -15.012418 -18.563105 5.112839 -0.000002 0.000011 6.298679 -19.202993 17.683422 2.914518 0.000000 0.000000 -0.072610 -24.329426 -0.071248 1.632816 -0.000002 0.000000 0.590824 -14.593972 -8.611246 1.817514 -0.000003 -0.000001 0.000486 -0.000213 -0.000020 25.633276 5.994579 -1.761724 64.110077 -74.370354 134.236511 -18.544613 0.000003 0.000012 49.856796 -57.523254 -35.346539 -29.903347 0.000000 0.000001 102.468056 -0.704085 10.292987 -27.414274 0.000012 0.000013 -9.427120 37.187038 -17.432093 -2.094768 -3.163312 -0.799955 12.832502 -35.010044 66.239487 -4.505661 0.000005 0.000000 -25.864071 -0.579446 15.178808 -2.700114 -0.000006 0.000006 -0.611707 -3.712381 -1.090292 -3.121519 -0.000000 0.000006 -0.000439 0.001078 -0.000146 -3.183331 -2.255512 -0.121331 1.184456 1.837431 -0.960731 -6.179836 0.000000 0.000000 -3.287933 -19.669176 2.333191 -3.389430 -0.000001 -0.000012 1.664334 -7.969055 0.818453 -2.123821 -0.000003 -0.000012 1.772913 -5.730981 0.561635 -2.529789 -0.000000 -0.000001 0.000283 0.000763 0.000133 -3.179951 -0.924413 0.397693 -8.413801 -2.225250 -0.094628 -6.054549 -0.000003 -0.000001 2.932615 -18.589375 1.773511 -4.244578 -0.000001 0.000012 1.919067 -10.457510 -0.085317 -2.732867 0.000004 0.000000 0.878140 -4.341263 -0.569056 -2.043405 0.000006 -0.000001 0.000536 -0.000195 -0.000046 -2.933434 0.316848 -0.122046 -10.729547 -6.081902 -17.455643 -5.826602 -0.000005 -0.000000 4.140066 -16.402689 18.393047 -4.028100 -0.000000 0.000000 -0.790249 -14.020184 -0.216201 -2.443439 -0.000000 0.000000 0.819827 -15.019720 -6.188180 -1.786791 0.000003 0.000011 -0.000027 -0.001306 -0.001317 -2.949983 1.545734 -0.540328 -13.675186 -17.333458 -16.340324 -5.116444 -0.000002 -0.000000 10.052002 -12.253856 18.732265 -2.915901 -0.000000 0.000012 -0.298501 -17.011570 -0.150119 -1.633906 0.000001 -0.000012 0.031720 -10.189320 -8.968904 -1.819588 0.000000 -0.000001 0.002412 0.003236 0.000244 -8.517063 2.351946 11.888292 158.095261 -12.136034 -8.801915 42.799587 0.000001 0.000002 48.618587 -0.655047 -1.800878 45.345985 0.000001 -0.000007 -88.912926 -5.192579 -8.780744 14.268355 0.000005 0.000000 -11.338067 1.954273 0.070392 6.980276 -0.121840 0.000001 0.000191 0.000286 -0.000386 -8.535283 2.358025 -11.910014 -22.047098 -6.327178 -10.045333 -42.789711 -0.000003 -0.000003 44.460243 3.323826 -1.397722 -45.345604 0.000000 0.000000 -87.912910 -3.768483 -4.335734 -14.268300 -0.000000 -0.000000 -5.855579 1.825584 -1.211303 -6.981181 0.121853 -0.000003 0.001511 -0.000419 0.000403
0.000000 0.000000 0.000000 0.000000 0.000000 0.000000 -3.794976 102.266762 -7.885660 91.151764 6.797066 -90.761826 5.266023 0.261829 -0.008408 11.083283 -1.434703 0.079684 7.597601 -0.000001 0.000000 -7.976441 1.032052 0.074391 8.008073 -0.000000 -0.000000 15.020093 0.570353 -1.126723 29.519594 -0.802532 0.014094 14.282337 3.168841 1.515334 8.099053 -0.000000 0.000000 3.066355 1.240937 0.322929 6.860398 0.000000 0.000000 -23.581739 0.036177 2.580553 18.447189 0.760179 -0.003674 -0.000884 -0.000340 0.000267 0.200078 3.635073 -0.007852 -0.380447 -0.189284 0.135551 5.721212 9.287379 3.627303 14.154281 -0.019539 2.050894 5.744883 9.302453 -3.630085 14.192185 -0.020261 -3.790500 25.666941 5.953198 1.744820 -87.689270 -78.926643 103.827263 18.464344 -0.000002 -0.000012 62.684246 -54.031239 -41.337879 29.884953 0.000000 -0.000001 104.115372 -3.459334 5.442859 27.413786 0.000000 0.000011 -6.618473 36.066124 -16.857576 2.094321 3.161254 0.799310 15.889498 -23.962996 65.195450 4.501803 -0.000008 -0.000000 -22.485121 -1.420452 17.751606 2.698064 0.000006 -0.000006 -0.093693 -2.371886 -7.627762 3.118652 0.000000 -0.000012 0.000205 0.000532 -0.000100 3.181590 2.254555 0.120951 3.724319 7.878146 -1.281625 6.175169 -0.000002 0.000011 -0.211491 -35.134998 -0.178111 3.387755 -0.000001 -0.000000 4.912710 -18.444000 -0.089337 2.120990 0.000003 -0.000000 0.562263 -8.801639 -0.535406 2.529893 0.000000 0.000000 -0.000586 -0.000570 -0.000547 3.178449 0.924150 -0.397349 -5.760631 2.282842 -1.671818 6.049747 0.000000 -0.000001 4.558311 -30.625893 0.884443 4.242486 -0.000003 0.000000 4.202174 -20.667812 -1.023491 2.731824 -0.000001 0.000012 0.822463 -8.148690 -3.159194 2.041451 0.000003 0.000012 0.000239 0.000157 -0.000144 2.932182 -0.316448 0.122310 -8.029055 -2.292354 -18.607569 5.821784 -0.000001 -0.000001 1.023288 -25.351385 18.364418 4.026133 0.000000 0.000000 0.210009 -23.508156 -1.120581 2.442604 0.000002 -0.000012 1.065837 -20.181852 -6.959968 1.785016 0.000000 -0.000025 0.000405 0.000094 0.000442 2.948916 -1.544389 0.539792 -10.832310 -13.984941 -18.557848 5.112839 -0.000002 0.000011 6.290156 -19.394470 17.917662 2.914518 0.000000 0.000000 -0.047796 -25.294683 -0.075463 1.632816 -0.000002 0.000000 0.823604 -15.775751 -8.984287 1.817514 -0.000003 -0.000001 0.000526 -0.000183 0.000011 25.633276 5.994579 -1.761724 64.401695 -75.464806 133.852692 -18.544613 0.000003 0.000012 54.218788 -56.210789 -35.942242 -29.903347 0.000000 0.000001 101.247162 -1.336240 9.183201 -27.414274 0.000012 0.000013 -8.658510 36.161564 -13.441683 -2.094768 -3.163312 -0.799955 10.831017 -35.644493 67.576744 -4.505661 0.000005 0.000000 -26.189930 -0.947222 14.878928 -2.700114 -0.000006 0.000006 -0.721850 -3.935420 -0.748941 -3.121519 -0.000000 0.000006 -0.000489 0.001195 -0.000090 -3.183331 -2.255512 -0.121331 0.950965 2.195508 -0.434308 -6.179836 0.000000 0.000000 -3.478823 -20.651152 2.273825 -3.389430 -0.000001 -0.000012 1.916842 -8.575207 0.775880 -2.123821 -0.000003 -0.000012 1.674015 -6.313221 0.964575 -2.529789 -0.000000 -0.000001 0.000299 0.000684 0.000143 -3.179951 -0.924413 0.397693 -8.628443 -1.562416 0.134493 -6.054549 -0.000003 -0.000001 2.895655 -19.512978 1.844369 -4.244578 -0.000001 0.000012 2.068309 -11.071218 -0.043164 -2.732867 0.000004 0.000000 0.847858 -4.863032 -1.048570 -2.043405 0.000006 -0.000001 0.000430 -0.000311 0.000053 -2.933434 0.316848 -0.122046 -10.940758 -5.195151 -17.288744 -5.826602 -0.000005 -0.000000 3.835962 -17.093384 18.582617 -4.028100 -0.000000 0.000000 -0.665644 -14.710888 -0.213751 -2.443439 -0.000000 0.000000 0.934869 -15.906062 -6.835696 -1.786791 0.000003 0.000011 -0.000308 -0.001445 -0.001390 -2.949983 1.545734 -0.540328 -14.061229 -16.280294 -16.133835 -5.116444 -0.000002 -0.000000 9.822544 -12.803668 18.928638 -2.915901 -0.000000 0.000012 -0.090827 -17.784494 -0.170869 -1.633906 0.000001 -0.000012 0.137187 -11.060925 -9.729533 -1.819588 0.000000 -0.000001 0.002163 0.002997 0.000200 -8.517063 2.351946 11.888292 157.594681 -12.416164 -8.904415 42.799587 0.000001 0.000002 49.381336 -0.642906 -2.008371 45.345985 0.000001 -0.000007 -89.412788 -5.465934 -8.823764 14.268355 0.000005 0.000000 -11.065474 1.966805 0.050702 6.980276 -0.121840 0.000001 0.000123 0.000234 -0.000394 -8.535283 2.358025 -11.910014 -22.246014 -6.450416 -10.285929 -42.789711 -0.000003 -0.000003 44.878082 3.521848 -1.371390 -45.345604 0.000000 0.000000 -88.473137 -4.038215 -4.451153 -14.268300 -0.000000 -0.000000 -6.042266 1.873438 -1.116000 -6.981181 0.121853 -0.000003 0.001723 -0.000409 0.000351
0.000000 0.000000 0.000000 0.000000 0.000000 0.000000 -3.870798 102.103355 -6.787795 90.841911 6.048242 -90.844353 5.266023 0.261829 -0.008408 10.471551 -1.523937 0.014406 7.597601 -0.000001 0.000000 -7.663116 1.011101 0.398407 8.008073 -0.000000 -0.000000 15.102298 0.210996 -1.219856 29.519594 -0.802532 0.014094 14.448797 3.669117 1.094597 8.099053 -0.000000 0.000000 3.572249 1.712956 1.015260 6.860398 0.000000 0.000000 -23.250034 -0.109181 1.860749 18.447189 0.760179 -0.003674 -0.000803 -0.000249 0.000231 0.200078 3.635073 -0.007852 -0.231021 -0.196885 0.104800 5.721212 9.287379 3.627303 14.008433 -0.027654 1.943151 5.744883 9.302453 -3.630085 14.051225 -0.027881 -3.902038 25.666941 5.953198 1.744820 -88.847626 -80.484703 104.823776 18.464344 -0.000002 -0.000012 64.775711 -50.652702 -39.740433 29.884953 0.000000 -0.000001 102.378426 -3.289783 4.676725 27.413786 0.000000 0.000011 -4.875364 35.141663 -13.413074 2.094321 3.161254 0.799310 15.318694 -24.132923 65.853256 4.501803 -0.000008 -0.000000 -22.793749 -1.152552 17.655165 2.698064 0.000006 -0.000006 -0.471070 -2.625827 -7.284464 3.118652 0.000000 -0.000012 0.000172 0.000327 0.000045 3.181590 2.254555 0.120951 4.290929 8.261214 -0.999304 6.175169 -0.000002 0.000011 -0.449547 -36.205280 -0.090749 3.387755 -0.000001 -0.000000 5.285172 -19.479607 -0.117209 2.120990 0.000003 -0.000000 0.402958 -9.976053 -1.016256 2.529893 0.000000 0.000000 -0.000538 -0.000399 -0.000558 3.178449 0.924150 -0.397349 -5.213080 2.898985 -1.611698 6.049747 0.000000 -0.000001 4.369640 -31.432444 0.979231 4.242486 -0.000003 0.000000 4.586179 -22.001652 -1.095955 2.731824 -0.000001 0.000012 0.906180 -9.466318 -3.730621 2.041451 0.000003 0.000012 0.000144 0.000115 -0.000013 2.932182 -0.316448 0.122310 -7.652666 -1.545919 -18.803545 5.821784 -0.000001 -0.000001 0.919006 -25.569866 18.306612 4.026133 0.000000 0.000000 0.163289 -24.973312 -1.143213 2.442604 0.000002 -0.000012 1.279012 -21.907169 -7.558714 1.785016 0.000000 -0.000025 0.000212 0.000223 0.000386 2.948916 -1.544389 0.539792 -10.495737 -13.001334 -18.807636 5.112839 -0.000002 0.000011 6.242126 -19.473934 17.984669 2.914518 0.000000 0.000000 0.146001 -26.829685 -0.088175 1.632816 -0.000002 0.000000 1.169320 -17.584230 -9.622512 1.817514 -0.000003 -0.000001 0.000429 -0.000160 0.000043 25.633276 5.994579 -1.761724 64.300751 -76.921684 133.775742 -18.544613 0.000003 0.000012 58.402931 -53.496933 -34.579350 -29.903347 0.000000 0.000001 100.206497 -2.062687 7.409211 -27.414274 0.000012 0.000013 -4.971279 35.850441 -6.783166 -2.094768 -3.163312 -0.799955 9.574414 -36.529972 68.698097 -4.505661 0.000005 0.000000 -26.358686 -1.006873 14.802383 -2.700114 -0.000006 0.000006 -0.994594 -4.047358 -0.455599 -3.121519 -0.000000 0.000006 -0.000285 0.001080 -0.000157 -3.183331 -2.255512 -0.121331 1.519019 2.286910 0.071317 -6.179836 0.000000 0.000000 -3.645256 -21.406055 2.336349 -3.389430 -0.000001 -0.000012 2.078475 -9.730891 0.823691 -2.123821 -0.000003 -0.000012 1.435561 -7.457140 0.822339 -2.529789 -0.000000 -0.000001 0.000217 0.000536 0.000019 -3.179951 -0.924413 0.397693 -8.217357 -0.887948 0.262481 -6.054549 -0.000003 -0.000001 2.799613 -20.402060 2.096480 -4.244578 -0.000001 0.000012 2.310878 -12.283118 0.156991 -2.732867 0.000004 0.000000 0.789165 -6.082422 -1.756187 -2.043405 0.000006 -0.000001 0.000541 -0.000226 0.000064 -2.933434 0.316848 -0.122046 -10.737060 -4.391429 -17.419851 -5.826602 -0.000005 -0.000000 3.661861 -17.467180 18.871298 -4.028100 -0.000000 0.000000 -0.357976 -16.117928 -0.089729 -2.443439 -0.000000 0.000000 1.103939 -17.478628 -7.781472 -1.786791 0.000003 0.000011 0.000161 -0.001166 -0.001251 -2.949983 1.545734 -0.540328 -14.166866 -14.993675 -16.285391 -5.116444 -0.000002 -0.000000 9.507917 -13.269297 19.181122 -2.915901 -0.000000 0.000012 0.460580 -19.238661 -0.299715 -1.633906 0.000001 -0.000012 0.375163 -12.660887 -10.849779 -1.819588 0.000000 -0.000001 0.002564 0.003328 0.000364 -8.517063 2.351946 11.888292 157.098160 -12.551219 -9.045836 42.799587 0.000001 0.000002 50.559990 -0.110973 -2.345047 45.345985 0.000001 -0.000007 -89.653625 -5.652801 -8.465641 14.268355 0.000005 0.000000 -10.939491 1.899901 -0.163761 6.980276 -0.121840 0.000001 -0.000009 0.000243 -0.000373 -8.535283 2.358025 -11.910014 -22.589954 -6.963203 -10.555977 -42.789711 -0.000003 -0.000003 45.730221 3.330432 -1.636823 -45.345604 0.000000 0.000000 -88.950798 -4.153246 -4.730094 -14.268300 -0.000000 -0.000000 -6.043761 1.872010 -1.167985 -6.981181 0.121853 -0.000003 0.001211 -0.000230 0.000242
0.000000 0.000000 0.000000 0.000000 0.000000 0.000000 -3.893017 102.115860 -5.650070 90.521103 4.750287 -90.505959 5.266023 0.261829 -0.008408 9.500268 -1.624949 -0.020878 7.597601 -0.000001 0.000000 -7.478929 1.137500 0.703717 8.008073 -0.000000 -0.000000 15.536564 0.005262 -1.257945 29.519594 -0.802532 0.014094 15.083816 3.885533 0.522629 8.099053 -0.000000 0.000000 4.243879 2.454107 1.732115 6.860398 0.000000 0.000000 -23.171713 -0.457002 0.821286 18.447189 0.760179 -0.003674 -0.000808 -0.000181 0.000237 0.200078 3.635073 -0.007852 -0.111846 -0.252217 0.065999 5.721212 9.287379 3.627303 13.358127 -0.027713 1.848291 5.744883 9.302453 -3.630085 13.397171 -0.027809 -3.999289 25.666941 5.953198 1.744820 -88.003273 -82.148476 103.730736 18.464344 -0.000002 -0.000012 69.016045 -47.910748 -39.254547 29.884953 0.000000 -0.000001 98.704567 -2.860949 4.334027 27.413786 0.000000 0.000011 -5.366936 32.339363 -13.211988 2.094321 3.161254 0.799310 14.531425 -24.025822 66.199120 4.501803 -0.000008 -0.000000 -22.952143 -1.146438 17.509708 2.698064 0.000006 -0.000006 -0.786710 -3.154315 -6.706101 3.118652 0.000000 -0.000012 0.000173 0.000239 0.000140 3.181590 2.254555 0.120951 4.477441 8.477301 -0.935815 6.175169 -0.000002 0.000011 -0.601466 -38.043774 -0.020019 3.387755 -0.000001 -0.000000 5.723248 -20.821627 -0.242552 2.120990 0.000003 -0.000000 0.392388 -11.062470 -1.430412 2.529893 0.000000 0.000000 -0.000559 -0.000347 -0.000620 3.178449 0.924150 -0.397349 -5.001348 3.141414 -1.602944 6.049747 0.000000 -0.000001 4.576591 -32.691624 0.957147 4.242486 -0.000003 0.000000 4.991014 -23.558287 -1.143327 2.731824 -0.000001 0.000012 1.070007 -10.739520 -4.324014 2.041451 0.000003 0.000012 0.000108 0.000140 0.000052 2.932182 -0.316448 0.122310 -7.493038 -1.220588 -18.921459 5.821784 -0.000001 -0.000001 0.927148 -26.225647 18.390549 4.026133 0.000000 0.000000 0.323967 -26.511066 -1.196334 2.442604 0.000002 -0.000012 1.556668 -23.439713 -8.132682 1.785016 0.000000 -0.000025 0.000133 0.000279 0.000326 2.948916 -1.544389 0.539792 -10.329657 -12.524848 -18.591738 5.112839 -0.000002 0.000011 6.508679 -19.780001 18.001934 2.914518 0.000000 0.000000 0.447195 -28.209969 -0.150294 1.632816 -0.000002 0.000000 1.543117 -19.167574 -10.227313 1.817514 -0.000003 -0.000001 0.000368 -0.000222 -0.000023 25.633276 5.994579 -1.761724 64.312218 -78.238953 133.674271 -18.544613 0.000003 0.000012 63.866451 -50.257980 -34.141232 -29.903347 0.000000 0.000001 98.508614 -2.140827 6.060309 -27.414274 0.000012 0.000013 -3.830657 31.977812 -4.151170 -2.094768 -3.163312 -0.799955 8.593727 -36.731205 69.299240 -4.505661 0.000005 0.000000 -26.408649 -1.592086 14.680929 -2.700114 -0.000006 0.000006 -1.154262 -4.750593 0.026761 -3.121519 -0.000000 0.000006 -0.000252 0.001110 -0.000150 -3.183331 -2.255512 -0.121331 1.612066 2.317636 0.393747 -6.179836 0.000000 0.000000 -3.725920 -23.277817 2.172830 -3.389430 -0.000001 -0.000012 2.450464 -11.501674 0.784377 -2.123821 -0.000003 -0.000012 1.379076 -8.644460 0.525356 -2.529789 -0.000000 -0.000001 0.000131 0.000453 0.000010 -3.179951 -0.924413 0.397693 -8.259883 -0.596374 0.382008 -6.054549 -0.000003 -0.000001 3.060647 -22.117170 2.193340 -4.244578 -0.000001 0.000012 2.796856 -14.275239 0.214289 -2.732867 0.000004 0.000000 0.982214 -7.558489 -2.550495 -2.043405 0.000006 -0.000001 0.000537 -0.000215 0.000043 -2.933434 0.316848 -0.122046 -10.810431 -3.940227 -17.227427 -5.826602 -0.000005 -0.000000 3.385684 -18.952421 19.122593 -4.028100 -0.000000 0.000000 0.216637 -18.166845 -0.195078 -2.443439 -0.000000 0.000000 1.579307 -19.194973 -8.910093 -1.786791 0.000003 0.000011 0.000105 -0.001108 -0.001226 -2.949983 1.545734 -0.540328 -14.576390 -14.213095 -15.809408 -5.116444 -0.000002 -0.000000 9.525596 -14.735130 19.177279 -2.915901 -0.000000 0.000012 1.367189 -21.084005 -0.539325 -1.633906 0.000001 -0.000012 0.951178 -14.515025 -12.252297 -1.819588 0.000000 -0.000001 0.002482 0.003284 0.000347 -8.517063 2.351946 11.888292 156.867813 -12.397536 -9.052721 42.799587 0.000001 0.000002 51.772495 -0.007476 -2.830510 45.345985 0.000001 -0.000007 -89.913498 -6.370582 -8.071094 14.268355 0.000005 0.000000 -10.406606 1.755758 -0.124012 6.980276 -0.121840 0.000001 -0.000044 0.000278 -0.000327 -8.535283 2.358025 -11.910014 -22.312044 -7.370935 -10.763506 -42.789711 -0.000003 -0.000003 46.404915 3.037715 -1.850996 -45.345604 0.000000 0.000000 -89.209137 -5.024261 -4.690892 -14.268300 -0.000000 -0.000000 -5.927248 1.833185 -1.050490 -6.981181 0.121853 -0.000003 0.001184 -0.000131 0.000233
0.000000 0.000000 0.000000 0.000000 0.000000 0.000000 -3.896593 102.109947 -4.566145 89.902779 3.293416 -90.718109 5.266023 0.261829 -0.008408 8.557498 -1.669962 -0.448834 7.597601 -0.000001 0.000000 -7.262733 1.123463 1.230724 8.008073 -0.000000 -0.000000 15.953070 -0.324082 -1.400797 29.519594 -0.802532 0.014094 15.621230 4.188528 0.190663 8.099053 -0.000000 0.000000 4.876311 2.661277 2.256714 6.860398 0.000000 0.000000 -23.076370 -0.708522 0.417575 18.447189 0.760179 -0.003674 -0.000870 -0.000013 0.000255 0.200078 3.635073 -0.007852 -0.018251 -0.385349 0.032123 5.721212 9.287379 3.627303 12.594653 -0.010138 1.749291 5.744883 9.302453 -3.630085 12.630548 -0.010195 -4.099506 25.666941 5.953198 1.744820 -84.766228 -84.012604 100.339035 18.464344 -0.000002 -0.000012 73.481728 -45.523277 -38.974281 29.884953 0.000000 -0.000001 93.973778 -2.052738 4.265286 27.413786 0.000000 0.000011 -6.188641 29.803928 -15.262451 2.094321 3.161254 0.799310 13.774508 -23.751879 66.581512 4.501803 -0.000008 -0.000000 -23.015650 -0.824199 17.248167 2.698064 0.000006 -0.000006 -1.151022 -3.599389 -6.039584 3.118652 0.000000 -0.000012 0.000191 0.000107 0.000288 3.181590 2.254555 0.120951 4.919214 8.985271 -1.154651 6.175169 -0.000002 0.000011 0.029122 -39.419147 -0.214807 3.387755 -0.000001 -0.000000 6.886541 -22.034956 -0.676166 2.120990 0.000003 -0.000000 0.490862 -12.146910 -1.963444 2.529893 0.000000 0.000000 -0.000580 -0.000325 -0.000739 3.178449 0.924150 -0.397349 -4.354763 3.662896 -1.878739 6.049747 0.000000 -0.000001 5.504594 -33.587574 0.720189 4.242486 -0.000003 0.000000 6.059297 -24.802633 -1.484851 2.731824 -0.000001 0.000012 1.392518 -11.749832 -5.112448 2.041451 0.000003 0.000012 0.000065 0.000209 0.000198 2.932182 -0.316448 0.122310 -6.809376 -0.710473 -19.380085 5.821784 -0.000001 -0.000001 1.710235 -26.623539 18.332230 4.026133 0.000000 0.000000 1.018541 -27.583889 -1.522887 2.442604 0.000002 -0.000012 2.107261 -24.894564 -9.101265 1.785016 0.000000 -0.000025 0.000011 0.000390 0.000200 2.948916 -1.544389 0.539792 -9.455183 -12.035590 -18.779106 5.112839 -0.000002 0.000011 7.383495 -19.711918 17.851511 2.914518 0.000000 0.000000 1.099435 -29.050257 -0.354069 1.632816 -0.000002 0.000000 2.137640 -20.726587 -11.139952 1.817514 -0.000003 -0.000001 0.000242 -0.000337 -0.000133 25.633276 5.994579 -1.761724 64.877586 -79.759239 132.848099 -18.544613 0.000003 0.000012 70.838326 -46.991726 -34.626591 -29.903347 0.000000 0.000001 96.646721 -2.213756 5.032507 -27.414274 0.000012 0.000013 -4.201858 26.610153 -1.625859 -2.094768 -3.163312 -0.799955 7.228611 -36.834064 70.395096 -4.505661 0.000005 0.000000 -26.362661 -1.979219 14.560644 -2.700114 -0.000006 0.000006 -1.243170 -5.056496 0.378103 -3.121519 -0.000000 0.000006 -0.000200 0.001196 -0.000118 -3.183331 -2.255512 -0.121331 1.683103 2.385707 0.748660 -6.179836 0.000000 0.000000 -4.115832 -23.643335 2.012988 -3.389430 -0.000001 -0.000012 2.510889 -11.723464 0.821950 -2.123821 -0.000003 -0.000012 1.205287 -9.291769 1.202241 -2.529789 -0.000000 -0.000001 -0.000015 0.000272 0.000013 -3.179951 -0.924413 0.397693 -8.273505 -0.341541 0.496412 -6.054549 -0.000003 -0.000001 2.944440 -22.151548 2.333529 -4.244578 -0.000001 0.000012 2.648291 -14.414310 0.387439 -2.732867 0.000004 0.000000 0.874103 -7.965739 -2.749738 -2.043405 0.000006 -0.000001 0.000471 -0.000355 0.000011 -2.933434 0.316848 -0.122046 -10.900668 -3.481898 -16.976273 -5.826602 -0.000005 -0.000000 3.322614 -18.712925 19.182211 -4.028100 -0.000000 0.000000 0.361436 -18.336779 -0.191044 -2.443439 -0.000000 0.000000 1.758373 -19.811941 -9.474738 -1.786791 0.000003 0.000011 -0.000040 -0.001116 -0.001191 -2.949983 1.545734 -0.540328 -14.900732 -13.449933 -15.326171 -5.116444 -0.000002 -0.000000 9.560102 -14.511868 19.116074 -2.915901 -0.000000 0.000012 1.409715 -21.309984 -0.627742 -1.633906 0.000001 -0.000012 0.970522 -15.071627 -12.772516 -1.819588 0.000000 -0.000001 0.002267 0.003112 0.000243 -8.517063 2.351946 11.888292 157.053024 -12.209778 -9.447725 42.799587 0.000001 0.000002 52.919601 0.304048 -3.227858 45.345985 0.000001 -0.000007 -90.445618 -6.638325 -8.113565 14.268355 0.000005 0.000000 -9.335691 1.664476 -0.115721 6.980276 -0.121840 0.000001 -0.000054 0.000420 -0.000370 -8.535283 2.358025 -11.910014 -21.991390 -8.001724 -10.838986 -42.789711 -0.000003 -0.000003 47.161942 2.635634 -1.917202 -45.345604 0.000000 0.000000 -89.662209 -5.827187 -4.838359 -14.268300 -0.000000 -0.000000 -5.917987 1.751878 -0.800168 -6.981181 0.121853 -0.000003 0.001347 0.000107 0.000159
0.000000 0.000000 0.000000 0.000000 0.000000 0.000000 -3.911903 102.170250 -3.640058 89.352837 2.089710 -90.313538 5.266023 0.261829 -0.008408 7.708814 -1.513282 -0.706945 7.597601 -0.000001 0.000000 -6.799089 1.023148 1.636154 8.008073 -0.000000 -0.000000 16.210258 -0.539274 -1.371214 29.519594 -0.802532 0.014094 15.985691 4.233990 -0.194318 8.099053 -0.000000 0.000000 5.453319 3.201818 2.598400 6.860398 0.000000 0.000000 -22.436415 -0.939108 -0.272832 18.447189 0.760179 -0.003674 -0.000949 0.000044 0.000189 0.200078 3.635073 -0.007852 0.170642 -0.340183 0.017876 5.721212 9.287379 3.627303 12.278395 0.010168 1.806545 5.744883 9.302453 -3.630085 12.313085 0.010069 -4.043617 25.666941 5.953198 1.744820 -82.648582 -85.809006 97.984764 18.464344 -0.000002 -0.000012 77.231308 -42.953087 -38.436771 29.884953 0.000000 -0.000001 89.570816 -0.900981 4.259055 27.413786 0.000000 0.000011 -5.684604 26.411942 -15.992171 2.094321 3.161254 0.799310 13.966821 -22.909021 66.808853 4.501803 -0.000008 -0.000000 -22.812670 -0.428148 17.227528 2.698064 0.000006 -0.000006 -1.160171 -3.606946 -6.096828 3.118652 0.000000 -0.000012 0.000161 0.000035 0.000264 3.181590 2.254555 0.120951 5.493287 9.280186 -1.162636 6.175169 -0.000002 0.000011 0.092373 -39.184002 -0.241232 3.387755 -0.000001 -0.000000 7.488664 -23.311203 -0.964160 2.120990 0.000003 -0.000000 0.442486 -13.671548 -2.155843 2.529893 0.000000 0.000000 -0.000533 -0.000263 -0.000720 3.178449 0.924150 -0.397349 -3.953681 4.045529 -1.938509 6.049747 0.000000 -0.000001 5.562663 -33.393444 0.503257 4.242486 -0.000003 0.000000 6.787750 -26.002018 -1.669827 2.731824 -0.000001 0.000012 1.530051 -13.247563 -5.307247 2.041451 0.000003 0.000012 0.000058 0.000219 0.000269 2.932182 -0.316448 0.122310 -6.579732 -0.489857 -19.871908 5.821784 -0.000001 -0.000001 1.920399 -25.766886 17.947769 4.026133 0.000000 0.000000 1.174400 -28.758379 -1.627754 2.442604 0.000002 -0.000012 2.393734 -26.699600 -9.374187 1.785016 0.000000 -0.000025 -0.000008 0.000429 0.000121 2.948916 -1.544389 0.539792 -9.365751 -11.767475 -18.973326 5.112839 -0.000002 0.000011 7.773070 -18.816692 17.637375 2.914518 0.000000 0.000000 1.348133 -29.885376 -0.497482 1.632816 -0.000002 0.000000 2.600662 -22.514137 -11.571620 1.817514 -0.000003 -0.000001 0.000182 -0.000357 -0.000257 25.633276 5.994579 -1.761724 65.747360 -81.267532 131.625717 -18.544613 0.000003 0.000012 76.059982 -44.646698 -34.944050 -29.903347 0.000000 0.000001 95.673798 -1.882336 4.567932 -27.414274 0.000012 0.000013 -2.865830 24.279329 0.488940 -2.094768 -3.163312 -0.799955 7.273104 -36.880337 70.710373 -4.505661 0.000005 0.000000 -26.111839 -2.031192 14.544962 -2.700114 -0.000006 0.000006 -1.294841 -5.220560 0.653056 -3.121519 -0.000000 0.000006 -0.000243 0.001270 -0.000052 -3.183331 -2.255512 -0.121331 2.551955 2.431116 0.712318 -6.179836 0.000000 0.000000 -4.397305 -23.878271 2.077068 -3.389430 -0.000001 -0.000012 3.278634 -13.865406 0.640382 -2.123821 -0.000003 -0.000012 1.042188 -11.425126 0.302077 -2.529789 -0.000000 -0.000001 -0.000126 0.000206 0.000067 -3.179951 -0.924413 0.397693 -7.509690 -0.065068 0.382655 -6.054549 -0.000003 -0.000001 2.727280 -22.471106 2.550462 -4.244578 -0.000001 0.000012 3.589511 -16.670078 0.250543 -2.732867 0.000004 0.000000 1.172698 -10.278951 -4.106084 -2.043405 0.000006 -0.000001 0.000421 -0.000321 -0.000031 -2.933434 0.316848 -0.122046 -10.347181 -3.235204 -17.162846 -5.826602 -0.000005 -0.000000 3.162174 -18.725216 19.273001 -4.028100 -0.000000 0.000000 1.411146 -20.538568 -0.476228 -2.443439 -0.000000 0.000000 2.591822 -22.287312 -11.146167 -1.786791 0.000003 0.000011 -0.000351 -0.001120 -0.001191 -2.949983 1.545734 -0.540328 -14.512315 -12.841523 -15.508612 -5.116444 -0.000002 -0.000000 9.222646 -14.871276 19.179487 -2.915901 -0.000000 0.000012 2.748650 -23.041695 -1.020848 -1.633906 0.000001 -0.000012 1.913391 -17.514732 -14.737364 -1.819588 0.000000 -0.000001 0.001908 0.002879 0.000201 -8.517063 2.351946 11.888292 157.220734 -12.138805 -10.028840 42.799587 0.000001 0.000002 53.545464 0.598931 -3.499397 45.345985 0.000001 -0.000007 -90.307030 -7.120490 -7.954380 14.268355 0.000005 0.000000 -9.014915 1.519081 -0.463246 6.980276 -0.121840 0.000001 0.000082 0.000462 -0.000371 -8.535283 2.358025 -11.910014 -21.640688 -8.658913 -10.872630 -42.789711 -0.000003 -0.000003 47.725201 2.445047 -1.873131 -45.345604 0.000000 0.000000 -89.594063 -5.418082 -5.291144 -14.268300 -0.000000 -0.000000 -5.923416 1.594175 -0.934524 -6.981181 0.121853 -0.000003 0.001647 0.000243 0.000076
0.000000 0.000000 0.000000 0.000000 0.000000 0.000000 -3.957269 102.370796 -2.962656 89.468025 1.641409 -89.722191 5.266023 0.261829 -0.008408 7.336179 -1.492651 -0.769035 7.597601 -0.000001 0.000000 -6.728976 0.972336 1.896660 8.008073 -0.000000 -0.000000 16.200451 -0.455409 -1.298496 29.519594 -0.802532 0.014094 16.682745 3.958392 -0.324492 8.099053 -0.000000 0.000000 6.380361 3.535716 2.737745 6.860398 0.000000 0.000000 -22.127140 -0.955374 -0.701216 18.447189 0.760179 -0.003674 -0.000885 0.000121 0.000151 0.200078 3.635073 -0.007852 0.140108 -0.333435 0.039655 5.721212 9.287379 3.627303 11.979086 0.027550 1.901310 5.744883 9.302453 -3.630085 12.019487 0.027727 -3.952024 25.666941 5.953198 1.744820 -80.929237 -86.894302 96.069145 18.464344 -0.000002 -0.000012 79.424751 -41.607716 -38.506721 29.884953 0.000000 -0.000001 86.281906 -0.149387 4.500523 27.413786 0.000000 0.000011 -6.248833 25.630964 -15.331710 2.094321 3.161254 0.799310 13.574213 -23.446552 67.194115 4.501803 -0.000008 -0.000000 -22.943241 -0.385889 17.213085 2.698064 0.000006 -0.000006 -1.256806 -3.691752 -5.916833 3.118652 0.000000 -0.000012 0.000125 -0.000078 0.000334 3.181590 2.254555 0.120951 5.572950 9.161001 -0.829287 6.175169 -0.000002 0.000011 -0.295164 -39.424259 0.042959 3.387755 -0.000001 -0.000000 7.322385 -23.500536 -0.825850 2.120990 0.000003 -0.000000 0.425878 -13.942739 -2.064266 2.529893 0.000000 0.000000 -0.000458 -0.000181 -0.000702 3.178449 0.924150 -0.397349 -4.022202 4.180954 -1.698966 6.049747 0.000000 -0.000001 5.234281 -33.640469 0.799625 4.242486 -0.000003 0.000000 6.736295 -26.376722 -1.575319 2.731824 -0.000001 0.000012 1.518073 -13.569915 -5.303429 2.041451 0.000003 0.000012 -0.000008 0.000195 0.000339 2.932182 -0.316448 0.122310 -6.674751 -0.200568 -19.698042 5.821784 -0.000001 -0.000001 1.388039 -25.772448 18.246317 4.026133 0.000000 0.000000 0.993577 -29.252329 -1.493103 2.442604 0.000002 -0.000012 2.432175 -27.190252 -9.358824 1.785016 0.000000 -0.000025 -0.000132 0.000495 0.000063 2.948916 -1.544389 0.539792 -9.812123 -11.288203 -18.778938 5.112839 -0.000002 0.000011 7.570836 -18.971331 17.840679 2.914518 0.000000 0.000000 1.231476 -30.294611 -0.408543 1.632816 -0.000002 0.000000 2.654522 -22.966673 -11.540686 1.817514 -0.000003 -0.000001 0.000134 -0.000367 -0.000249 25.633276 5.994579 -1.761724 66.453598 -82.129898 130.886505 -18.544613 0.000003 0.000012 78.958015 -43.643906 -36.359577 -29.903347 0.000000 0.000001 94.812714 -1.463780 4.802002 -27.414274 0.000012 0.000013 -3.216408 24.578085 0.343669 -2.094768 -3.163312 -0.799955 6.831462 -37.200562 70.955765 -4.505661 0.000005 0.000000 -26.178679 -1.937765 14.512008 -2.700114 -0.000006 0.000006 -1.301679 -5.188365 0.745217 -3.121519 -0.000000 0.000006 -0.000086 0.001141 -0.000112 -3.183331 -2.255512 -0.121331 2.623135 2.373070 0.699823 -6.179836 0.000000 0.000000 -4.460227 -24.144094 2.123558 -3.389430 -0.000001 -0.000012 3.508818 -14.571051 0.707489 -2.123821 -0.000003 -0.000012 1.069084 -11.951853 0.083012 -2.529789 -0.000000 -0.000001 -0.000222 0.000124 -0.000024 -3.179951 -0.924413 0.397693 -7.457270 -0.036727 0.433961 -6.054549 -0.000003 -0.000001 2.812707 -22.896168 2.593526 -4.244578 -0.000001 0.000012 3.875461 -17.391306 0.188647 -2.732867 0.000004 0.000000 1.345597 -10.848967 -4.529111 -2.043405 0.000006 -0.000001 0.000515 -0.000194 -0.000041 -2.933434 0.316848 -0.122046 -10.219345 -3.193342 -17.188162 -5.826602 -0.000005 -0.000000 2.976635 -19.124205 19.427490 -4.028100 -0.000000 0.000000 1.659819 -21.252279 -0.544953 -2.443439 -0.000000 0.000000 2.897247 -23.001781 -11.659917 -1.786791 0.000003 0.000011 0.000020 -0.000898 -0.001083 -2.949983 1.545734 -0.540328 -14.418433 -12.670238 -15.628635 -5.116444 -0.000002 -0.000000 8.974295 -15.410821 19.278320 -2.915901 -0.000000 0.000012 3.081875 -23.655582 -1.073187 -1.633906 0.000001 -0.000012 2.228563 -18.180779 -15.370844 -1.819588 0.000000 -0.000001 0.002254 0.003191 0.000312 -8.517063 2.351946 11.888292 157.453903 -12.260341 -10.305133 42.799587 0.000001 0.000002 52.831661 0.589486 -3.545656 45.345985 0.000001 -0.000007 -90.019341 -7.067313 -7.691617 14.268355 0.000005 0.000000 -8.650609 1.684958 -0.341751 6.980276 -0.121840 0.000001 0.000030 0.000496 -0.000430 -8.535283 2.358025 -11.910014 -21.014597 -8.829898 -11.215354 -42.789711 -0.000003 -0.000003 46.888718 2.825568 -1.740812 -45.345604 0.000000 0.000000 -89.415596 -4.959196 -5.661219 -14.268300 -0.000000 -0.000000 -5.790726 1.575738 -1.178597 -6.981181 0.121853 -0.000003 0.001280 0.000375 -0.000064
0.000000 0.000000 0.000000 0.000000 0.000000 0.000000 -4.037263 102.730011 -2.588961 89.408829 1.635719 -89.214859 5.266023 0.261829 -0.008408 6.976933 -1.468625 -0.692706 7.597601 -0.000001 0.000000 -6.685781 0.937716 1.942719 8.008073 -0.000000 -0.000000 16.317926 -0.475967 -1.242161 29.519594 -0.802532 0.014094 17.296137 3.984623 -0.506313 8.099053 -0.000000 0.000000 7.409216 3.939493 3.001764 6.860398 0.000000 0.000000 -22.396561 -1.063802 -1.242686 18.447189 0.760179 -0.003674 -0.000853 0.000164 0.000192 0.200078 3.635073 -0.007852 0.182513 -0.311755 0.034658 5.721212 9.287379 3.627303 11.774847 0.024224 1.887929 5.744883 9.302453 -3.630085 11.815976 0.024450 -3.964411 25.666941 5.953198 1.744820 -76.815254 -87.165154 92.068474 18.464344 -0.000002 -0.000012 80.524757 -40.697960 -38.376518 29.884953 0.000000 -0.000001 85.247551 0.091132 4.368143 27.413786 0.000000 0.000011 -6.044057 24.585047 -12.951143 2.094321 3.161254 0.799310 13.225629 -23.742271 67.465591 4.501803 -0.000008 -0.000000 -22.857779 -0.331023 17.267561 2.698064 0.000006 -0.000006 -1.285641 -3.702989 -5.817107 3.118652 0.000000 -0.000012 0.000017 -0.000145 0.000410 3.181590 2.254555 0.120951 5.670407 8.905787 -0.573409 6.175169 -0.000002 0.000011 -0.735540 -39.248264 0.215354 3.387755 -0.000001 -0.000000 7.042002 -23.426632 -0.722784 2.120990 0.000003 -0.000000 0.315106 -14.211883 -1.827213 2.529893 0.000000 0.000000 -0.000394 -0.000108 -0.000676 3.178449 0.924150 -0.397349 -4.055844 4.165325 -1.531443 6.049747 0.000000 -0.000001 4.798363 -33.608173 0.961939 4.242486 -0.000003 0.000000 6.487762 -26.444061 -1.460847 2.731824 -0.000001 0.000012 1.433239 -13.852923 -5.111504 2.041451 0.000003 0.000012 -0.000147 0.000108 0.000311 2.932182 -0.316448 0.122310 -6.809764 -0.132245 -19.490358 5.821784 -0.000001 -0.000001 1.086505 -25.567675 18.349867 4.026133 0.000000 0.000000 0.744415 -29.392946 -1.362429 2.442604 0.000002 -0.000012 2.390902 -27.532156 -9.238967 1.785016 0.000000 -0.000025 -0.000262 0.000488 0.000076 2.948916 -1.544389 0.539792 -10.216546 -11.006515 -18.447931 5.112839 -0.000002 0.000011 7.400034 -18.978815 17.943247 2.914518 0.000000 0.000000 1.040759 -30.410618 -0.330020 1.632816 -0.000002 0.000000 2.639193 -23.272593 -11.434628 1.817514 -0.000003 -0.000001 0.000140 -0.000366 -0.000225 25.633276 5.994579 -1.761724 67.884132 -82.547562 129.522858 -18.544613 0.000003 0.000012 80.213699 -42.833622 -36.744587 -29.903347 0.000000 0.000001 94.010208 -1.342606 4.787304 -27.414274 0.000012 0.000013 -3.391058 24.408152 0.529112 -2.094768 -3.163312 -0.799955 6.551467 -37.327644 71.278824 -4.505661 0.000005 0.000000 -26.153952 -1.874682 14.495549 -2.700114 -0.000006 0.000006 -1.328351 -5.205608 0.844822 -3.121519 -0.000000 0.000006 0.000046 0.001081 -0.000147 -3.183331 -2.255512 -0.121331 2.761593 2.452042 0.683025 -6.179836 0.000000 0.000000 -4.483407 -24.424475 2.144042 -3.389430 -0.000001 -0.000012 3.860612 -15.385398 0.639118 -2.123821 -0.000003 -0.000012 1.088371 -12.598979 -0.251818 -2.529789 -0.000000 -0.000001 -0.000301 0.000035 -0.000112 -3.179951 -0.924413 0.397693 -7.289495 0.118855 0.391847 -6.054549 -0.000003 -0.000001 2.776421 -23.302456 2.676577 -4.244578 -0.000001 0.000012 4.344961 -18.274469 0.107265 -2.732867 0.000004 0.000000 1.533711 -11.570425 -5.033985 -2.043405 0.000006 -0.000001 0.000533 -0.000120 0.000025 -2.933434 0.316848 -0.122046 -10.034642 -3.030788 -17.231932 -5.826602 -0.000005 -0.000000 2.819584 -19.517897 19.563391 -4.028100 -0.000000 0.000000 2.097592 -22.118935 -0.624214 -2.443439 -0.000000 0.000000 3.258389 -23.803043 -12.286897 -1.786791 0.000003 0.000011 0.000204 -0.000807 -0.001025 -2.949983 1.545734 -0.540328 -14.305297 -12.382000 -15.669264 -5.116444 -0.000002 -0.000000 8.827884 -15.972363 19.350760 -2.915901 -0.000000 0.000012 3.605287 -24.273796 -1.108799 -1.633906 0.000001 -0.000012 2.671273 -18.976763 -16.150875 -1.819588 0.000000 -0.000001 0.002388 0.003337 0.000409 -8.517063 2.351946 11.888292 157.587494 -12.123286 -10.607476 42.799587 0.000001 0.000002 51.848850 0.645279 -3.585512 45.345985 0.000001 -0.000007 -89.759888 -7.154336 -7.523620 14.268355 0.000005 0.000000 -8.649139 1.674566 -0.311650 6.980276 -0.121840 0.000001 -0.000046 0.000468 -0.000439 -8.535283 2.358025 -11.910014 -20.349541 -8.917176 -11.312000 -42.789711 -0.000003 -0.000003 45.362629 3.042144 -1.820689 -45.345604 0.000000 0.000000 -88.932541 -4.942835 -5.884882 -14.268300 -0.000000 -0.000000 -6.009181 1.571976 -1.195965 -6.981181 0.121853 -0.000003 0.001091 0.000419 -0.000153
0.000000 0.000000 0.000000 0.000000 0.000000 0.000000 -4.147170 103.266373 -2.524219 89.362144 1.796251 -88.641289 5.266023 0.261829 -0.008408 6.778986 -1.445818 -0.497826 7.597601 -0.000001 0.000000 -6.710428 0.900895 1.975145 8.008073 -0.000000 -0.000000 16.383907 -0.337621 -1.149491 29.519594 -0.802532 0.014094 17.808170 3.909516 -0.721824 8.099053 -0.000000 0.000000 8.611911 4.493808 3.333321 6.860398 0.000000 0.000000 -22.281670 -1.118371 -2.140123 18.447189 0.760179 -0.003674 -0.000835 0.000206 0.000219 0.200078 3.635073 -0.007852 0.187374 -0.271014 0.018685 5.721212 9.287379 3.627303 11.561468 0.025580 1.962926 5.744883 9.302453 -3.630085 11.602615 0.025626 -3.887117 25.666941 5.953198 1.744820 -69.644913 -87.253456 84.939079 18.464344 -0.000002 -0.000012 81.534035 -40.122833 -38.841270 29.884953 0.000000 -0.000001 85.009750 0.253185 4.469691 27.413786 0.000000 0.000011 -6.236609 24.663826 -12.054976 2.094321 3.161254 0.799310 12.992473 -24.069143 67.503601 4.501803 -0.000008 -0.000000 -22.842066 -0.381217 17.246149 2.698064 0.000006 -0.000006 -1.299136 -3.618040 -5.816378 3.118652 0.000000 -0.000012 -0.000078 -0.000161 0.000446 3.181590 2.254555 0.120951 5.584478 8.677191 -0.381162 6.175169 -0.000002 0.000011 -1.029525 -39.300636 0.456071 3.387755 -0.000001 -0.000000 6.730063 -23.273701 -0.569519 2.120990 0.000003 -0.000000 0.267649 -13.968566 -1.693013 2.529893 0.000000 0.000000 -0.000269 -0.000067 -0.000583 3.178449 0.924150 -0.397349 -4.159802 4.018921 -1.359174 6.049747 0.000000 -0.000001 4.514539 -33.652222 1.173168 4.242486 -0.000003 0.000000 6.219883 -26.505955 -1.338600 2.731824 -0.000001 0.000012 1.339556 -13.663973 -4.977050 2.041451 0.000003 0.000012 -0.000282 0.000004 0.000232 2.932182 -0.316448 0.122310 -6.925818 -0.182010 -19.242746 5.821784 -0.000001 -0.000001 0.780571 -25.644142 18.517492 4.026133 0.000000 0.000000 0.561798 -29.491316 -1.210650 2.442604 0.000002 -0.000012 2.223145 -27.303741 -8.956067 1.785016 0.000000 -0.000025 -0.000362 0.000438 0.000082 2.948916 -1.544389 0.539792 -10.520244 -10.909327 -18.244566 5.112839 -0.000002 0.000011 7.286469 -19.207273 18.015949 2.914518 0.000000 0.000000 0.858864 -30.437803 -0.260912 1.632816 -0.000002 0.000000 2.465794 -23.044641 -11.144958 1.817514 -0.000003 -0.000001 0.000157 -0.000337 -0.000217 25.633276 5.994579 -1.761724 69.350807 -83.036057 128.162018 -18.544613 0.000003 0.000012 80.538483 -42.307880 -37.065842 -29.903347 0.000000 0.000001 93.101585 -1.162516 4.741897 -27.414274 0.000012 0.000013 -2.926932 25.239079 -1.026132 -2.094768 -3.163312 -0.799955 7.161564 -36.961460 70.918282 -4.505661 0.000005 0.000000 -26.082979 -1.623451 14.422642 -2.700114 -0.000006 0.000006 -1.276587 -5.018365 0.743841 -3.121519 -0.000000 0.000006 0.000125 0.001064 -0.000162 -3.183331 -2.255512 -0.121331 3.034808 2.669323 0.377023 -6.179836 0.000000 0.000000 -4.213644 -24.474283 2.112882 -3.389430 -0.000001 -0.000012 4.163196 -15.736768 0.532490 -2.123821 -0.000003 -0.000012 1.212196 -12.506417 -0.536626 -2.529789 -0.000000 -0.000001 -0.000374 -0.000058 -0.000188 -3.179951 -0.924413 0.397693 -6.997341 0.191362 0.053675 -6.054549 -0.000003 -0.000001 3.095999 -23.417664 2.543557 -4.244578 -0.000001 0.000012 4.694617 -18.570419 0.001709 -2.732867 0.000004 0.000000 1.676785 -11.563660 -5.160463 -2.043405 0.000006 -0.000001 0.000499 -0.000073 0.000097 -2.933434 0.316848 -0.122046 -9.559753 -3.087770 -17.471365 -5.826602 -0.000005 -0.000000 2.928568 -19.637629 19.515285 -4.028100 -0.000000 0.000000 2.379605 -22.340410 -0.772489 -2.443439 -0.000000 0.000000 3.397190 -23.783535 -12.402596 -1.786791 0.000003 0.000011 0.000229 -0.000793 -0.001003 -2.949983 1.545734 -0.540328 -13.681023 -12.512882 -15.991885 -5.116444 -0.000002 -0.000000 8.856998 -16.105549 19.209082 -2.915901 -0.000000 0.000012 3.818499 -24.237356 -1.106748 -1.633906 0.000001 -0.000012 2.804348 -18.985636 -16.304302 -1.819588 0.000000 -0.000001 0.002434 0.003386 0.000480 -8.517063 2.351946 11.888292 158.000900 -11.785763 -10.830198 42.799587 0.000001 0.000002 50.305191 0.618999 -3.633601 45.345985 0.000001 -0.000007 -89.227821 -7.106193 -7.278619 14.268355 0.000005 0.000000 -8.836432 1.673606 -0.206573 6.980276 -0.121840 0.000001 -0.000136 0.000391 -0.000397 -8.535283 2.358025 -11.910014 -19.388428 -8.895925 -11.405511 -42.789711 -0.000003 -0.000003 43.287628 3.199628 -2.059218 -45.345604 0.000000 0.000000 -88.017433 -4.586288 -6.111126 -14.268300 -0.000000 -0.000000 -6.112009 1.582157 -1.259509 -6.981181 0.121853 -0.000003 0.001047 0.000407 -0.000184
0.000000 0.000000 0.000000 0.000000 0.000000 0.000000 -4.280334 103.913750 -2.722535 88.920479 2.088746 -87.919800 5.266023 0.261829 -0.008408 6.734770 -1.582272 -0.385549 7.597601 -0.000001 0.000000 -6.771774 0.926206 1.963758 8.008073 -0.000000 -0.000000 16.351818 -0.409299 -0.994686 29.519594 -0.802532 0.014094 18.150517 4.007638 -1.010461 8.099053 -0.000000 0.000000 10.060884 4.969284 3.743362 6.860398 0.000000 0.000000 -22.344908 -1.141706 -3.223810 18.447189 0.760179 -0.003674 -0.000782 0.000240 0.000258 0.200078 3.635073 -0.007852 0.172328 -0.226137 0.009468 5.721212 9.287379 3.627303 11.353209 0.017890 2.030600 5.744883 9.302453 -3.630085 11.394135 0.017897 -3.817979 25.666941 5.953198 1.744820 -65.258987 -86.882462 80.817047 18.464344 -0.000002 -0.000012 81.200447 -39.794895 -38.621590 29.884953 0.000000 -0.000001 86.588020 -0.267447 4.030345 27.413786 0.000000 0.000011 -5.472943 24.607176 -9.740167 2.094321 3.161254 0.799310 12.931555 -24.583382 67.481430 4.501803 -0.000008 -0.000000 -22.759977 -0.408419 17.197073 2.698064 0.000006 -0.000006 -1.333300 -3.550678 -5.609958 3.118652 0.000000 -0.000012 -0.000174 -0.000195 0.000510 3.181590 2.254555 0.120951 5.854041 8.456834 -0.323921 6.175169 -0.000002 0.000011 -1.066726 -39.492790 0.356950 3.387755 -0.000001 -0.000000 6.896152 -23.366234 -0.533823 2.120990 0.000003 -0.000000 0.246846 -13.891317 -1.823951 2.529893 0.000000 0.000000 -0.000198 -0.000011 -0.000511 3.178449 0.924150 -0.397349 -3.976585 3.887718 -1.360800 6.049747 0.000000 -0.000001 4.582374 -33.786076 1.110516 4.242486 -0.000003 0.000000 6.313200 -26.732624 -1.284508 2.731824 -0.000001 0.000012 1.329623 -13.625371 -5.109592 2.041451 0.000003 0.000012 -0.000411 -0.000099 0.000161 2.932182 -0.316448 0.122310 -6.801734 -0.250028 -19.111776 5.821784 -0.000001 -0.000001 0.794998 -25.812080 18.520435 4.026133 0.000000 0.000000 0.680541 -29.624823 -1.169841 2.442604 0.000002 -0.000012 2.248509 -27.314678 -8.975504 1.785016 0.000000 -0.000025 -0.000456 0.000404 0.000118 2.948916 -1.544389 0.539792 -10.562787 -10.832163 -18.129429 5.112839 -0.000002 0.000011 7.311428 -19.462410 18.015265 2.914518 0.000000 0.000000 0.946046 -30.454826 -0.281448 1.632816 -0.000002 0.000000 2.505744 -23.117861 -11.091825 1.817514 -0.000003 -0.000001 0.000190 -0.000292 -0.000218 25.633276 5.994579 -1.761724 72.058945 -83.133736 125.715752 -18.544613 0.000003 0.000012 80.060448 -42.115845 -36.783798 -29.903347 0.000000 0.000001 92.495575 -1.238003 4.544721 -27.414274 0.000012 0.000013 -2.658002 25.257078 -2.525324 -2.094768 -3.163312 -0.799955 7.644754 -36.495644 70.676430 -4.505661 0.000005 0.000000 -26.093431 -1.401237 14.269562 -2.700114 -0.000006 0.000006 -1.259505 -4.765760 0.723124 -3.121519 -0.000000 0.000006 0.000241 0.001004 -0.000205 -3.183331 -2.255512 -0.121331 3.376700 3.074703 0.022060 -6.179836 0.000000 0.000000 -3.983810 -24.268457 1.966118 -3.389430 -0.000001 -0.000012 4.519940 -15.859091 0.351639 -2.123821 -0.000003 -0.000012 1.251724 -12.384591 -0.655634 -2.529789 -0.000000 -0.000001 -0.000430 -0.000114 -0.000285 -3.179951 -0.924413 0.397693 -6.618809 0.367768 -0.250689 -6.054549 -0.000003 -0.000001 3.338331 -23.223572 2.291756 -4.244578 -0.000001 0.000012 5.049582 -18.539377 -0.134106 -2.732867 0.000004 0.000000 1.762611 -11.459818 -5.355911 -2.043405 0.000006 -0.000001 0.000516 0.000011 0.000173 -2.933434 0.316848 -0.122046 -9.120277 -3.039141 -17.718592 -5.826602 -0.000005 -0.000000 3.217818 -19.457098 19.321867 -4.028100 -0.000000 0.000000 2.768635 -22.232969 -0.926111 -2.443439 -0.000000 0.000000 3.582356 -23.753883 -12.675622 -1.786791 0.000003 0.000011 0.000482 -0.000724 -0.000960 -2.949983 1.545734 -0.540328 -13.067137 -12.623084 -16.276783 -5.116444 -0.000002 -0.000000 9.045341 -15.855935 19.040936 -2.915901 -0.000000 0.000012 4.136071 -23.835054 -1.172510 -1.633906 0.000001 -0.000012 2.980857 -18.975990 -16.605494 -1.819588 0.000000 -0.000001 0.002662 0.003568 0.000591 -8.517063 2.351946 11.888292 158.559982 -11.093246 -11.062724 42.799587 0.000001 0.000002 48.539101 0.863731 -3.654917 45.345985 0.000001 -0.000007 -88.603035 -7.168257 -7.071112 14.268355 0.000005 0.000000 -8.908588 1.698418 -0.138773 6.980276 -0.121840 0.000001 -0.000221 0.000302 -0.000341 -8.535283 2.358025 -11.910014 -18.354124 -9.018680 -11.421124 -42.789711 -0.000003 -0.000003 41.059868 2.884738 -2.322913 -45.345604 0.000000 0.000000 -86.917534 -4.640754 -6.432036 -14.268300 -0.000000 -0.000000 -6.488550 1.683697 -1.220510 -6.981181 0.121853 -0.000003 0.000786 0.000399 -0.000194
0.000000 0.000000 0.000000 0.000000 0.000000 0.000000 -4.434134 104.714500 -3.097850 88.675209 2.847142 -87.077095 5.266023 0.261829 -0.008408 6.680889 -1.666495 -0.214236 7.597601 -0.000001 0.000000 -6.892727 0.980841 1.863134 8.008073 -0.000000 -0.000000 16.462463 -0.407440 -0.854246 29.519594 -0.802532 0.014094 18.476349 4.154225 -1.312398 8.099053 -0.000000 0.000000 11.705193 5.763700 4.261301 6.860398 0.000000 0.000000 -22.494392 -1.345307 -4.528039 18.447189 0.760179 -0.003674 -0.000713 0.000317 0.000307 0.200078 3.635073 -0.007852 0.146523 -0.215647 -0.036793 5.721212 9.287379 3.627303 10.940156 0.010557 2.057653 5.744883 9.302453 -3.630085 10.982139 0.010381 -3.788835 25.666941 5.953198 1.744820 -62.840832 -86.394028 78.568367 18.464344 -0.000002 -0.000012 80.978394 -39.773861 -38.909172 29.884953 0.000000 -0.000001 88.152664 -0.577755 3.905758 27.413786 0.000000 0.000011 -5.350985 24.566692 -8.150972 2.094321 3.161254 0.799310 12.679770 -24.959126 67.474571 4.501803 -0.000008 -0.000000 -22.755583 -0.562809 17.035431 2.698064 0.000006 -0.000006 -1.422649 -3.580035 -5.325742 3.118652 0.000000 -0.000012 -0.000245 -0.000147 0.000581 3.181590 2.254555 0.120951 5.808957 8.215146 -0.212752 6.175169 -0.000002 0.000011 -1.256442 -40.393475 0.310613 3.387755 -0.000001 -0.000000 7.183051 -23.891645 -0.474147 2.120990 0.000003 -0.000000 0.243074 -13.932664 -2.270342 2.529893 0.000000 0.000000 -0.000100 -0.000048 -0.000444 3.178449 0.924150 -0.397349 -4.145540 3.624364 -1.325293 6.049747 0.000000 -0.000001 4.481212 -34.552631 1.175920 4.242486 -0.000003 0.000000 6.567172 -27.453766 -1.226090 2.731824 -0.000001 0.000012 1.371903 -13.835482 -5.561266 2.041451 0.000003 0.000012 -0.000548 -0.000195 0.000047 2.932182 -0.316448 0.122310 -7.017980 -0.480601 -18.911438 5.821784 -0.000001 -0.000001 0.426284 -26.482237 18.775967 4.026133 0.000000 0.000000 0.866513 -30.315731 -1.073603 2.442604 0.000002 -0.000012 2.352780 -27.637205 -9.128324 1.785016 0.000000 -0.000025 -0.000543 0.000321 0.000135 2.948916 -1.544389 0.539792 -10.892731 -10.977680 -17.819376 5.112839 -0.000002 0.000011 7.012484 -20.203259 18.226883 2.914518 0.000000 0.000000 1.119693 -31.018070 -0.251810 1.632816 -0.000002 0.000000 2.673675 -23.538242 -11.190044 1.817514 -0.000003 -0.000001 0.000204 -0.000283 -0.000217 25.633276 5.994579 -1.761724 73.348686 -83.028778 124.791824 -18.544613 0.000003 0.000012 78.970146 -41.874683 -36.202133 -29.903347 0.000000 0.000001 91.935097 -1.224006 4.368388 -27.414274 0.000012 0.000013 -2.561478 25.245571 -3.056982 -2.094768 -3.163312 -0.799955 7.436112 -36.468628 70.734467 -4.505661 0.000005 0.000000 -26.182346 -1.408537 14.015391 -2.700114 -0.000006 0.000006 -1.311525 -4.739364 0.859887 -3.121519 -0.000000 0.000006 0.000366 0.000914 -0.000269 -3.183331 -2.255512 -0.121331 3.515377 3.299623 -0.035471 -6.179836 0.000000 0.000000 -3.843338 -25.269533 1.870897 -3.389430 -0.000001 -0.000012 4.971780 -16.759878 0.157308 -2.123821 -0.000003 -0.000012 1.288230 -12.468910 -1.082354 -2.529789 -0.000000 -0.000001 -0.000514 -0.000205 -0.000398 -3.179951 -0.924413 0.397693 -6.530033 0.558808 -0.376692 -6.054549 -0.000003 -0.000001 3.541897 -24.330694 2.188156 -4.244578 -0.000001 0.000012 5.572428 -19.522758 -0.213770 -2.732867 0.000004 0.000000 1.986655 -11.773267 -5.903086 -2.043405 0.000006 -0.000001 0.000524 0.000048 0.000245 -2.933434 0.316848 -0.122046 -9.013552 -2.923460 -17.675959 -5.826602 -0.000005 -0.000000 3.089632 -20.499388 19.412189 -4.028100 -0.000000 0.000000 3.322257 -23.235233 -1.056942 -2.443439 -0.000000 0.000000 4.014625 -24.299805 -13.332562 -1.786791 0.000003 0.000011 0.000760 -0.000699 -0.000924 -2.949983 1.545734 -0.540328 -13.016443 -12.506676 -16.235552 -5.116444 -0.000002 -0.000000 8.964972 -16.903551 19.151058 -2.915901 -0.000000 0.000012 4.962792 -24.545975 -1.246080 -1.633906 0.000001 -0.000012 3.568980 -19.683432 -17.523138 -1.819588 0.000000 -0.000001 0.002927 0.003757 0.000685 -8.517063 2.351946 11.888292 159.105194 -10.469568 -11.287760 42.799587 0.000001 0.000002 46.067219 1.118724 -3.705135 45.345985 0.000001 -0.000007 -88.041534 -7.083512 -6.879382 14.268355 0.000005 0.000000 -9.065630 1.705345 -0.073209 6.980276 -0.121840 0.000001 -0.000343 0.000240 -0.000291 -8.535283 2.358025 -11.910014 -17.007475 -8.810315 -11.363859 -42.789711 -0.000003 -0.000003 37.563766 2.672006 -2.618836 -45.345604 0.000000 0.000000 -85.695709 -4.859972 -6.777351 -14.268300 -0.000000 -0.000000 -6.896800 1.733123 -1.106892 -6.981181 0.121853 -0.000003 0.000518 0.000317 -0.000150
0.000000 0.000000 0.000000 0.000000 0.000000 0.000000 -4.611496 105.566177 -3.543370 88.327820 3.937874 -86.028160 5.266023 0.261829 -0.008408 6.727428 -1.810917 -0.162374 7.597601 -0.000001 0.000000 -6.846923 1.023941 1.780461 8.008073 -0.000000 -0.000000 16.401331 -0.431814 -0.702932 29.519594 -0.802532 0.014094 18.723877 4.464341 -1.521225 8.099053 -0.000000 0.000000 13.260404 6.556574 4.721144 6.860398 0.000000 0.000000 -22.935801 -1.608560 -5.866500 18.447189 0.760179 -0.003674 -0.000703 0.000387 0.000319 0.200078 3.635073 -0.007852 0.079376 -0.231901 -0.061002 5.721212 9.287379 3.627303 10.643797 -0.012346 1.998213 5.744883 9.302453 -3.630085 10.685569 -0.012778 -3.845850 25.666941 5.953198 1.744820 -60.039139 -85.485039 75.974365 18.464344 -0.000002 -0.000012 79.931625 -40.313976 -39.518703 29.884953 0.000000 -0.000001 91.141335 -1.115014 3.500086 27.413786 0.000000 0.000011 -4.223021 24.540333 -6.057123 2.094321 3.161254 0.799310 12.445655 -25.422472 67.202866 4.501803 -0.000008 -0.000000 -22.525246 -0.716931 16.823843 2.698064 0.000006 -0.000006 -1.519857 -3.770906 -4.790869 3.118652 0.000000 -0.000012 -0.000275 -0.000030 0.000615 3.181590 2.254555 0.120951 6.058753 7.923142 -0.437835 6.175169 -0.000002 0.000011 -1.245036 -41.463806 0.103519 3.387755 -0.000001 -0.000000 7.602535 -24.320679 -0.478037 2.120990 0.000003 -0.000000 0.274125 -13.950794 -2.778833 2.529893 0.000000 0.000000 0.000018 -0.000144 -0.000364 3.178449 0.924150 -0.397349 -3.998785 3.361552 -1.488544 6.049747 0.000000 -0.000001 4.781286 -35.385937 0.979030 4.242486 -0.000003 0.000000 6.870223 -28.028194 -1.167080 2.731824 -0.000001 0.000012 1.461164 -13.932101 -6.145864 2.041451 0.000003 0.000012 -0.000636 -0.000238 -0.000068 2.932182 -0.316448 0.122310 -6.872991 -0.740164 -18.801731 5.821784 -0.000001 -0.000001 0.403369 -27.155935 18.949400 4.026133 0.000000 0.000000 1.167298 -30.693716 -1.032419 2.442604 0.000002 -0.000012 2.551237 -27.790056 -9.473677 1.785016 0.000000 -0.000025 -0.000579 0.000231 0.000107 2.948916 -1.544389 0.539792 -10.824643 -11.156662 -17.601768 5.112839 -0.000002 0.000011 6.975606 -20.854116 18.480827 2.914518 0.000000 0.000000 1.280100 -31.277090 -0.223140 1.632816 -0.000002 0.000000 2.843653 -23.723806 -11.351910 1.817514 -0.000003 -0.000001 0.000195 -0.000306 -0.000236 25.633276 5.994579 -1.761724 76.272957 -82.687859 122.197029 -18.544613 0.000003 0.000012 77.130554 -41.862965 -35.080963 -29.903347 0.000000 0.000001 92.156868 -1.644879 3.854240 -27.414274 0.000012 0.000013 -1.709791 24.709270 -2.512710 -2.094768 -3.163312 -0.799955 7.116838 -36.314644 70.896049 -4.505661 0.000005 0.000000 -26.357908 -1.346537 13.716744 -2.700114 -0.000006 0.000006 -1.356791 -4.772611 1.049746 -3.121519 -0.000000 0.000006 0.000407 0.000886 -0.000302 -3.183331 -2.255512 -0.121331 3.800638 3.690087 -0.193112 -6.179836 0.000000 0.000000 -3.647139 -26.010887 1.650000 -3.389430 -0.000001 -0.000012 5.298118 -17.094784 -0.108424 -2.123821 -0.000003 -0.000012 1.274843 -12.275707 -1.139729 -2.529789 -0.000000 -0.000001 -0.000617 -0.000346 -0.000438 -3.179951 -0.924413 0.397693 -6.244346 0.871215 -0.658515 -6.054549 -0.000003 -0.000001 3.713390 -25.083939 1.990939 -4.244578 -0.000001 0.000012 5.842939 -19.936377 -0.277464 -2.732867 0.000004 0.000000 2.110287 -11.672316 -6.242101 -2.043405 0.000006 -0.000001 0.000477 -0.000068 0.000294 -2.933434 0.316848 -0.122046 -8.771451 -2.665946 -17.824194 -5.826602 -0.000005 -0.000000 3.177895 -21.199949 19.414682 -4.028100 -0.000000 0.000000 3.642299 -23.716049 -1.111648 -2.443439 -0.000000 0.000000 4.336675 -24.462955 -13.813108 -1.786791 0.000003 0.000011 0.000855 -0.000763 -0.000912 -2.949983 1.545734 -0.540328 -12.795255 -12.238509 -16.315992 -5.116444 -0.000002 -0.000000 9.066094 -17.687643 19.234541 -2.915901 -0.000000 0.000012 5.449223 -24.701483 -1.241244 -1.633906 0.000001 -0.000012 3.976728 -19.933161 -18.185358 -1.819588 0.000000 -0.000001 0.002958 0.003765 0.000673 -8.517063 2.351946 11.888292 159.433029 -9.829206 -11.607740 42.799587 0.000001 0.000002 43.491879 1.619306 -3.679368 45.345985 0.000001 -0.000007 -87.449867 -6.947730 -6.645645 14.268355 0.000005 0.000000 -9.232409 1.746579 0.059914 6.980276 -0.121840 0.000001 -0.000427 0.000228 -0.000264 -8.535283 2.358025 -11.910014 -15.680974 -8.750170 -11.479167 -42.789711 -0.000003 -0.000003 33.621567 2.399093 -2.914666 -45.345604 0.000000 0.000000 -84.014702 -4.769036 -7.127151 -14.268300 -0.000000 -0.000000 -7.606729 1.868633 -0.882577 -6.981181 0.121853 -0.000003 0.000484 0.000201 -0.000074
0.000000 0.000000 0.000000 0.000000 0.000000 0.000000 -4.818497 106.234070 -3.954142 88.031525 4.763006 -85.091217 5.266023 0.261829 -0.008408 6.783089 -1.895464 -0.179423 7.597601 -0.000001 0.000000 -6.813063 0.961763 1.749138 8.008073 -0.000000 -0.000000 16.427391 -0.430475 -0.621610 29.519594 -0.802532 0.014094 18.949032 4.651325 -1.734764 8.099053 -0.000000 0.000000 14.503779 7.285820 5.189249 6.860398 0.000000 0.000000 -23.220003 -1.752570 -7.268922 18.447189 0.760179 -0.003674 -0.000681 0.000446 0.000375 0.200078 3.635073 -0.007852 0.010528 -0.249170 -0.070198 5.721212 9.287379 3.627303 10.324764 -0.029733 2.003684 5.744883 9.302453 -3.630085 10.365889 -0.030337 -3.838710 25.666941 5.953198 1.744820 -59.267365 -84.727776 75.331352 18.464344 -0.000002 -0.000012 78.475807 -40.636444 -39.816341 29.884953 0.000000 -0.000001 93.557426 -1.580823 3.176342 27.413786 0.000000 0.000011 -3.049043 24.840950 -2.606404 2.094321 3.161254 0.799310 11.981739 -26.150873 67.284752 4.501803 -0.000008 -0.000000 -22.394510 -0.892224 16.743919 2.698064 0.000006 -0.000006 -1.628065 -3.772156 -4.344454 3.118652 0.000000 -0.000012 -0.000326 0.000072 0.000646 3.181590 2.254555 0.120951 6.167258 7.582016 -0.303989 6.175169 -0.000002 0.000011 -1.661516 -41.893764 0.147549 3.387755 -0.000001 -0.000000 7.651428 -24.496017 -0.391551 2.120990 0.000003 -0.000000 0.255964 -13.793656 -3.190024 2.529893 0.000000 0.000000 0.000074 -0.000241 -0.000334 3.178449 0.924150 -0.397349 -4.050539 3.277380 -1.449901 6.049747 0.000000 -0.000001 4.593732 -35.917934 1.053640 4.242486 -0.000003 0.000000 6.845591 -28.312901 -1.016099 2.731824 -0.000001 0.000012 1.452197 -13.884422 -6.544187 2.041451 0.000003 0.000012 -0.000716 -0.000280 -0.000192 2.932182 -0.316448 0.122310 -6.986052 -0.722556 -18.658810 5.821784 -0.000001 -0.000001 0.003555 -27.560658 19.275713 4.026133 0.000000 0.000000 1.148638 -30.981501 -0.845032 2.442604 0.000002 -0.000012 2.569430 -27.784481 -9.564417 1.785016 0.000000 -0.000025 -0.000585 0.000110 0.000125 2.948916 -1.544389 0.539792 -11.088770 -10.839046 -17.403299 5.112839 -0.000002 0.000011 6.538445 -21.515190 18.816177 2.914518 0.000000 0.000000 1.287732 -31.512272 -0.116962 1.632816 -0.000002 0.000000 2.889548 -23.763680 -11.351198 1.817514 -0.000003 -0.000001 0.000190 -0.000325 -0.000247 25.633276 5.994579 -1.761724 78.590378 -82.323067 120.127571 -18.544613 0.000003 0.000012 75.178970 -42.076317 -33.996758 -29.903347 0.000000 0.000001 91.689743 -1.783477 3.563979 -27.414274 0.000012 0.000013 -1.321645 24.356190 -2.461240 -2.094768 -3.163312 -0.799955 7.038966 -36.153122 70.841743 -4.505661 0.000005 0.000000 -26.498472 -1.259598 13.503178 -2.700114 -0.000006 0.000006 -1.387615 -4.647967 1.149535 -3.121519 -0.000000 0.000006 0.000438 0.000829 -0.000335 -3.183331 -2.255512 -0.121331 3.914919 4.009715 -0.343093 -6.179836 0.000000 0.000000 -3.512901 -26.553122 1.448904 -3.389430 -0.000001 -0.000012 5.523092 -17.486311 -0.272462 -2.123821 -0.000003 -0.000012 1.283845 -12.049787 -1.442160 -2.529789 -0.000000 -0.000001 -0.000670 -0.000370 -0.000472 -3.179951 -0.924413 0.397693 -6.161177 1.049049 -0.850703 -6.054549 -0.000003 -0.000001 3.858854 -25.664227 1.785803 -4.244578 -0.000001 0.000012 6.166328 -20.387300 -0.365647 -2.732867 0.000004 0.000000 2.237440 -11.608910 -6.579921 -2.043405 0.000006 -0.000001 0.000450 -0.000103 0.000343 -2.933434 0.316848 -0.122046 -8.663008 -2.557744 -17.921387 -5.826602 -0.000005 -0.000000 3.086369 -21.869425 19.470581 -4.028100 -0.000000 0.000000 3.916129 -24.099874 -1.184794 -2.443439 -0.000000 0.000000 4.605962 -24.558598 -14.197242 -1.786791 0.000003 0.000011 0.000962 -0.000856 -0.000931 -2.949983 1.545734 -0.540328 -12.707538 -12.196935 -16.461674 -5.116444 -0.000002 -0.000000 9.007470 -18.398788 19.350636 -2.915901 -0.000000 0.000012 5.988220 -24.824457 -1.246327 -1.633906 0.000001 -0.000012 4.359670 -20.118309 -18.753355 -1.819588 0.000000 -0.000001 0.003054 0.003824 0.000683 -8.517063 2.351946 11.888292 159.880966 -9.115932 -11.968058 42.799587 0.000001 0.000002 41.265633 1.875885 -3.838171 45.345985 0.000001 -0.000007 -87.082474 -7.073182 -6.181324 14.268355 0.000005 0.000000 -9.159124 1.784220 0.140699 6.980276 -0.121840 0.000001 -0.000454 0.000211 -0.000227 -8.535283 2.358025 -11.910014 -14.509012 -8.724786 -11.458073 -42.789711 -0.000003 -0.000003 30.430267 2.115117 -3.155423 -45.345604 0.000000 0.000000 -82.596825 -4.772866 -7.389254 -14.268300 -0.000000 -0.000000 -8.087936 1.925137 -0.735701 -6.981181 0.121853 -0.000003 0.000400 0.000064 0.000000
0.000000 0.000000 0.000000 0.000000 0.000000 0.000000 -5.060461 106.661652 -4.247002 88.065758 5.057097 -84.147682 5.266023 0.261829 -0.008408 6.846773 -1.862096 -0.113837 7.597601 -0.000001 0.000000 -6.854003 0.979937 1.627360 8.008073 -0.000000 -0.000000 16.395706 -0.337331 -0.588914 29.519594 -0.802532 0.014094 19.079790 4.705208 -1.931419 8.099053 -0.000000 0.000000 15.201955 7.837071 5.461654 6.860398 0.000000 0.000000 -23.245787 -1.982814 -8.091770 18.447189 0.760179 -0.003674 -0.000706 0.000436 0.000357 0.200078 3.635073 -0.007852 0.052194 -0.212834 -0.080183 5.721212 9.287379 3.627303 10.155373 -0.043025 2.009648 5.744883 9.302453 -3.630085 10.191814 -0.043791 -3.831635 25.666941 5.953198 1.744820 -59.276737 -83.921036 75.544205 18.464344 -0.000002 -0.000012 77.184662 -40.497192 -39.489422 29.884953 0.000000 -0.000001 95.027931 -1.824528 2.721702 27.413786 0.000000 0.000011 -2.231451 23.827665 -1.637216 2.094321 3.161254 0.799310 11.865232 -26.346264 67.242096 4.501803 -0.000008 -0.000000 -22.247040 -1.119104 16.694151 2.698064 0.000006 -0.000006 -1.626368 -3.862702 -4.089580 3.118652 0.000000 -0.000012 -0.000309 0.000172 0.000595 3.181590 2.254555 0.120951 6.214238 7.448594 -0.501324 6.175169 -0.000002 0.000011 -1.861275 -42.165104 0.072213 3.387755 -0.000001 -0.000000 7.868196 -24.814096 -0.407157 2.120990 0.000003 -0.000000 0.223311 -13.921058 -3.464900 2.529893 0.000000 0.000000 0.000100 -0.000309 -0.000309 3.178449 0.924150 -0.397349 -4.060307 3.216055 -1.550378 6.049747 0.000000 -0.000001 4.610715 -36.234055 0.886991 4.242486 -0.000003 0.000000 7.036816 -28.668367 -0.971626 2.731824 -0.000001 0.000012 1.468126 -14.028323 -6.841875 2.041451 0.000003 0.000012 -0.000702 -0.000278 -0.000276 2.932182 -0.316448 0.122310 -7.057241 -0.766013 -18.652626 5.821784 -0.000001 -0.000001 -0.030443 -27.836147 19.300922 4.026133 0.000000 0.000000 1.291820 -31.227322 -0.792716 2.442604 0.000002 -0.000012 2.677111 -27.990694 -9.785103 1.785016 0.000000 -0.000025 -0.000531 0.000026 0.000130 2.948916 -1.544389 0.539792 -11.157610 -10.858282 -17.283426 5.112839 -0.000002 0.000011 6.465576 -21.830536 18.883486 2.914518 0.000000 0.000000 1.392878 -31.652905 -0.121462 1.632816 -0.000002 0.000000 3.024283 -24.025343 -11.528507 1.817514 -0.000003 -0.000001 0.000201 -0.000340 -0.000295 25.633276 5.994579 -1.761724 79.243179 -81.935394 119.689392 -18.544613 0.000003 0.000012 73.254852 -42.217819 -32.559971 -29.903347 0.000000 0.000001 91.263481 -1.832164 3.281708 -27.414274 0.000012 0.000013 -0.744271 23.212887 -2.656728 -2.094768 -3.163312 -0.799955 7.110207 -36.068005 70.771736 -4.505661 0.000005 0.000000 -26.470890 -1.236054 13.337852 -2.700114 -0.000006 0.000006 -1.377652 -4.584684 1.216741 -3.121519 -0.000000 0.000006 0.000386 0.000873 -0.000327 -3.183331 -2.255512 -0.121331 4.004921 4.178263 -0.579140 -6.179836 0.000000 0.000000 -3.400092 -26.793913 1.323843 -3.389430 -0.000001 -0.000012 5.735183 -17.664183 -0.444309 -2.123821 -0.000003 -0.000012 1.300196 -12.026722 -1.545116 -2.529789 -0.000000 -0.000001 -0.000675 -0.000322 -0.000448 -3.179951 -0.924413 0.397693 -6.134480 1.040789 -1.047707 -6.054549 -0.000003 -0.000001 3.939765 -25.837412 1.586962 -4.244578 -0.000001 0.000012 6.408469 -20.541248 -0.412624 -2.732867 0.000004 0.000000 2.313641 -11.610725 -6.895308 -2.043405 0.000006 -0.000001 0.000413 -0.000083 0.000338 -2.933434 0.316848 -0.122046 -8.617498 -2.657331 -17.977238 -5.826602 -0.000005 -0.000000 3.084485 -22.041782 19.499699 -4.028100 -0.000000 0.000000 4.206828 -24.172144 -1.291975 -2.443439 -0.000000 0.000000 4.864301 -24.678211 -14.613544 -1.786791 0.000003 0.000011 0.000775 -0.000938 -0.000964 -2.949983 1.545734 -0.540328 -12.681572 -12.448326 -16.438032 -5.116444 -0.000002 -0.000000 9.023886 -18.625706 19.387259 -2.915901 -0.000000 0.000012 6.354166 -24.702444 -1.308905 -1.633906 0.000001 -0.000012 4.618614 -20.228094 -19.258200 -1.819588 0.000000 -0.000001 0.002848 0.003688 0.000644 -8.517063 2.351946 11.888292 160.315201 -8.765799 -12.227564 42.799587 0.000001 0.000002 39.972511 1.907899 -3.774720 45.345985 0.000001 -0.000007 -86.547905 -6.729432 -5.917083 14.268355 0.000005 0.000000 -9.285156 1.781441 0.212713 6.980276 -0.121840 0.000001 -0.000413 0.000196 -0.000184 -8.535283 2.358025 -11.910014 -13.512377 -8.692032 -11.681887 -42.789711 -0.000003 -0.000003 28.566601 2.071848 -3.405604 -45.345604 0.000000 0.000000 -81.355797 -4.525318 -7.593303 -14.268300 -0.000000 -0.000000 -8.443455 2.031060 -0.660348 -6.981181 0.121853 -0.000003 0.000587 -0.000056 0.000082
0.000000 0.000000 0.000000 0.000000 0.000000 0.000000 -5.339567 107.026581 -4.373706 87.911568 5.258233 -83.420181 5.266023 0.261829 -0.008408 6.643364 -1.922629 -0.067657 7.597601 -0.000001 0.000000 -6.792890 0.975677 1.510825 8.008073 -0.000000 -0.000000 16.579647 -0.305825 -0.465885 29.519594 -0.802532 0.014094 19.570992 4.851577 -2.204710 8.099053 -0.000000 0.000000 16.279659 8.498757 5.941804 6.860398 0.000000 0.000000 -23.830994 -2.139544 -9.374333 18.447189 0.760179 -0.003674 -0.000713 0.000507 0.000438 0.200078 3.635073 -0.007852 -0.039868 -0.191969 -0.066704 5.721212 9.287379 3.627303 10.075534 -0.053705 2.135413 5.744883 9.302453 -3.630085 10.107784 -0.054666 -3.704629 25.666941 5.953198 1.744820 -58.861900 -83.119347 75.301331 18.464344 -0.000002 -0.000012 75.484596 -40.631157 -39.187462 29.884953 0.000000 -0.000001 95.997574 -2.009570 2.340992 27.413786 0.000000 0.000011 -1.245789 23.382782 -0.344295 2.094321 3.161254 0.799310 11.865891 -26.593214 67.170967 4.501803 -0.000008 -0.000000 -22.048504 -1.317388 16.604223 2.698064 0.000006 -0.000006 -1.601681 -3.858481 -3.840073 3.118652 0.000000 -0.000012 -0.000369 0.000276 0.000643 3.181590 2.254555 0.120951 6.359759 7.326324 -0.661655 6.175169 -0.000002 0.000011 -2.057976 -42.459171 0.007764 3.387755 -0.000001 -0.000000 8.123111 -25.234545 -0.393101 2.120990 0.000003 -0.000000 0.222965 -13.919807 -3.878329 2.529893 0.000000 0.000000 0.000130 -0.000426 -0.000317 3.178449 0.924150 -0.397349 -3.964716 3.165915 -1.710106 6.049747 0.000000 -0.000001 4.481625 -36.573154 0.839280 4.242486 -0.000003 0.000000 7.212947 -29.100782 -0.924862 2.731824 -0.000001 0.000012 1.498383 -14.109061 -7.234510 2.041451 0.000003 0.000012 -0.000771 -0.000311 -0.000412 2.932182 -0.316448 0.122310 -7.060354 -0.767987 -18.695274 5.821784 -0.000001 -0.000001 -0.209015 -28.119360 19.344557 4.026133 0.000000 0.000000 1.441936 -31.548670 -0.736391 2.442604 0.000002 -0.000012 2.786734 -28.173321 -9.976228 1.785016 0.000000 -0.000025 -0.000523 -0.000127 0.000160 2.948916 -1.544389 0.539792 -11.198358 -10.761740 -17.287928 5.112839 -0.000002 0.000011 6.234212 -22.197897 18.955349 2.914518 0.000000 0.000000 1.531705 -31.860788 -0.105413 1.632816 -0.000002 0.000000 3.175168 -24.285183 -11.716530 1.817514 -0.000003 -0.000001 0.000195 -0.000363 -0.000336 25.633276 5.994579 -1.761724 80.671700 -81.591919 118.502632 -18.544613 0.000003 0.000012 71.001587 -42.469208 -31.016293 -29.903347 0.000000 0.000001 89.623276 -1.841455 3.020646 -27.414274 0.000012 0.000013 -0.029096 22.469990 -3.024872 -2.094768 -3.163312 -0.799955 7.291322 -35.870018 70.616844 -4.505661 0.000005 0.000000 -26.475227 -1.215853 13.117342 -2.700114 -0.000006 0.000006 -1.378758 -4.423590 1.306389 -3.121519 -0.000000 0.000006 0.000397 0.000866 -0.000341 -3.183331 -2.255512 -0.121331 4.274461 4.514458 -0.821374 -6.179836 0.000000 0.000000 -3.266383 -27.157169 1.125725 -3.389430 -0.000001 -0.000012 6.090115 -18.246042 -0.626173 -2.123821 -0.000003 -0.000012 1.331175 -12.001960 -1.927573 -2.529789 -0.000000 -0.000001 -0.000728 -0.000289 -0.000461 -3.179951 -0.924413 0.397693 -5.929630 1.168375 -1.231766 -6.054549 -0.000003 -0.000001 4.142294 -26.139086 1.317172 -4.244578 -0.000001 0.000012 6.891723 -21.167133 -0.559147 -2.732867 0.000004 0.000000 2.489500 -11.770502 -7.441206 -2.043405 0.000006 -0.000001 0.000349 -0.000073 0.000373 -2.933434 0.316848 -0.122046 -8.416392 -2.588020 -18.086103 -5.826602 -0.000005 -0.000000 3.105727 -22.455881 19.442036 -4.028100 -0.000000 0.000000 4.697061 -24.644060 -1.457844 -2.443439 -0.000000 0.000000 5.277606 -25.030052 -15.224068 -1.786791 0.000003 0.000011 0.000706 -0.001115 -0.001012 -2.949983 1.545734 -0.540328 -12.478498 -12.499972 -16.594835 -5.116444 -0.000002 -0.000000 9.049016 -19.028517 19.387241 -2.915901 -0.000000 0.000012 7.086501 -24.916410 -1.394848 -1.633906 0.000001 -0.000012 5.157341 -20.656763 -20.109400 -1.819588 0.000000 -0.000001 0.002802 0.003654 0.000627 -8.517063 2.351946 11.888292 160.883820 -8.024026 -12.459059 42.799587 0.000001 0.000002 38.510979 1.782214 -3.968702 45.345985 0.000001 -0.000007 -86.426514 -7.084894 -5.510772 14.268355 0.000005 0.000000 -9.212706 1.740209 0.389990 6.980276 -0.121840 0.000001 -0.000376 0.000187 -0.000145 -8.535283 2.358025 -11.910014 -12.701277 -8.895924 -11.939038 -42.789711 -0.000003 -0.000003 27.031988 1.948634 -3.590477 -45.345604 0.000000 0.000000 -80.263947 -4.030709 -8.002687 -14.268300 -0.000000 -0.000000 -8.595275 2.115130 -0.624646 -6.981181 0.121853 -0.000003 0.000645 -0.000192 0.000143
0.000000 0.000000 0.000000 0.000000 0.000000 0.000000 -5.655267 107.308235 -4.325106 87.814949 5.375721 -82.651878 5.266023 0.261829 -0.008408 6.615099 -1.958390 0.064531 7.597601 -0.000001 0.000000 -6.767346 1.015821 1.385822 8.008073 -0.000000 -0.000000 16.571903 -0.228828 -0.369780 29.519594 -0.802532 0.014094 19.750875 5.035138 -2.524583 8.099053 -0.000000 0.000000 17.089209 9.205844 6.405918 6.860398 0.000000 0.000000 -23.946768 -2.419633 -10.596608 18.447189 0.760179 -0.003674 -0.000783 0.000500 0.000545 0.200078 3.635073 -0.007852 -0.069200 -0.151153 -0.060744 5.721212 9.287379 3.627303 9.736076 -0.056570 2.234505 5.744883 9.302453 -3.630085 9.762761 -0.057857 -3.602417 25.666941 5.953198 1.744820 -59.006313 -82.344711 75.542908 18.464344 -0.000002 -0.000012 73.673653 -40.875568 -38.797050 29.884953 0.000000 -0.000001 96.520584 -2.047801 2.119077 27.413786 0.000000 0.000011 -0.608990 23.054327 -0.207131 2.094321 3.161254 0.799310 11.498645 -26.576530 67.224411 4.501803 -0.000008 -0.000000 -21.969988 -1.401255 16.307251 2.698064 0.000006 -0.000006 -1.685421 -3.965977 -3.526390 3.118652 0.000000 -0.000012 -0.000459 0.000324 0.000652 3.181590 2.254555 0.120951 6.384308 7.556156 -0.937890 6.175169 -0.000002 0.000011 -2.093085 -43.628765 -0.190613 3.387755 -0.000001 -0.000000 9.114244 -26.342749 -0.451744 2.120990 0.000003 -0.000000 0.249100 -14.446678 -4.801020 2.529893 0.000000 0.000000 0.000171 -0.000457 -0.000323 3.178449 0.924150 -0.397349 -3.963007 3.372390 -1.898786 6.049747 0.000000 -0.000001 4.704924 -37.667797 0.547463 4.242486 -0.000003 0.000000 8.057916 -30.372326 -1.041619 2.731824 -0.000001 0.000012 1.711771 -14.744139 -8.171490 2.041451 0.000003 0.000012 -0.000839 -0.000378 -0.000554 2.932182 -0.316448 0.122310 -7.010007 -0.575386 -18.763184 5.821784 -0.000001 -0.000001 -0.412770 -28.935699 19.470299 4.026133 0.000000 0.000000 1.913730 -32.874359 -0.877686 2.442604 0.000002 -0.000012 3.261996 -29.212767 -10.709290 1.785016 0.000000 -0.000025 -0.000511 -0.000279 0.000251 2.948916 -1.544389 0.539792 -11.064550 -10.642077 -17.330313 5.112839 -0.000002 0.000011 5.985404 -22.964539 19.094952 2.914518 0.000000 0.000000 1.926494 -33.052994 -0.187219 1.632816 -0.000002 0.000000 3.739315 -25.477276 -12.353926 1.817514 -0.000003 -0.000001 0.000225 -0.000339 -0.000330 25.633276 5.994579 -1.761724 79.471474 -81.084900 119.981102 -18.544613 0.000003 0.000012 67.740967 -42.595493 -28.500177 -29.903347 0.000000 0.000001 87.817215 -1.953613 2.643221 -27.414274 0.000012 0.000013 0.624993 21.988867 -2.028543 -2.094768 -3.163312 -0.799955 6.199333 -36.256210 71.371651 -4.505661 0.000005 0.000000 -26.729252 -1.254098 12.724304 -2.700114 -0.000006 0.000006 -1.539581 -4.265088 1.564749 -3.121519 -0.000000 0.000006 0.000326 0.000997 -0.000293 -3.183331 -2.255512 -0.121331 4.488442 4.812324 -0.645415 -6.179836 0.000000 0.000000 -3.307091 -28.201403 1.088237 -3.389430 -0.000001 -0.000012 6.789205 -19.459251 -0.795504 -2.123821 -0.000003 -0.000012 1.351816 -12.518653 -2.324494 -2.529789 -0.000000 -0.000001 -0.000714 -0.000212 -0.000443 -3.179951 -0.924413 0.397693 -5.753871 1.619751 -1.115411 -6.054549 -0.000003 -0.000001 4.264491 -27.295891 1.143923 -4.244578 -0.000001 0.000012 7.634164 -22.477970 -0.630537 -2.732867 0.000004 0.000000 2.767791 -12.371659 -8.442072 -2.043405 0.000006 -0.000001 0.000210 -0.000063 0.000441 -2.933434 0.316848 -0.122046 -8.302004 -2.054785 -18.033754 -5.826602 -0.000005 -0.000000 2.836704 -23.530054 19.664854 -4.028100 -0.000000 0.000000 5.502714 -26.044333 -1.607037 -2.443439 -0.000000 0.000000 6.065880 -26.052025 -16.475849 -1.786791 0.000003 0.000011 0.000192 -0.001391 -0.001118 -2.949983 1.545734 -0.540328 -12.446929 -11.892858 -16.583160 -5.116444 -0.000002 -0.000000 8.829262 -20.146351 19.624926 -2.915901 -0.000000 0.000012 8.290586 -26.050039 -1.508080 -1.633906 0.000001 -0.000012 6.147749 -21.766573 -21.734457 -1.819588 0.000000 -0.000001 0.002357 0.003288 0.000575 -8.517063 2.351946 11.888292 161.325851 -7.462065 -12.726590 42.799587 0.000001 0.000002 37.267513 1.784795 -3.825889 45.345985 0.000001 -0.000007 -86.197884 -6.630182 -4.931175 14.268355 0.000005 0.000000 -9.264570 1.707114 0.554752 6.980276 -0.121840 0.000001 -0.000345 0.000112 -0.000077 -8.535283 2.358025 -11.910014 -12.038470 -9.117244 -12.002811 -42.789711 -0.000003 -0.000003 25.783049 1.941586 -3.791731 -45.345604 0.000000 0.000000 -79.363945 -3.491033 -8.257583 -14.268300 -0.000000 -0.000000 -8.902724 2.202054 -0.419174 -6.981181 0.121853 -0.000003 0.001087 -0.000331 0.000196
0.000000 0.000000 0.000000 0.000000 0.000000 0.000000 -6.006705 107.489655 -4.126718 87.572464 5.313652 -82.294487 5.266023 0.261829 -0.008408 6.503499 -1.903890 0.172328 7.597601 -0.000001 0.000000 -6.674647 0.954384 1.249020 8.008073 -0.000000 -0.000000 16.659809 -0.119161 -0.309542 29.519594 -0.802532 0.014094 19.827751 5.212102 -2.711068 8.099053 -0.000000 0.000000 17.660713 9.536991 6.676852 6.860398 0.000000 0.000000 -23.980206 -2.605876 -11.550933 18.447189 0.760179 -0.003674 -0.000944 0.000501 0.000692 0.200078 3.635073 -0.007852 -0.039704 -0.106269 -0.044964 5.721212 9.287379 3.627303 9.626754 -0.058195 2.368944 5.744883 9.302453 -3.630085 9.645624 -0.060089 -3.463187 25.666941 5.953198 1.744820 -60.589211 -81.735909 77.485298 18.464344 -0.000002 -0.000012 71.144600 -41.217342 -38.010727 29.884953 0.000000 -0.000001 96.990120 -1.895941 2.083346 27.413786 0.000000 0.000011 0.402618 22.331598 1.155871 2.094321 3.161254 0.799310 11.496669 -26.775320 67.038208 4.501803 -0.000008 -0.000000 -21.820065 -1.490757 16.140398 2.698064 0.000006 -0.000006 -1.706728 -3.971164 -3.310478 3.118652 0.000000 -0.000012 -0.000580 0.000423 0.000629 3.181590 2.254555 0.120951 6.444128 7.528023 -1.173319 6.175169 -0.000002 0.000011 -2.371980 -44.101925 -0.271924 3.387755 -0.000001 -0.000000 9.536431 -26.982410 -0.431345 2.120990 0.000003 -0.000000 0.163580 -14.672552 -5.265146 2.529893 0.000000 0.000000 0.000137 -0.000536 -0.000378 3.178449 0.924150 -0.397349 -3.926815 3.440725 -2.024098 6.049747 0.000000 -0.000001 4.444766 -38.313602 0.409441 4.242486 -0.000003 0.000000 8.381630 -31.085217 -1.049341 2.731824 -0.000001 0.000012 1.780365 -15.042783 -8.584565 2.041451 0.000003 0.000012 -0.000894 -0.000378 -0.000721 2.932182 -0.316448 0.122310 -7.037056 -0.516234 -18.793961 5.821784 -0.000001 -0.000001 -0.809829 -29.338493 19.583597 4.026133 0.000000 0.000000 2.096754 -33.634457 -0.965637 2.442604 0.000002 -0.000012 3.451075 -29.723421 -10.902858 1.785016 0.000000 -0.000025 -0.000435 -0.000501 0.000317 2.948916 -1.544389 0.539792 -11.173811 -10.531061 -17.299643 5.112839 -0.000002 0.000011 5.659091 -23.510536 19.178909 2.914518 0.000000 0.000000 2.118339 -33.723083 -0.184780 1.632816 -0.000002 0.000000 3.998252 -26.073891 -12.619613 1.817514 -0.000003 -0.000001 0.000237 -0.000401 -0.000358 25.633276 5.994579 -1.761724 78.116219 -80.753540 121.414841 -18.544613 0.000003 0.000012 64.574860 -42.636585 -25.601393 -29.903347 0.000000 0.000001 85.184059 -2.009878 2.270464 -27.414274 0.000012 0.000013 1.772313 21.475311 -0.263653 -2.094768 -3.163312 -0.799955 5.698090 -36.740246 71.807518 -4.505661 0.000005 0.000000 -26.860647 -1.230707 12.535830 -2.700114 -0.000006 0.000006 -1.626564 -4.032638 1.734190 -3.121519 -0.000000 0.000006 0.000145 0.001240 -0.000176 -3.183331 -2.255512 -0.121331 4.778762 4.968584 -0.599557 -6.179836 0.000000 0.000000 -3.417038 -29.007406 1.093358 -3.389430 -0.000001 -0.000012 7.337089 -20.653685 -0.907038 -2.123821 -0.000003 -0.000012 1.334408 -12.884562 -2.814747 -2.529789 -0.000000 -0.000001 -0.000721 -0.000134 -0.000304 -3.179951 -0.924413 0.397693 -5.438485 1.983543 -1.081606 -6.054549 -0.000003 -0.000001 4.283104 -28.208988 0.987464 -4.244578 -0.000001 0.000012 8.187607 -23.845919 -0.681526 -2.732867 0.000004 0.000000 2.976585 -12.954649 -9.138877 -2.043405 0.000006 -0.000001 -0.000040 -0.000148 0.000495 -2.933434 0.316848 -0.122046 -8.177570 -1.596494 -18.067047 -5.826602 -0.000005 -0.000000 2.667243 -24.397993 19.703566 -4.028100 -0.000000 0.000000 6.131254 -27.506769 -1.669447 -2.443439 -0.000000 0.000000 6.571095 -26.869888 -17.232763 -1.786791 0.000003 0.000011 -0.000751 -0.001878 -0.001312 -2.949983 1.545734 -0.540328 -12.381979 -11.270350 -16.621323 -5.116444 -0.000002 -0.000000 8.552915 -21.031658 19.824306 -2.915901 -0.000000 0.000012 9.324075 -27.219009 -1.599479 -1.633906 0.000001 -0.000012 6.999183 -22.732487 -22.896614 -1.819588 0.000000 -0.000001 0.001531 0.002620 0.000372 -8.517063 2.351946 11.888292 161.808273 -6.854199 -13.111438 42.799587 0.000001 0.000002 36.328465 1.813228 -3.803495 45.345985 0.000001 -0.000007 -86.500465 -6.641760 -4.385764 14.268355 0.000005 0.000000 -9.341319 1.692852 0.549014 6.980276 -0.121840 0.000001 -0.000180 0.000097 0.000008 -8.535283 2.358025 -11.910014 -11.747137 -9.543680 -11.821642 -42.789711 -0.000003 -0.000003 25.306129 1.916540 -3.907961 -45.345604 0.000000 0.000000 -78.699669 -2.613193 -8.575258 -14.268300 -0.000000 -0.000000 -9.012030 2.235298 -0.287382 -6.981181 0.121853 -0.000003 0.001942 -0.000507 0.000280
0.000000 0.000000 0.000000 0.000000 0.000000 0.000000 -6.395125 107.608543 -3.827775 87.229904 4.816919 -82.033279 5.266023 0.261829 -0.008408 6.287022 -1.902949 0.350801 7.597601 -0.000001 0.000000 -6.589307 0.989002 1.044508 8.008073 -0.000000 -0.000000 16.828064 0.017712 -0.309224 29.519594 -0.802532 0.014094 19.823259 5.278754 -2.880343 8.099053 -0.000000 0.000000 18.355614 10.014750 6.877473 6.860398 0.000000 0.000000 -24.067759 -2.750000 -12.585206 18.447189 0.760179 -0.003674 -0.001066 0.000495 0.000753 0.200078 3.635073 -0.007852 -0.037761 -0.054403 -0.041247 5.721212 9.287379 3.627303 9.324466 -0.054219 2.572355 5.744883 9.302453 -3.630085 9.338382 -0.056566 -3.256688 25.666941 5.953198 1.744820 -61.753437 -81.036392 78.859840 18.464344 -0.000002 -0.000012 68.797661 -41.384895 -36.900002 29.884953 0.000000 -0.000001 96.151985 -1.840759 2.040083 27.413786 0.000000 0.000011 0.840898 22.186064 1.197963 2.094321 3.161254 0.799310 11.363453 -26.704576 66.969666 4.501803 -0.000008 -0.000000 -21.755674 -1.505802 15.902514 2.698064 0.000006 -0.000006 -1.723857 -3.980428 -3.186248 3.118652 0.000000 -0.000012 -0.000622 0.000483 0.000622 3.181590 2.254555 0.120951 6.352936 7.736662 -1.421899 6.175169 -0.000002 0.000011 -2.387334 -44.852291 -0.395209 3.387755 -0.000001 -0.000000 10.505489 -27.975388 -0.489510 2.120990 0.000003 -0.000000 0.213369 -15.155566 -6.076921 2.529893 0.000000 0.000000 0.000132 -0.000585 -0.000403 3.178449 0.924150 -0.397349 -3.995393 3.615705 -2.207135 6.049747 0.000000 -0.000001 4.407770 -39.098942 0.265344 4.242486 -0.000003 0.000000 9.264588 -32.232422 -1.221773 2.731824 -0.000001 0.000012 1.999982 -15.620585 -9.353759 2.041451 0.000003 0.000012 -0.000903 -0.000369 -0.000809 2.932182 -0.316448 0.122310 -7.098314 -0.365144 -18.928240 5.821784 -0.000001 -0.000001 -1.123550 -29.926113 19.687273 4.026133 0.000000 0.000000 2.564107 -34.891289 -1.166019 2.442604 0.000002 -0.000012 3.871321 -30.667770 -11.457763 1.785016 0.000000 -0.000025 -0.000390 -0.000614 0.000348 2.948916 -1.544389 0.539792 -11.167836 -10.482833 -17.346992 5.112839 -0.000002 0.000011 5.363574 -24.150007 19.248774 2.914518 0.000000 0.000000 2.467084 -34.886814 -0.255013 1.632816 -0.000002 0.000000 4.542131 -27.177418 -13.206808 1.817514 -0.000003 -0.000001 0.000231 -0.000429 -0.000376 25.633276 5.994579 -1.761724 74.726257 -80.223663 124.896667 -18.544613 0.000003 0.000012 60.934479 -42.293430 -22.285252 -29.903347 0.000000 0.000001 81.850220 -2.032146 1.834068 -27.414274 0.000012 0.000013 2.426399 20.962355 0.860336 -2.094768 -3.163312 -0.799955 4.582279 -37.189659 72.568153 -4.505661 0.000005 0.000000 -26.918114 -1.224477 12.263435 -2.700114 -0.000006 0.000006 -1.682922 -3.727518 1.933872 -3.121519 -0.000000 0.000006 0.000007 0.001430 -0.000080 -3.183331 -2.255512 -0.121331 4.883311 5.120604 -0.389999 -6.179836 0.000000 0.000000 -3.360469 -29.831270 1.017421 -3.389430 -0.000001 -0.000012 8.121003 -22.041882 -1.044105 -2.123821 -0.000003 -0.000012 1.345839 -13.525064 -3.325560 -2.529789 -0.000000 -0.000001 -0.000713 -0.000094 -0.000194 -3.179951 -0.924413 0.397693 -5.294094 2.332058 -0.898465 -6.054549 -0.000003 -0.000001 4.394362 -29.162745 0.759849 -4.244578 -0.000001 0.000012 8.931906 -25.396175 -0.715045 -2.732867 0.000004 0.000000 3.286023 -13.703892 -10.094582 -2.043405 0.000006 -0.000001 -0.000207 -0.000239 0.000520 -2.933434 0.316848 -0.122046 -8.162027 -1.137598 -17.979746 -5.826602 -0.000005 -0.000000 2.437488 -25.273582 19.763798 -4.028100 -0.000000 0.000000 7.035042 -29.182076 -1.787596 -2.443439 -0.000000 0.000000 7.331500 -27.916389 -18.350454 -1.786791 0.000003 0.000011 -0.001463 -0.002183 -0.001444 -2.949983 1.545734 -0.540328 -12.465174 -10.636030 -16.576246 -5.116444 -0.000002 -0.000000 8.269406 -21.986423 20.007336 -2.915901 -0.000000 0.000012 10.636987 -28.624102 -1.689585 -1.633906 0.000001 -0.000012 8.091060 -23.859583 -24.441729 -1.819588 0.000000 -0.000001 0.000913 0.002111 0.000214 -8.517063 2.351946 11.888292 162.570221 -5.997362 -13.185393 42.799587 0.000001 0.000002 35.538662 1.617986 -3.911963 45.345985 0.000001 -0.000007 -86.771599 -7.041231 -3.819442 14.268355 0.000005 0.000000 -9.374861 1.575331 0.667037 6.980276 -0.121840 0.000001 -0.000077 0.000087 0.000060 -8.535283 2.358025 -11.910014 -11.565053 -10.109758 -11.545226 -42.789711 -0.000003 -0.000003 25.775583 1.812342 -3.872526 -45.345604 0.000000 0.000000 -78.265671 -1.752298 -8.959763 -14.268300 -0.000000 -0.000000 -9.052947 2.318888 -0.098785 -6.981181 0.121853 -0.000003 0.002559 -0.000606 0.000327
0.000000 0.000000 0.000000 0.000000 0.000000 0.000000 -6.824010 107.657829 -3.486684 87.078163 4.350265 -82.150368 5.266023 0.261829 -0.008408 6.080536 -1.844148 0.471632 7.597601 -0.000001 0.000000 -6.406418 1.029540 0.830435 8.008073 -0.000000 -0.000000 16.910501 0.179373 -0.376234 29.519594 -0.802532 0.014094 20.005833 5.285128 -3.040517 8.099053 -0.000000 0.000000 18.794167 10.191045 7.026834 6.860398 0.000000 0.000000 -24.535517 -2.914370 -13.217763 18.447189 0.760179 -0.003674 -0.001203 0.000427 0.000876 0.200078 3.635073 -0.007852 -0.035612 -0.032755 -0.026855 5.721212 9.287379 3.627303 9.209142 -0.060966 2.691565 5.744883 9.302453 -3.630085 9.216095 -0.063748 -3.134111 25.666941 5.953198 1.744820 -62.510265 -80.351624 80.002258 18.464344 -0.000002 -0.000012 65.966415 -41.425995 -35.558258 29.884953 0.000000 -0.000001 94.954117 -1.722007 1.881626 27.413786 0.000000 0.000011 1.552988 20.658894 -0.340198 2.094321 3.161254 0.799310 11.719118 -26.600321 66.348412 4.501803 -0.000008 -0.000000 -21.372801 -1.830552 15.695035 2.698064 0.000006 -0.000006 -1.565212 -4.219604 -2.926798 3.118652 0.000000 -0.000012 -0.000699 0.000529 0.000597 3.181590 2.254555 0.120951 6.254572 7.682906 -1.980711 6.175169 -0.000002 0.000011 -2.255283 -45.724709 -0.781058 3.387755 -0.000001 -0.000000 10.828119 -28.164545 -0.586621 2.120990 0.000003 -0.000000 0.259186 -14.848056 -6.283691 2.529893 0.000000 0.000000 0.000118 -0.000600 -0.000414 3.178449 0.924150 -0.397349 -4.025413 3.273794 -2.487666 6.049747 0.000000 -0.000001 4.607991 -39.777840 -0.145951 4.242486 -0.000003 0.000000 9.540844 -32.369026 -1.330290 2.731824 -0.000001 0.000012 2.035447 -15.323198 -9.639345 2.041451 0.000003 0.000012 -0.000927 -0.000402 -0.000946 2.932182 -0.316448 0.122310 -7.148896 -0.773686 -19.090742 5.821784 -0.000001 -0.000001 -1.174066 -30.610239 19.561052 4.026133 0.000000 0.000000 2.888584 -34.882767 -1.367475 2.442604 0.000002 -0.000012 3.943559 -30.351679 -11.537891 1.785016 0.000000 -0.000025 -0.000340 -0.000766 0.000461 2.948916 -1.544389 0.539792 -11.038519 -11.119661 -17.318174 5.112839 -0.000002 0.000011 5.249592 -24.738283 19.151299 2.914518 0.000000 0.000000 2.671945 -34.784607 -0.410028 1.632816 -0.000002 0.000000 4.593309 -26.864775 -13.325186 1.817514 -0.000003 -0.000001 0.000282 -0.000401 -0.000359 25.633276 5.994579 -1.761724 73.307068 -79.792076 126.434181 -18.544613 0.000003 0.000012 57.615089 -42.422455 -19.490158 -29.903347 0.000000 0.000001 77.877838 -2.170220 1.412280 -27.414274 0.000012 0.000013 3.609633 20.027580 0.024987 -2.094768 -3.163312 -0.799955 4.698239 -37.261383 72.381096 -4.505661 0.000005 0.000000 -26.792423 -1.473314 12.037786 -2.700114 -0.000006 0.000006 -1.571217 -3.759670 2.124913 -3.121519 -0.000000 0.000006 -0.000183 0.001668 0.000041 -3.183331 -2.255512 -0.121331 5.167026 5.280474 -0.597295 -6.179836 0.000000 0.000000 -3.071426 -30.830626 0.795710 -3.389430 -0.000001 -0.000012 8.604428 -22.780539 -1.239751 -2.123821 -0.000003 -0.000012 1.401671 -13.157493 -3.527538 -2.529789 -0.000000 -0.000001 -0.000619 0.000009 -0.000084 -3.179951 -0.924413 0.397693 -5.000868 2.377665 -1.194984 -6.054549 -0.000003 -0.000001 4.818625 -30.063877 0.405654 -4.244578 -0.000001 0.000012 9.427551 -26.335928 -0.898343 -2.732867 0.000004 0.000000 3.472637 -13.651326 -10.492461 -2.043405 0.000006 -0.000001 -0.000404 -0.000306 0.000596 -2.933434 0.316848 -0.122046 -7.872946 -1.040578 -18.164560 -5.826602 -0.000005 -0.000000 2.523992 -26.333879 19.521811 -4.028100 -0.000000 0.000000 7.567311 -30.111637 -1.979024 -2.443439 -0.000000 0.000000 7.683455 -28.083778 -18.703110 -1.786791 0.000003 0.000011 -0.002289 -0.002568 -0.001638 -2.949983 1.545734 -0.540328 -12.093070 -10.632207 -16.709139 -5.116444 -0.000002 -0.000000 8.367778 -22.947189 19.902838 -2.915901 -0.000000 0.000012 11.398055 -29.357729 -1.808043 -1.633906 0.000001 -0.000012 8.725073 -24.169500 -25.227592 -1.819588 0.000000 -0.000001 0.000180 0.001507 0.000051 -8.517063 2.351946 11.888292 163.058380 -5.448976 -13.427116 42.799587 0.000001 0.000002 35.242092 1.387373 -4.110242 45.345985 0.000001 -0.000007 -87.090164 -7.274543 -3.265937 14.268355 0.000005 0.000000 -9.425508 1.499607 0.769659 6.980276 -0.121840 0.000001 0.000005 -0.000004 0.000138 -8.535283 2.358025 -11.910014 -11.779986 -10.644567 -11.264462 -42.789711 -0.000003 -0.000003 26.723114 1.824521 -3.826013 -45.345604 0.000000 0.000000 -77.952133 -0.682449 -9.339751 -14.268300 -0.000000 -0.000000 -8.830146 2.520244 -0.025469 -6.981181 0.121853 -0.000003 0.003306 -0.000744 0.000365
0.000000 0.000000 0.000000 0.000000 0.000000 0.000000 -7.296126 107.707550 -3.156461 86.854706 3.746870 -81.905212 5.266023 0.261829 -0.008408 6.060154 -1.812618 0.606315 7.597601 -0.000001 0.000000 -6.297710 1.081874 0.576570 8.008073 -0.000000 -0.000000 16.622158 0.404286 -0.322994 29.519594 -0.802532 0.014094 20.046467 5.072200 -3.182730 8.099053 -0.000000 0.000000 19.234488 10.233057 7.130398 6.860398 0.000000 0.000000 -24.782799 -2.927211 -13.776643 18.447189 0.760179 -0.003674 -0.001409 0.000432 0.000969 0.200078 3.635073 -0.007852 -0.004498 0.042660 -0.014442 5.721212 9.287379 3.627303 8.965041 -0.057547 2.862880 5.744883 9.302453 -3.630085 8.962862 -0.060974 -2.958309 25.666941 5.953198 1.744820 -63.733425 -79.553322 81.655090 18.464344 -0.000002 -0.000012 63.929234 -41.422989 -34.198021 29.884953 0.000000 -0.000001 93.917816 -1.641591 1.794783 27.413786 0.000000 0.000011 2.152602 20.140938 0.190060 2.094321 3.161254 0.799310 11.328962 -26.753860 66.000015 4.501803 -0.000008 -0.000000 -21.460470 -2.050205 15.457251 2.698064 0.000006 -0.000006 -1.678653 -4.531774 -2.527550 3.118652 0.000000 -0.000012 -0.000749 0.000667 0.000541 3.181590 2.254555 0.120951 5.969604 7.809290 -2.163567 6.175169 -0.000002 0.000011 -2.377366 -47.054977 -0.891166 3.387755 -0.000001 -0.000000 11.400589 -29.005772 -0.752164 2.120990 0.000003 -0.000000 0.325260 -15.183602 -6.631857 2.529893 0.000000 0.000000 0.000059 -0.000719 -0.000438 3.178449 0.924150 -0.397349 -4.257341 3.378394 -2.535985 6.049747 0.000000 -0.000001 4.694969 -40.995815 -0.332208 4.242486 -0.000003 0.000000 10.106454 -33.395748 -1.572004 2.731824 -0.000001 0.000012 2.224030 -15.657966 -10.076292 2.041451 0.000003 0.000012 -0.000948 -0.000345 -0.001065 2.932182 -0.316448 0.122310 -7.315185 -0.600302 -19.186296 5.821784 -0.000001 -0.000001 -1.574892 -31.665199 19.824526 4.026133 0.000000 0.000000 3.278648 -36.017822 -1.599387 2.442604 0.000002 -0.000012 4.223020 -31.008907 -11.879936 1.785016 0.000000 -0.000025 -0.000242 -0.000936 0.000464 2.948916 -1.544389 0.539792 -11.143548 -11.090158 -17.313583 5.112839 -0.000002 0.000011 5.103279 -25.597963 19.250034 2.914518 0.000000 0.000000 2.898365 -35.992531 -0.447322 1.632816 -0.000002 0.000000 4.960083 -27.712521 -13.820482 1.817514 -0.000003 -0.000001 0.000265 -0.000481 -0.000425 25.633276 5.994579 -1.761724 71.823380 -79.313087 128.213333 -18.544613 0.000003 0.000012 54.331860 -42.851505 -16.908657 -29.903347 0.000000 0.000001 75.176109 -2.233384 1.180589 -27.414274 0.000012 0.000013 4.269639 19.306681 0.169742 -2.094768 -3.163312 -0.799955 4.544374 -37.391087 72.368217 -4.505661 0.000005 0.000000 -26.821165 -1.591064 11.891959 -2.700114 -0.000006 0.000006 -1.521769 -3.841783 2.245400 -3.121519 -0.000000 0.000006 -0.000447 0.001946 0.000199 -3.183331 -2.255512 -0.121331 5.186141 5.351628 -0.609547 -6.179836 0.000000 0.000000 -3.044408 -31.576536 0.683385 -3.389430 -0.000001 -0.000012 8.919519 -23.413296 -1.359920 -2.123821 -0.000003 -0.000012 1.369526 -13.454041 -3.416584 -2.529789 -0.000000 -0.000001 -0.000638 -0.000061 0.000120 -3.179951 -0.924413 0.397693 -4.933703 2.458729 -1.280813 -6.054549 -0.000003 -0.000001 4.881236 -30.713224 0.186875 -4.244578 -0.000001 0.000012 9.608651 -26.906981 -0.936330 -2.732867 0.000004 0.000000 3.544944 -13.904867 -10.692692 -2.043405 0.000006 -0.000001 -0.000682 -0.000626 0.000652 -2.933434 0.316848 -0.122046 -7.902236 -0.875301 -18.150393 -5.826602 -0.000005 -0.000000 2.535847 -26.881950 19.332218 -4.028100 -0.000000 0.000000 7.802114 -30.789595 -2.092827 -2.443439 -0.000000 0.000000 7.884854 -28.434303 -18.976881 -1.786791 0.000003 0.000011 -0.003305 -0.003086 -0.001859 -2.949983 1.545734 -0.540328 -12.059065 -10.456120 -16.537790 -5.116444 -0.000002 -0.000000 8.298052 -23.317553 19.847334 -2.915901 -0.000000 0.000012 11.756514 -29.967529 -1.962913 -1.633906 0.000001 -0.000012 9.037979 -24.565956 -25.652784 -1.819588 0.000000 -0.000001 -0.000746 0.000717 -0.000264 -8.517063 2.351946 11.888292 163.569016 -4.924892 -13.347748 42.799587 0.000001 0.000002 35.132050 1.456963 -4.315651 45.345985 0.000001 -0.000007 -87.077271 -7.504841 -2.881684 14.268355 0.000005 0.000000 -9.168328 1.350230 0.675808 6.980276 -0.121840 0.000001 0.000154 0.000026 0.000177 -8.535283 2.358025 -11.910014 -11.938945 -11.091841 -10.891979 -42.789711 -0.000003 -0.000003 27.903202 1.503240 -3.642511 -45.345604 0.000000 0.000000 -77.777931 -0.743881 -9.566232 -14.268300 -0.000000 -0.000000 -8.626545 2.560808 0.042256 -6.981181 0.121853 -0.000003 0.004245 -0.000883 0.000429
0.000000 0.000000 0.000000 0.000000 0.000000 0.000000 -7.808671 107.805702 -2.874133 86.724670 3.527869 -81.340149 5.266023 0.261829 -0.008408 5.975927 -1.788284 1.009526 7.597601 -0.000001 0.000000 -6.143923 1.261978 0.214011 8.008073 -0.000000 -0.000000 16.431568 0.646035 -0.444728 29.519594 -0.802532 0.014094 20.070761 4.903981 -3.288573 8.099053 -0.000000 0.000000 19.634943 10.378731 7.108075 6.860398 0.000000 0.000000 -24.931244 -3.276014 -14.554558 18.447189 0.760179 -0.003674 -0.001538 0.000340 0.001150 0.200078 3.635073 -0.007852 0.181405 0.142090 0.002469 5.721212 9.287379 3.627303 8.705297 -0.066903 3.058871 5.744883 9.302453 -3.630085 8.692358 -0.070825 -2.758024 25.666941 5.953198 1.744820 -65.022186 -78.606369 83.326172 18.464344 -0.000002 -0.000012 60.368225 -40.928036 -31.504906 29.884953 0.000000 -0.000001 91.410400 -1.733680 1.313624 27.413786 0.000000 0.000011 1.973834 17.855162 1.862272 2.094321 3.161254 0.799310 11.132350 -27.404287 66.126213 4.501803 -0.000008 -0.000000 -21.311390 -2.478817 15.385224 2.698064 0.000006 -0.000006 -1.632339 -4.540182 -2.413343 3.118652 0.000000 -0.000012 -0.000829 0.000726 0.000554 3.181590 2.254555 0.120951 5.649723 7.212651 -2.046605 6.175169 -0.000002 0.000011 -2.901331 -47.490570 -0.862709 3.387755 -0.000001 -0.000000 11.470930 -29.605938 -0.523452 2.120990 0.000003 -0.000000 0.186730 -15.582287 -6.908974 2.529893 0.000000 0.000000 -0.000044 -0.000745 -0.000457 3.178449 0.924150 -0.397349 -4.645810 2.967487 -2.265604 6.049747 0.000000 -0.000001 3.964699 -41.674904 -0.144849 4.242486 -0.000003 0.000000 10.082080 -34.243279 -1.416422 2.731824 -0.000001 0.000012 2.281461 -16.306286 -10.262741 2.041451 0.000003 0.000012 -0.000990 -0.000390 -0.001212 2.932182 -0.316448 0.122310 -7.885622 -0.856417 -18.846821 5.821784 -0.000001 -0.000001 -2.486567 -32.237255 20.180044 4.026133 0.000000 0.000000 3.235930 -37.070396 -1.484847 2.442604 0.000002 -0.000012 4.296582 -31.867590 -11.863501 1.785016 0.000000 -0.000025 -0.000200 -0.001092 0.000612 2.948916 -1.544389 0.539792 -11.935539 -11.235456 -16.851294 5.112839 -0.000002 0.000011 4.266990 -26.287092 19.629778 2.914518 0.000000 0.000000 2.926962 -36.992283 -0.242913 1.632816 -0.000002 0.000000 5.267730 -28.766119 -14.031939 1.817514 -0.000003 -0.000001 0.000329 -0.000448 -0.000385 25.633276 5.994579 -1.761724 70.468582 -78.406540 129.715149 -18.544613 0.000003 0.000012 49.532627 -43.496082 -13.520734 -29.903347 0.000000 0.000001 69.843910 -2.029063 1.127826 -27.414274 0.000012 0.000013 4.633039 18.267212 1.196767 -2.094768 -3.163312 -0.799955 4.131289 -37.976204 72.658943 -4.505661 0.000005 0.000000 -26.696083 -1.959359 11.799257 -2.700114 -0.000006 0.000006 -1.529798 -3.795726 2.466843 -3.121519 -0.000000 0.000006 -0.000623 0.002169 0.000312 -3.183331 -2.255512 -0.121331 5.284338 5.292421 -0.350600 -6.179836 0.000000 0.000000 -3.105914 -33.097134 0.609006 -3.389430 -0.000001 -0.000012 9.939570 -25.890362 -1.701582 -2.123821 -0.000003 -0.000012 1.570859 -14.512593 -4.565086 -2.529789 -0.000000 -0.000001 -0.000509 0.000024 0.000226 -3.179951 -0.924413 0.397693 -4.957201 2.598560 -1.114746 -6.054549 -0.000003 -0.000001 5.014772 -32.516651 -0.018968 -4.244578 -0.000001 0.000012 10.893518 -29.775827 -1.165290 -2.732867 0.000004 0.000000 4.208636 -15.366770 -11.982553 -2.043405 0.000006 -0.000001 -0.000890 -0.000777 0.000762 -2.933434 0.316848 -0.122046 -8.117388 -0.602475 -17.910286 -5.826602 -0.000005 -0.000000 2.036223 -28.809742 19.477684 -4.028100 -0.000000 0.000000 9.268741 -33.814945 -2.520287 -2.443439 -0.000000 0.000000 9.103948 -29.984995 -20.495169 -1.786791 0.000003 0.000011 -0.004054 -0.003511 -0.002058 -2.949983 1.545734 -0.540328 -12.509953 -10.072376 -16.183668 -5.116444 -0.000002 -0.000000 7.879908 -25.211700 20.059748 -2.915901 -0.000000 0.000012 13.885715 -32.489357 -2.254659 -1.633906 0.000001 -0.000012 11.014086 -26.290758 -27.908436 -1.819588 0.000000 -0.000001 -0.001396 0.000155 -0.000437 -8.517063 2.351946 11.888292 164.056305 -4.467754 -13.735817 42.799587 0.000001 0.000002 34.372395 1.536881 -4.412891 45.345985 0.000001 -0.000007 -87.203621 -7.444980 -2.437579 14.268355 0.000005 0.000000 -9.177155 1.325799 0.754032 6.980276 -0.121840 0.000001 0.000190 -0.000074 0.000221 -8.535283 2.358025 -11.910014 -12.581919 -11.891813 -10.599495 -42.789711 -0.000003 -0.000003 29.515696 1.572618 -3.350725 -45.345604 0.000000 0.000000 -77.405014 0.386289 -10.061836 -14.268300 -0.000000 -0.000000 -8.627712 2.794591 0.203868 -6.981181 0.121853 -0.000003 0.004898 -0.001022 0.000449
0.000000 0.000000 0.000000 0.000000 0.000000 0.000000 -8.348944 107.892929 -2.657328 86.757553 3.346154 -80.559952 5.266023 0.261829 -0.008408 5.982170 -1.787502 1.226586 7.597601 -0.000001 0.000000 -6.024771 1.530123 -0.215514 8.008073 -0.000000 -0.000000 16.226015 0.998181 -0.517163 29.519594 -0.802532 0.014094 20.150686 4.735089 -3.182531 8.099053 -0.000000 0.000000 20.061731 10.571507 6.911828 6.860398 0.000000 0.000000 -25.124123 -3.648507 -15.042970 18.447189 0.760179 -0.003674 -0.001704 0.000299 0.001301 0.200078 3.635073 -0.007852 0.263602 0.190809 0.054004 5.721212 9.287379 3.627303 8.473731 -0.065412 3.263143 5.744883 9.302453 -3.630085 8.449969 -0.069973 -2.549074 25.666941 5.953198 1.744820 -64.712708 -77.630943 83.465691 18.464344 -0.000002 -0.000012 56.016201 -40.932014 -28.713518 29.884953 0.000000 -0.000001 87.811005 -1.944509 0.790770 27.413786 0.000000 0.000011 2.747911 16.976233 2.698714 2.094321 3.161254 0.799310 11.068955 -28.514549 66.233070 4.501803 -0.000008 -0.000000 -21.301182 -2.642537 15.087649 2.698064 0.000006 -0.000006 -1.732902 -4.388334 -2.092459 3.118652 0.000000 -0.000012 -0.000917 0.000804 0.000585 3.181590 2.254555 0.120951 5.832149 7.015886 -2.211567 6.175169 -0.000002 0.000011 -2.819308 -49.080242 -1.097899 3.387755 -0.000001 -0.000000 12.957048 -31.376427 -0.392659 2.120990 0.000003 -0.000000 0.340433 -15.975947 -8.623888 2.529893 0.000000 0.000000 -0.000051 -0.000807 -0.000471 3.178449 0.924150 -0.397349 -4.490849 2.978769 -2.356095 6.049747 0.000000 -0.000001 4.002189 -43.411098 -0.196026 4.242486 -0.000003 0.000000 11.285722 -36.300987 -1.463437 2.731824 -0.000001 0.000012 2.693910 -16.979650 -11.792099 2.041451 0.000003 0.000012 -0.001069 -0.000445 -0.001376 2.932182 -0.316448 0.122310 -7.841586 -0.663394 -18.787163 5.821784 -0.000001 -0.000001 -3.236054 -33.865376 20.774378 4.026133 0.000000 0.000000 3.858679 -39.208134 -1.557290 2.442604 0.000002 -0.000012 4.911062 -33.110565 -12.683774 1.785016 0.000000 -0.000025 -0.000189 -0.001254 0.000719 2.948916 -1.544389 0.539792 -12.012805 -11.020772 -16.832642 5.112839 -0.000002 0.000011 3.487175 -27.737680 20.063414 2.914518 0.000000 0.000000 3.450706 -38.820702 -0.089180 1.632816 -0.000002 0.000000 6.106680 -30.395786 -14.808952 1.817514 -0.000003 -0.000001 0.000385 -0.000446 -0.000352 25.633276 5.994579 -1.761724 68.957596 -77.507820 131.237442 -18.544613 0.000003 0.000012 43.960300 -43.990746 -10.200096 -29.903347 0.000000 0.000001 62.492935 -1.485731 1.071747 -27.414274 0.000012 0.000013 4.169460 16.753681 0.780736 -2.094768 -3.163312 -0.799955 3.015269 -38.780201 73.280907 -4.505661 0.000005 0.000000 -26.520670 -2.317181 11.388916 -2.700114 -0.000006 0.000006 -1.384746 -3.338578 2.680570 -3.121519 -0.000000 0.000006 -0.000801 0.002434 0.000444 -3.183331 -2.255512 -0.121331 5.291592 5.252857 -0.164488 -6.179836 0.000000 0.000000 -2.881588 -34.850975 0.246037 -3.389430 -0.000001 -0.000012 11.005264 -27.802254 -2.096271 -2.123821 -0.000003 -0.000012 1.652558 -14.894364 -5.466070 -2.529789 -0.000000 -0.000001 -0.000467 0.000044 0.000324 -3.179951 -0.924413 0.397693 -5.109661 2.555227 -1.171027 -6.054549 -0.000003 -0.000001 5.309514 -34.324291 -0.302615 -4.244578 -0.000001 0.000012 12.101635 -31.740196 -1.371431 -2.732867 0.000004 0.000000 4.693148 -16.011827 -13.248228 -2.043405 0.000006 -0.000001 -0.001119 -0.000998 0.000867 -2.933434 0.316848 -0.122046 -8.372871 -0.520187 -17.702734 -5.826602 -0.000005 -0.000000 1.618158 -30.709940 19.555952 -4.028100 -0.000000 0.000000 10.695599 -35.966965 -2.870507 -2.443439 -0.000000 0.000000 10.285110 -30.949850 -22.030127 -1.786791 0.000003 0.000011 -0.004948 -0.003949 -0.002254 -2.949983 1.545734 -0.540328 -12.946659 -10.028615 -15.840819 -5.116444 -0.000002 -0.000000 7.513954 -26.844666 20.286217 -2.915901 -0.000000 0.000012 16.055016 -34.183559 -2.409731 -1.633906 0.000001 -0.000012 12.890227 -27.439579 -30.185802 -1.819588 0.000000 -0.000001 -0.002151 -0.000476 -0.000615 -8.517063 2.351946 11.888292 164.415817 -4.143098 -14.251818 42.799587 0.000001 0.000002 33.777245 1.473128 -4.428077 45.345985 0.000001 -0.000007 -87.477501 -7.412745 -2.405465 14.268355 0.000005 0.000000 -9.245785 1.421897 0.909042 6.980276 -0.121840 0.000001 0.000184 -0.000149 0.000229 -8.535283 2.358025 -11.910014 -13.389337 -12.762273 -9.956874 -42.789711 -0.000003 -0.000003 31.431116 1.746845 -2.954893 -45.345604 0.000000 0.000000 -76.360695 1.338869 -10.729362 -14.268300 -0.000000 -0.000000 -8.505984 3.120760 0.172962 -6.981181 0.121853 -0.000003 0.005725 -0.001150 0.000442
0.000000 0.000000 0.000000 0.000000 0.000000 0.000000 -8.893246 107.999588 -2.508712 86.818787 3.324400 -78.902443 5.266023 0.261829 -0.008408 5.883872 -1.943111 1.621566 7.597601 -0.000001 0.000000 -6.040337 1.816159 -0.741517 8.008073 -0.000000 -0.000000 16.374458 1.496858 -0.574601 29.519594 -0.802532 0.014094 20.330519 4.551219 -2.953966 8.099053 -0.000000 0.000000 20.566517 11.187484 6.416839 6.860398 0.000000 0.000000 -25.099722 -4.513944 -15.716068 18.447189 0.760179 -0.003674 -0.001920 0.000305 0.001356 0.200078 3.635073 -0.007852 0.339069 0.410311 0.130411 5.721212 9.287379 3.627303 8.289595 -0.074752 3.429451 5.744883 9.302453 -3.630085 8.262828 -0.079967 -2.376029 25.666941 5.953198 1.744820 -61.551178 -76.706276 80.547165 18.464344 -0.000002 -0.000012 50.249878 -41.792301 -25.694704 29.884953 0.000000 -0.000001 81.465385 -2.088615 0.655768 27.413786 0.000000 0.000011 2.520161 17.021534 2.541793 2.094321 3.161254 0.799310 10.591660 -29.935915 67.419373 4.501803 -0.000008 -0.000000 -21.194412 -2.712431 14.659277 2.698064 0.000006 -0.000006 -1.660786 -3.603431 -2.619850 3.118652 0.000000 -0.000012 -0.000992 0.000778 0.000658 3.181590 2.254555 0.120951 5.697371 6.488791 -1.844792 6.175169 -0.000002 0.000011 -2.873312 -50.245304 -1.071249 3.387755 -0.000001 -0.000000 15.475809 -34.215149 0.186608 2.120990 0.000003 -0.000000 0.711833 -17.195873 -11.634974 2.529893 0.000000 0.000000 -0.000030 -0.000822 -0.000537 3.178449 0.924150 -0.397349 -4.812134 2.841488 -2.273131 6.049747 0.000000 -0.000001 3.273335 -45.110203 0.257722 4.242486 -0.000003 0.000000 13.412962 -39.378254 -1.373011 2.731824 -0.000001 0.000012 3.469603 -18.570118 -14.216515 2.041451 0.000003 0.000012 -0.001115 -0.000542 -0.001438 2.932182 -0.316448 0.122310 -8.318285 -0.661626 -18.467457 5.821784 -0.000001 -0.000001 -4.743176 -35.223221 21.597555 4.026133 0.000000 0.000000 4.630259 -42.715515 -1.496692 2.442604 0.000002 -0.000012 6.049182 -35.772358 -14.102549 1.785016 0.000000 -0.000025 -0.000226 -0.001281 0.000807 2.948916 -1.544389 0.539792 -12.834342 -10.908957 -16.710115 5.112839 -0.000002 0.000011 1.870022 -29.224541 20.693384 2.914518 0.000000 0.000000 4.213238 -41.759396 0.193514 1.632816 -0.000002 0.000000 7.694979 -33.606686 -16.034212 1.817514 -0.000003 -0.000001 0.000436 -0.000390 -0.000287 25.633276 5.994579 -1.761724 66.279709 -76.520851 133.223114 -18.544613 0.000003 0.000012 37.341022 -45.121391 -7.531464 -29.903347 0.000000 0.000001 50.794159 0.347337 1.491223 -27.414274 0.000012 0.000013 1.520853 16.987782 -0.865476 -2.094768 -3.163312 -0.799955 -0.041465 -39.383102 74.949318 -4.505661 0.000005 0.000000 -26.123919 -2.629184 10.748345 -2.700114 -0.000006 0.000006 -1.091772 -2.258540 2.791482 -3.121519 -0.000000 0.000006 -0.000988 0.002729 0.000621 -3.183331 -2.255512 -0.121331 4.429995 5.526084 0.349602 -6.179836 0.000000 0.000000 -2.795565 -36.754379 0.238003 -3.389430 -0.000001 -0.000012 14.040985 -32.193058 -2.956525 -2.123821 -0.000003 -0.000012 2.243176 -16.920094 -8.203073 -2.529789 -0.000000 -0.000001 -0.000484 -0.000088 0.000467 -3.179951 -0.924413 0.397693 -5.951325 2.796761 -0.853487 -6.054549 -0.000003 -0.000001 5.363931 -36.646839 -0.371830 -4.244578 -0.000001 0.000012 15.712276 -36.204685 -2.165805 -2.732867 0.000004 0.000000 6.339400 -18.076286 -16.688091 -2.043405 0.000006 -0.000001 -0.001372 -0.001359 0.000967 -2.933434 0.316848 -0.122046 -9.174747 -0.178181 -17.246273 -5.826602 -0.000005 -0.000000 0.400774 -33.191330 20.115437 -4.028100 -0.000000 0.000000 14.592350 -40.420746 -3.873503 -2.443439 -0.000000 0.000000 13.679981 -33.324524 -26.302662 -1.786791 0.000003 0.000011 -0.006003 -0.004366 -0.002443 -2.949983 1.545734 -0.540328 -13.866888 -9.873197 -15.626081 -5.116444 -0.000002 -0.000000 6.533453 -29.032785 20.832409 -2.915901 -0.000000 0.000012 20.921736 -37.770054 -2.702931 -1.633906 0.000001 -0.000012 17.657141 -29.669926 -35.843601 -1.819588 0.000000 -0.000001 -0.003015 -0.001192 -0.000753 -8.517063 2.351946 11.888292 164.959290 -3.863360 -15.223571 42.799587 0.000001 0.000002 32.520176 1.482766 -4.430537 45.345985 0.000001 -0.000007 -88.117264 -7.514607 -2.573352 14.268355 0.000005 0.000000 -9.665922 1.475988 1.259533 6.980276 -0.121840 0.000001 0.000183 -0.000179 0.000161 -8.535283 2.358025 -11.910014 -14.650187 -14.018115 -8.916734 -42.789711 -0.000003 -0.000003 34.495659 1.666100 -2.508999 -45.345604 0.000000 0.000000 -74.752975 2.373625 -11.730907 -14.268300 -0.000000 -0.000000 -8.883827 3.322717 0.023492 -6.981181 0.121853 -0.000003 0.006696 -0.001179 0.000408
0.000000 0.000000 0.000000 0.000000 0.000000 0.000000 -9.410369 108.072594 -2.425323 86.842415 2.829915 -78.772392 5.266023 0.261829 -0.008408 5.936138 -1.987944 1.788495 7.597601 -0.000001 0.000000 -6.022146 2.004585 -1.126601 8.008073 -0.000000 -0.000000 16.213978 1.770243 -0.568097 29.519594 -0.802532 0.014094 20.397928 4.459502 -2.869870 8.099053 -0.000000 0.000000 21.206209 11.399416 6.511033 6.860398 0.000000 0.000000 -25.420605 -4.855632 -16.311995 18.447189 0.760179 -0.003674 -0.001914 0.000315 0.001202 0.200078 3.635073 -0.007852 0.398232 0.453250 0.168413 5.721212 9.287379 3.627303 7.881433 -0.078434 3.519299 5.744883 9.302453 -3.630085 7.855728 -0.083387 -2.288010 25.666941 5.953198 1.744820 -61.312988 -75.834152 80.606483 18.464344 -0.000002 -0.000012 47.273739 -41.770573 -23.691330 29.884953 0.000000 -0.000001 77.475952 -2.508929 0.483408 27.413786 0.000000 0.000011 2.821923 15.838898 2.641471 2.094321 3.161254 0.799310 9.835989 -30.652773 67.479515 4.501803 -0.000008 -0.000000 -21.361908 -3.103669 14.418460 2.698064 0.000006 -0.000006 -1.805596 -3.769031 -2.210051 3.118652 0.000000 -0.000012 -0.000858 0.000732 0.000655 3.181590 2.254555 0.120951 5.362986 6.287284 -1.932217 6.175169 -0.000002 0.000011 -3.088880 -51.622894 -1.152411 3.387755 -0.000001 -0.000000 16.508652 -35.430950 0.194877 2.120990 0.000003 -0.000000 0.839909 -17.619474 -12.443330 2.529893 0.000000 0.000000 -0.000102 -0.000786 -0.000539 3.178449 0.924150 -0.397349 -5.070327 2.775061 -2.235913 6.049747 0.000000 -0.000001 3.158137 -46.491898 0.330646 4.242486 -0.000003 0.000000 14.351463 -40.830853 -1.578408 2.731824 -0.000001 0.000012 3.771481 -19.010187 -15.073149 2.041451 0.000003 0.000012 -0.001018 -0.000436 -0.001264 2.932182 -0.316448 0.122310 -8.535846 -0.505071 -18.384970 5.821784 -0.000001 -0.000001 -5.543600 -36.591663 22.332426 4.026133 0.000000 0.000000 5.119129 -44.192230 -1.656929 2.442604 0.000002 -0.000012 6.545167 -36.665195 -14.722522 1.785016 0.000000 -0.000025 -0.000230 -0.001105 0.000676 2.948916 -1.544389 0.539792 -13.127201 -10.805386 -16.565626 5.112839 -0.000002 0.000011 1.360802 -30.477942 21.063156 2.914518 0.000000 0.000000 4.503491 -43.162514 0.363311 1.632816 -0.000002 0.000000 8.421153 -34.860962 -16.816984 1.817514 -0.000003 -0.000001 0.000362 -0.000456 -0.000318 25.633276 5.994579 -1.761724 64.918053 -75.951912 134.538086 -18.544613 0.000003 0.000012 34.721035 -45.008598 -6.056300 -29.903347 0.000000 0.000001 45.199661 0.838527 1.421684 -27.414274 0.000012 0.000013 0.996795 16.020966 -2.091292 -2.094768 -3.163312 -0.799955 -0.769158 -39.227512 75.349770 -4.505661 0.000005 0.000000 -26.093292 -2.702212 10.502181 -2.700114 -0.000006 0.000006 -0.994622 -1.982647 2.840673 -3.121519 -0.000000 0.000006 -0.000964 0.002687 0.000618 -3.183331 -2.255512 -0.121331 4.327816 5.685295 0.185721 -6.179836 0.000000 0.000000 -2.559045 -37.104336 -0.095018 -3.389430 -0.000001 -0.000012 14.428587 -32.606731 -3.151710 -2.123821 -0.000003 -0.000012 2.129928 -17.196447 -8.078041 -2.529789 -0.000000 -0.000001 -0.000516 -0.000197 0.000502 -3.179951 -0.924413 0.397693 -5.930458 2.827233 -1.126681 -6.054549 -0.000003 -0.000001 5.350260 -36.905571 -0.601921 -4.244578 -0.000001 0.000012 16.073959 -36.254711 -2.161408 -2.732867 0.000004 0.000000 6.380909 -18.154884 -17.121428 -2.043405 0.000006 -0.000001 -0.001284 -0.001503 0.000898 -2.933434 0.316848 -0.122046 -9.096103 -0.143995 -17.433264 -5.826602 -0.000005 -0.000000 0.395316 -33.220654 19.992807 -4.028100 -0.000000 0.000000 15.123042 -40.661156 -3.974394 -2.443439 -0.000000 0.000000 14.108797 -33.531502 -26.997484 -1.786791 0.000003 0.000011 -0.005753 -0.004186 -0.002363 -2.949983 1.545734 -0.540328 -13.615214 -9.927041 -15.878725 -5.116444 -0.000002 -0.000000 6.354310 -28.780249 20.826887 -2.915901 -0.000000 0.000012 21.613218 -37.887711 -2.721093 -1.633906 0.000001 -0.000012 18.195169 -29.893536 -36.693794 -1.819588 0.000000 -0.000001 -0.002801 -0.001056 -0.000787 -8.517063 2.351946 11.888292 165.557266 -3.744321 -15.637410 42.799587 0.000001 0.000002 32.417110 1.526669 -4.769704 45.345985 0.000001 -0.000007 -88.189362 -8.219714 -2.482386 14.268355 0.000005 0.000000 -9.756890 1.362139 1.290340 6.980276 -0.121840 0.000001 0.000150 -0.000078 0.000118 -8.535283 2.358025 -11.910014 -15.657543 -15.213768 -8.397259 -42.789711 -0.000003 -0.000003 36.487511 0.705499 -2.231736 -45.345604 0.000000 0.000000 -73.419296 2.558456 -12.324834 -14.268300 -0.000000 -0.000000 -8.582583 3.347008 0.094168 -6.981181 0.121853 -0.000003 0.006482 -0.001018 0.000360
0.000000 0.000000 0.000000 0.000000 0.000000 0.000000 -9.868477 108.107933 -2.407814 87.090416 2.880517 -78.322586 5.266023 0.261829 -0.008408 6.221924 -2.002540 1.906036 7.597601 -0.000001 0.000000 -6.208530 2.160703 -1.485435 8.008073 -0.000000 -0.000000 16.237232 2.059347 -0.533029 29.519594 -0.802532 0.014094 20.379915 4.416164 -2.721046 8.099053 -0.000000 0.000000 21.515770 11.915138 6.492018 6.860398 0.000000 0.000000 -25.284946 -5.265447 -17.165285 18.447189 0.760179 -0.003674 -0.002027 0.000279 0.001035 0.200078 3.635073 -0.007852 0.484491 0.508082 0.180861 5.721212 9.287379 3.627303 7.630776 -0.087551 3.631372 5.744883 9.302453 -3.630085 7.602579 -0.092675 -2.174812 25.666941 5.953198 1.744820 -60.154030 -74.961151 79.621651 18.464344 -0.000002 -0.000012 43.013763 -41.169647 -20.571545 29.884953 0.000000 -0.000001 71.929398 -3.425614 -0.075377 27.413786 0.000000 0.000011 3.623135 15.425170 3.456161 2.094321 3.161254 0.799310 9.838928 -31.152271 67.551559 4.501803 -0.000008 -0.000000 -21.150244 -3.210425 14.414823 2.698064 0.000006 -0.000006 -1.901158 -3.771057 -2.072630 3.118652 0.000000 -0.000012 -0.000709 0.000729 0.000601 3.181590 2.254555 0.120951 5.606571 5.957675 -1.750915 6.175169 -0.000002 0.000011 -3.185660 -52.221039 -1.160434 3.387755 -0.000001 -0.000000 16.853943 -36.377995 0.244147 2.120990 0.000003 -0.000000 0.846281 -17.750769 -12.970132 2.529893 0.000000 0.000000 -0.000139 -0.000779 -0.000541 3.178449 0.924150 -0.397349 -4.871717 2.824689 -2.281979 6.049747 0.000000 -0.000001 2.907086 -47.235210 0.525625 4.242486 -0.000003 0.000000 14.557606 -41.709023 -1.513548 2.731824 -0.000001 0.000012 3.836327 -19.269253 -15.508633 2.041451 0.000003 0.000012 -0.000865 -0.000357 -0.001142 2.932182 -0.316448 0.122310 -8.428303 -0.268547 -18.514036 5.821784 -0.000001 -0.000001 -5.901709 -37.121933 22.602703 4.026133 0.000000 0.000000 5.053416 -45.281967 -1.529223 2.442604 0.000002 -0.000012 6.517935 -37.148033 -14.728367 1.785016 0.000000 -0.000025 -0.000153 -0.000952 0.000601 2.948916 -1.544389 0.539792 -13.141321 -10.366369 -16.774448 5.112839 -0.000002 0.000011 1.061101 -30.749184 21.126366 2.914518 0.000000 0.000000 4.510576 -44.192619 0.659790 1.632816 -0.000002 0.000000 8.596122 -35.606411 -17.042362 1.817514 -0.000003 -0.000001 0.000349 -0.000474 -0.000342 25.633276 5.994579 -1.761724 63.753399 -75.315147 135.272171 -18.544613 0.000003 0.000012 31.233677 -44.946426 -4.812159 -29.903347 0.000000 0.000001 38.178143 1.718804 1.321526 -27.414274 0.000012 0.000013 0.232389 14.460649 -5.880765 -2.094768 -3.163312 -0.799955 -0.540840 -38.699642 74.738846 -4.505661 0.000005 0.000000 -25.527283 -2.999061 10.382716 -2.700114 -0.000006 0.000006 -0.675046 -2.118905 2.910452 -3.121519 -0.000000 0.000006 -0.001095 0.002827 0.000716 -3.183331 -2.255512 -0.121331 3.955219 5.541908 -0.195495 -6.179836 0.000000 0.000000 -2.213462 -37.783016 -0.450966 -3.389430 -0.000001 -0.000012 14.853552 -33.864433 -3.419124 -2.123821 -0.000003 -0.000012 2.259999 -17.714186 -8.667113 -2.529789 -0.000000 -0.000001 -0.000507 -0.000300 0.000626 -3.179951 -0.924413 0.397693 -6.126747 2.373667 -1.466009 -6.054549 -0.000003 -0.000001 5.434810 -37.491257 -0.733349 -4.244578 -0.000001 0.000012 16.688435 -37.461697 -2.397109 -2.732867 0.000004 0.000000 6.784459 -18.732725 -17.626755 -2.043405 0.000006 -0.000001 -0.001311 -0.001729 0.000822 -2.933434 0.316848 -0.122046 -9.067150 -0.631462 -17.531590 -5.826602 -0.000005 -0.000000 0.039501 -33.829609 19.927084 -4.028100 -0.000000 0.000000 15.850560 -41.819271 -4.296245 -2.443439 -0.000000 0.000000 14.619232 -33.946789 -27.518608 -1.786791 0.000003 0.000011 -0.006260 -0.004211 -0.002406 -2.949983 1.545734 -0.540328 -13.369275 -10.603924 -15.951331 -5.116444 -0.000002 -0.000000 6.092828 -29.053034 20.849436 -2.915901 -0.000000 0.000012 22.541920 -38.851849 -2.866343 -1.633906 0.000001 -0.000012 19.072090 -30.372423 -37.522186 -1.819588 0.000000 -0.000001 -0.003281 -0.001403 -0.000896 -8.517063 2.351946 11.888292 165.608215 -3.759928 -16.183317 42.799587 0.000001 0.000002 32.208763 1.487887 -5.068202 45.345985 0.000001 -0.000007 -88.598694 -9.249748 -2.526841 14.268355 0.000005 0.000000 -9.699489 1.274040 1.353612 6.980276 -0.121840 0.000001 0.000198 0.000004 0.000027 -8.535283 2.358025 -11.910014 -16.984688 -16.158134 -7.256259 -42.789711 -0.000003 -0.000003 38.403557 0.031149 -1.964039 -45.345604 0.000000 0.000000 -71.844856 3.286042 -12.856974 -14.268300 -0.000000 -0.000000 -8.326851 3.450270 -0.102312 -6.981181 0.121853 -0.000003 0.006980 -0.000944 0.000361
0.000000 0.000000 0.000000 0.000000 0.000000 0.000000 -10.242411 108.192207 -2.465231 87.202843 2.694505 -77.984573 5.266023 0.261829 -0.008408 6.439100 -2.017681 2.013802 7.597601 -0.000001 0.000000 -6.374401 2.289508 -1.710029 8.008073 -0.000000 -0.000000 16.298586 2.225737 -0.451136 29.519594 -0.802532 0.014094 20.311821 4.479288 -2.677788 8.099053 -0.000000 0.000000 21.982466 12.215303 6.618431 6.860398 0.000000 0.000000 -25.349531 -5.531277 -17.482311 18.447189 0.760179 -0.003674 -0.002013 0.000287 0.000939 0.200078 3.635073 -0.007852 0.568616 0.493639 0.191516 5.721212 9.287379 3.627303 7.404231 -0.086320 3.661478 5.744883 9.302453 -3.630085 7.374565 -0.091212 -2.145929 25.666941 5.953198 1.744820 -60.057823 -74.223587 79.614883 18.464344 -0.000002 -0.000012 40.207409 -40.525398 -18.984552 29.884953 0.000000 -0.000001 67.758759 -3.875823 -0.183122 27.413786 0.000000 0.000011 3.628616 14.407269 3.549699 2.094321 3.161254 0.799310 9.740577 -31.560156 67.294830 4.501803 -0.000008 -0.000000 -21.101416 -3.306668 14.384706 2.698064 0.000006 -0.000006 -1.974230 -3.963413 -1.861593 3.118652 0.000000 -0.000012 -0.000589 0.000716 0.000614 3.181590 2.254555 0.120951 5.652627 5.628360 -1.816107 6.175169 -0.000002 0.000011 -3.333233 -52.824890 -1.189209 3.387755 -0.000001 -0.000000 17.080952 -36.605919 0.215457 2.120990 0.000003 -0.000000 0.769232 -17.888634 -12.842803 2.529893 0.000000 0.000000 -0.000249 -0.000768 -0.000554 3.178449 0.924150 -0.397349 -4.828399 2.641721 -2.232820 6.049747 0.000000 -0.000001 2.837368 -47.820267 0.573140 4.242486 -0.000003 0.000000 14.703263 -42.002728 -1.545613 2.731824 -0.000001 0.000012 3.800252 -19.342321 -15.523677 2.041451 0.000003 0.000012 -0.000789 -0.000248 -0.000996 2.932182 -0.316448 0.122310 -8.484615 -0.345292 -18.512205 5.821784 -0.000001 -0.000001 -6.021937 -37.578136 22.872232 4.026133 0.000000 0.000000 5.074908 -45.758785 -1.527401 2.442604 0.000002 -0.000012 6.535864 -37.394341 -14.774364 1.785016 0.000000 -0.000025 -0.000139 -0.000810 0.000493 2.948916 -1.544389 0.539792 -13.344666 -10.424048 -16.739084 5.112839 -0.000002 0.000011 1.066793 -31.139145 21.203289 2.914518 0.000000 0.000000 4.471862 -44.663666 0.824375 1.632816 -0.000002 0.000000 8.752475 -36.023235 -17.303520 1.817514 -0.000003 -0.000001 0.000281 -0.000558 -0.000378 25.633276 5.994579 -1.761724 63.748718 -74.821297 135.088455 -18.544613 0.000003 0.000012 28.938385 -44.872490 -3.861898 -29.903347 0.000000 0.000001 34.338932 2.154755 1.442701 -27.414274 0.000012 0.000013 -0.106513 14.145729 -7.820869 -2.094768 -3.163312 -0.799955 -0.553479 -38.225616 74.674866 -4.505661 0.000005 0.000000 -25.526562 -2.944701 10.295602 -2.700114 -0.000006 0.000006 -0.605249 -2.143450 2.947289 -3.121519 -0.000000 0.000006 -0.001035 0.002766 0.000677 -3.183331 -2.255512 -0.121331 3.995999 5.779080 -0.448808 -6.179836 0.000000 0.000000 -2.105021 -37.880821 -0.677149 -3.389430 -0.000001 -0.000012 14.925992 -34.076756 -3.514452 -2.123821 -0.000003 -0.000012 2.136884 -17.915516 -8.323422 -2.529789 -0.000000 -0.000001 -0.000536 -0.000338 0.000612 -3.179951 -0.924413 0.397693 -5.962545 2.485419 -1.753571 -6.054549 -0.000003 -0.000001 5.300633 -37.529072 -0.757929 -4.244578 -0.000001 0.000012 16.787388 -37.426453 -2.403181 -2.732867 0.000004 0.000000 6.672575 -18.754644 -17.590403 -2.043405 0.000006 -0.000001 -0.001214 -0.001787 0.000756 -2.933434 0.316848 -0.122046 -8.835635 -0.610227 -17.758989 -5.826602 -0.000005 -0.000000 0.115553 -33.549809 19.853197 -4.028100 -0.000000 0.000000 16.023973 -41.954395 -4.378933 -2.443439 -0.000000 0.000000 14.593562 -33.992779 -27.579157 -1.786791 0.000003 0.000011 -0.005979 -0.004048 -0.002309 -2.949983 1.545734 -0.540328 -12.953611 -10.718436 -16.240454 -5.116444 -0.000002 -0.000000 6.075898 -28.490223 20.744291 -2.915901 -0.000000 0.000012 22.695173 -38.851147 -2.876131 -1.633906 0.000001 -0.000012 19.030949 -30.458803 -37.586590 -1.819588 0.000000 -0.000001 -0.003071 -0.001251 -0.000908 -8.517063 2.351946 11.888292 165.909027 -3.716200 -16.447987 42.799587 0.000001 0.000002 32.061356 1.480974 -5.368258 45.345985 0.000001 -0.000007 -88.656425 -9.697618 -2.431507 14.268355 0.000005 0.000000 -9.839874 1.197284 1.490515 6.980276 -0.121840 0.000001 0.000148 0.000097 -0.000004 -8.535283 2.358025 -11.910014 -17.543907 -16.863686 -7.053822 -42.789711 -0.000003 -0.000003 38.958378 -0.126794 -1.987525 -45.345604 0.000000 0.000000 -70.516663 3.444121 -13.298152 -14.268300 -0.000000 -0.000000 -7.980147 3.418094 -0.157136 -6.981181 0.121853 -0.000003 0.006799 -0.000819 0.000343
0.000000 0.000000 0.000000 0.000000 0.000000 0.000000 -10.518553 108.212029 -2.613781 87.246834 2.618897 -76.021835 5.266023 0.261829 -0.008408 6.365926 -2.251578 2.103915 7.597601 -0.000001 0.000000 -6.702981 2.518458 -1.893878 8.008073 -0.000000 -0.000000 16.723629 2.688355 -0.236716 29.519594 -0.802532 0.014094 20.691793 4.245533 -2.556652 8.099053 -0.000000 0.000000 22.819283 13.160461 6.565508 6.860398 0.000000 0.000000 -25.274282 -5.880840 -17.671839 18.447189 0.760179 -0.003674 -0.001876 0.000426 0.000672 0.200078 3.635073 -0.007852 0.445119 0.668349 0.174677 5.721212 9.287379 3.627303 7.173665 -0.101978 3.629264 5.744883 9.302453 -3.630085 7.157684 -0.106255 -2.184304 25.666941 5.953198 1.744820 -56.900314 -73.762245 76.485474 18.464344 -0.000002 -0.000012 36.295208 -39.148117 -17.293228 29.884953 0.000000 -0.000001 59.771034 -4.040534 -0.192832 27.413786 0.000000 0.000011 1.859774 12.403510 4.230712 2.094321 3.161254 0.799310 8.902974 -32.787384 68.212341 4.501803 -0.000008 -0.000000 -20.671896 -3.569575 14.382296 2.698064 0.000006 -0.000006 -1.866065 -3.810225 -1.915466 3.118652 0.000000 -0.000012 -0.000325 0.000643 0.000701 3.181590 2.254555 0.120951 5.547932 4.565323 -1.333452 6.175169 -0.000002 0.000011 -3.840189 -52.597935 -0.757812 3.387755 -0.000001 -0.000000 17.150965 -37.224823 0.612466 2.120990 0.000003 -0.000000 0.843018 -18.549208 -13.242690 2.529893 0.000000 0.000000 -0.000225 -0.000815 -0.000594 3.178449 0.924150 -0.397349 -5.015897 2.131130 -1.796776 6.049747 0.000000 -0.000001 1.924394 -47.958786 1.297182 4.242486 -0.000003 0.000000 14.538370 -42.540379 -1.172414 2.731824 -0.000001 0.000012 3.946271 -20.050684 -15.736935 2.041451 0.000003 0.000012 -0.000568 -0.000118 -0.000698 2.932182 -0.316448 0.122310 -8.880959 -0.753761 -18.037868 5.821784 -0.000001 -0.000001 -6.814596 -37.449242 23.393494 4.026133 0.000000 0.000000 4.688747 -46.698170 -1.112826 2.442604 0.000002 -0.000012 6.569829 -38.381634 -14.723879 1.785016 0.000000 -0.000025 -0.000168 -0.000508 0.000238 2.948916 -1.544389 0.539792 -14.228440 -10.431535 -16.350647 5.112839 -0.000002 0.000011 0.484822 -31.497379 21.677513 2.914518 0.000000 0.000000 4.021957 -45.576973 1.188310 1.632816 -0.000002 0.000000 8.902613 -37.039463 -17.173985 1.817514 -0.000003 -0.000001 0.000123 -0.000583 -0.000413 25.633276 5.994579 -1.761724 63.538715 -74.167686 134.672348 -18.544613 0.000003 0.000012 24.508596 -44.581223 -3.271628 -29.903347 0.000000 0.000001 28.410999 3.427264 1.600897 -27.414274 0.000012 0.000013 -2.327597 14.198947 -13.555240 -2.094768 -3.163312 -0.799955 -0.622360 -37.447414 74.430061 -4.505661 0.000005 0.000000 -25.448404 -2.551717 10.195716 -2.700114 -0.000006 0.000006 -0.446958 -1.769617 2.836263 -3.121519 -0.000000 0.000006 -0.000868 0.002429 0.000565 -3.183331 -2.255512 -0.121331 3.625350 6.373185 -0.674275 -6.179836 0.000000 0.000000 -1.780626 -37.972874 -0.835837 -3.389430 -0.000001 -0.000012 16.714684 -35.859203 -4.095377 -2.123821 -0.000003 -0.000012 2.567979 -19.306253 -9.625740 -2.529789 -0.000000 -0.000001 -0.000633 -0.000470 0.000579 -3.179951 -0.924413 0.397693 -6.083498 2.579594 -1.812174 -6.054549 -0.000003 -0.000001 5.264709 -37.644810 -0.794590 -4.244578 -0.000001 0.000012 18.768559 -39.049660 -2.909264 -2.732867 0.000004 0.000000 7.634115 -19.839329 -19.119337 -2.043405 0.000006 -0.000001 -0.000942 -0.001813 0.000539 -2.933434 0.316848 -0.122046 -8.777295 -0.776170 -18.041185 -5.826602 -0.000005 -0.000000 -0.245921 -33.701557 20.093639 -4.028100 -0.000000 0.000000 17.930616 -43.334984 -5.010270 -2.443439 -0.000000 0.000000 16.174595 -34.795750 -29.549603 -1.786791 0.000003 0.000011 -0.004861 -0.003562 -0.002087 -2.949983 1.545734 -0.540328 -12.595909 -11.262172 -16.723698 -5.116444 -0.000002 -0.000000 5.859055 -28.607443 20.673143 -2.915901 -0.000000 0.000012 24.459612 -39.601921 -2.589883 -1.633906 0.000001 -0.000012 20.864309 -30.830795 -39.842522 -1.819588 0.000000 -0.000001 -0.002080 -0.000487 -0.000767 -8.517063 2.351946 11.888292 165.992844 -3.442143 -16.389530 42.799587 0.000001 0.000002 31.804680 1.291006 -5.552948 45.345985 0.000001 -0.000007 -88.950470 -9.375468 -2.462166 14.268355 0.000005 0.000000 -10.184093 1.181850 1.745100 6.980276 -0.121840 0.000001 0.000162 0.000323 -0.000140 -8.535283 2.358025 -11.910014 -17.381620 -17.260515 -5.904366 -42.789711 -0.000003 -0.000003 38.867741 -0.775973 -2.324739 -45.345604 0.000000 0.000000 -68.550438 2.230131 -13.589010 -14.268300 -0.000000 -0.000000 -8.208385 3.127037 -0.554006 -6.981181 0.121853 -0.000003 0.005922 -0.000568 0.000350
0.000000 0.000000 0.000000 0.000000 0.000000 0.000000 -10.695217 108.280960 -2.871421 87.235756 2.713047 -75.115883 5.266023 0.261829 -0.008408 6.442513 -2.336808 2.230883 7.597601 -0.000001 0.000000 -6.805350 2.631374 -2.041523 8.008073 -0.000000 -0.000000 16.848389 2.862162 -0.056777 29.519594 -0.802532 0.014094 20.612780 4.432811 -2.636227 8.099053 -0.000000 0.000000 23.467211 13.589204 6.775201 6.860398 0.000000 0.000000 -25.362494 -6.319286 -18.075603 18.447189 0.760179 -0.003674 -0.001748 0.000457 0.000494 0.200078 3.635073 -0.007852 0.491687 0.666930 0.173584 5.721212 9.287379 3.627303 7.146477 -0.101991 3.565763 5.744883 9.302453 -3.630085 7.137557 -0.105756 -2.252405 25.666941 5.953198 1.744820 -56.499371 -73.506775 76.143921 18.464344 -0.000002 -0.000012 33.342449 -37.929195 -16.531906 29.884953 0.000000 -0.000001 55.109386 -4.272026 -0.108530 27.413786 0.000000 0.000011 0.812604 11.548383 3.915546 2.094321 3.161254 0.799310 9.047061 -33.269878 68.258202 4.501803 -0.000008 -0.000000 -20.569656 -3.602265 14.551626 2.698064 0.000006 -0.000006 -1.937574 -3.911252 -1.936301 3.118652 0.000000 -0.000012 -0.000149 0.000601 0.000698 3.181590 2.254555 0.120951 5.789176 3.992198 -1.257609 6.175169 -0.000002 0.000011 -4.164394 -51.990009 -0.456867 3.387755 -0.000001 -0.000000 16.471849 -36.503120 0.887725 2.120990 0.000003 -0.000000 0.638210 -18.738625 -12.570722 2.529893 0.000000 0.000000 -0.000217 -0.000814 -0.000613 3.178449 0.924150 -0.397349 -4.804289 1.761196 -1.527169 6.049747 0.000000 -0.000001 1.613173 -47.280727 1.496826 4.242486 -0.000003 0.000000 13.780640 -41.955021 -0.891270 2.731824 -0.000001 0.000012 3.764900 -20.268423 -15.161108 2.041451 0.000003 0.000012 -0.000404 0.000005 -0.000492 2.932182 -0.316448 0.122310 -8.832362 -1.026119 -17.854040 5.821784 -0.000001 -0.000001 -6.675661 -36.703537 23.341406 4.026133 0.000000 0.000000 4.149898 -46.420506 -0.849102 2.442604 0.000002 -0.000012 6.293449 -38.554699 -14.340138 1.785016 0.000000 -0.000025 -0.000139 -0.000322 0.000088 2.948916 -1.544389 0.539792 -14.451734 -10.508718 -16.114244 5.112839 -0.000002 0.000011 0.582177 -30.987467 21.725019 2.914518 0.000000 0.000000 3.684193 -45.331318 1.396901 1.632816 -0.000002 0.000000 8.716064 -37.174866 -16.952618 1.817514 -0.000003 -0.000001 0.000031 -0.000624 -0.000418 25.633276 5.994579 -1.761724 64.584442 -73.620918 133.318222 -18.544613 0.000003 0.000012 21.698915 -44.793114 -2.847062 -29.903347 0.000000 0.000001 26.419195 4.089151 1.907947 -27.414274 0.000012 0.000013 -3.402809 15.007477 -16.846998 -2.094768 -3.163312 -0.799955 -0.472345 -37.239407 74.209076 -4.505661 0.000005 0.000000 -25.660364 -2.589440 10.240839 -2.700114 -0.000006 0.000006 -0.482050 -1.939963 2.826958 -3.121519 -0.000000 0.000006 -0.000747 0.002167 0.000454 -3.183331 -2.255512 -0.121331 3.421704 6.565809 -0.846120 -6.179836 0.000000 0.000000 -1.716951 -38.499607 -0.796897 -3.389430 -0.000001 -0.000012 17.417374 -37.115936 -4.416985 -2.123821 -0.000003 -0.000012 2.791631 -20.064758 -9.945307 -2.529789 -0.000000 -0.000001 -0.000646 -0.000433 0.000533 -3.179951 -0.924413 0.397693 -6.161787 2.628738 -1.871028 -6.054549 -0.000003 -0.000001 5.109224 -38.255032 -0.589972 -4.244578 -0.000001 0.000012 19.641735 -40.241234 -3.227716 -2.732867 0.000004 0.000000 8.013865 -20.455820 -19.537842 -2.043405 0.000006 -0.000001 -0.000697 -0.001693 0.000379 -2.933434 0.316848 -0.122046 -8.853507 -0.875528 -18.136074 -5.826602 -0.000005 -0.000000 -0.336080 -34.153999 20.253996 -4.028100 -0.000000 0.000000 18.720732 -44.504421 -5.392931 -2.443439 -0.000000 0.000000 16.710127 -35.281124 -30.154083 -1.786791 0.000003 0.000011 -0.003990 -0.003166 -0.001916 -2.949983 1.545734 -0.540328 -12.596574 -11.550962 -16.773804 -5.116444 -0.000002 -0.000000 5.855819 -28.930202 20.746181 -2.915901 -0.000000 0.000012 25.330040 -40.561970 -2.851945 -1.633906 0.000001 -0.000012 21.571507 -31.189585 -40.580276 -1.819588 0.000000 -0.000001 -0.001346 0.000114 -0.000642 -8.517063 2.351946 11.888292 166.199158 -3.301232 -16.484591 42.799587 0.000001 0.000002 31.401777 1.320337 -5.827863 45.345985 0.000001 -0.000007 -88.868774 -9.290705 -2.541911 14.268355 0.000005 0.000000 -10.444885 1.114674 1.859679 6.980276 -0.121840 0.000001 0.000166 0.000448 -0.000190 -8.535283 2.358025 -11.910014 -16.891741 -17.829687 -5.784653 -42.789711 -0.000003 -0.000003 37.897949 -0.928815 -2.606355 -45.345604 0.000000 0.000000 -67.320595 2.273080 -14.132689 -14.268300 -0.000000 -0.000000 -8.081852 3.021389 -0.806869 -6.981181 0.121853 -0.000003 0.005195 -0.000421 0.000349
0.000000 0.000000 0.000000 0.000000 0.000000 0.000000 -10.779091 108.191345 -3.251580 86.837799 2.843137 -73.382660 5.266023 0.261829 -0.008408 6.497687 -2.627778 2.187786 7.597601 -0.000001 0.000000 -6.648537 2.764122 -2.097260 8.008073 -0.000000 -0.000000 16.671528 3.029297 0.275011 29.519594 -0.802532 0.014094 20.737974 4.715096 -2.676940 8.099053 -0.000000 0.000000 24.096071 14.437278 6.876524 6.860398 0.000000 0.000000 -25.511387 -6.645957 -18.168037 18.447189 0.760179 -0.003674 -0.001616 0.000485 0.000241 0.200078 3.635073 -0.007852 0.383742 0.708872 0.142568 5.721212 9.287379 3.627303 7.064070 -0.116532 3.367987 5.744883 9.302453 -3.630085 7.069055 -0.119714 -2.455054 25.666941 5.953198 1.744820 -54.344387 -72.987480 73.752686 18.464344 -0.000002 -0.000012 29.870167 -36.620468 -16.945475 29.884953 0.000000 -0.000001 50.163570 -3.381478 0.207555 27.413786 0.000000 0.000011 -0.865922 11.444494 0.909041 2.094321 3.161254 0.799310 9.102942 -33.512077 68.212814 4.501803 -0.000008 -0.000000 -20.368906 -3.790527 14.556458 2.698064 0.000006 -0.000006 -1.908076 -4.232743 -1.927596 3.118652 0.000000 -0.000012 0.000028 0.000508 0.000691 3.181590 2.254555 0.120951 5.738741 3.639738 -1.284289 6.175169 -0.000002 0.000011 -4.339668 -51.867474 -0.146843 3.387755 -0.000001 -0.000000 15.755207 -35.800053 1.006235 2.120990 0.000003 -0.000000 0.609858 -18.712584 -11.877800 2.529893 0.000000 0.000000 -0.000098 -0.000746 -0.000590 3.178449 0.924150 -0.397349 -4.868917 1.382817 -1.299155 6.049747 0.000000 -0.000001 1.605190 -47.098026 1.623909 4.242486 -0.000003 0.000000 13.090933 -41.007656 -0.663653 2.731824 -0.000001 0.000012 3.543067 -20.078777 -14.581543 2.041451 0.000003 0.000012 -0.000227 0.000069 -0.000274 2.932182 -0.316448 0.122310 -8.924109 -1.585079 -17.685125 5.821784 -0.000001 -0.000001 -6.556766 -36.418606 23.326406 4.026133 0.000000 0.000000 3.650080 -45.589573 -0.664409 2.442604 0.000002 -0.000012 5.955055 -38.115726 -13.925714 1.785016 0.000000 -0.000025 -0.000158 -0.000091 -0.000066 2.948916 -1.544389 0.539792 -14.572875 -11.110810 -15.989581 5.112839 -0.000002 0.000011 0.644629 -31.126978 21.802010 2.914518 0.000000 0.000000 3.154969 -44.574833 1.381056 1.632816 -0.000002 0.000000 8.033771 -36.319557 -16.156292 1.817514 -0.000003 -0.000001 -0.000065 -0.000593 -0.000362 25.633276 5.994579 -1.761724 66.745750 -72.686661 130.684982 -18.544613 0.000003 0.000012 17.701962 -44.843994 -3.036992 -29.903347 0.000000 0.000001 25.871187 5.375261 1.844152 -27.414274 0.000012 0.000013 -6.043873 16.490561 -22.215109 -2.094768 -3.163312 -0.799955 -0.431494 -36.932880 73.752449 -4.505661 0.000005 0.000000 -26.111273 -2.577348 10.188697 -2.700114 -0.000006 0.000006 -0.532243 -2.274935 2.788981 -3.121519 -0.000000 0.000006 -0.000635 0.001899 0.000358 -3.183331 -2.255512 -0.121331 2.835974 6.976867 -0.880840 -6.179836 0.000000 0.000000 -1.718849 -39.116795 -0.632681 -3.389430 -0.000001 -0.000012 18.082245 -37.512581 -4.685057 -2.123821 -0.000003 -0.000012 2.849187 -20.335108 -9.664826 -2.529789 -0.000000 -0.000001 -0.000669 -0.000500 0.000493 -3.179951 -0.924413 0.397693 -6.478126 2.665648 -1.522980 -6.054549 -0.000003 -0.000001 4.822708 -38.893993 -0.370695 -4.244578 -0.000001 0.000012 20.353529 -40.488373 -3.643338 -2.732867 0.000004 0.000000 8.141165 -20.434498 -19.476145 -2.043405 0.000006 -0.000001 -0.000471 -0.001599 0.000224 -2.933434 0.316848 -0.122046 -9.150500 -1.002810 -18.000971 -5.826602 -0.000005 -0.000000 -0.668014 -34.998058 20.552071 -4.028100 -0.000000 0.000000 18.907665 -44.540379 -5.585306 -2.443439 -0.000000 0.000000 16.646387 -35.135147 -30.071629 -1.786791 0.000003 0.000011 -0.003143 -0.002734 -0.001753 -2.949983 1.545734 -0.540328 -12.797054 -12.200901 -16.680670 -5.116444 -0.000002 -0.000000 5.905274 -29.840723 20.794649 -2.915901 -0.000000 0.000012 25.461582 -40.486870 -2.751677 -1.633906 0.000001 -0.000012 21.318102 -30.735125 -40.500748 -1.819588 0.000000 -0.000001 -0.000670 0.000678 -0.000460 -8.517063 2.351946 11.888292 166.165161 -2.965358 -16.332579 42.799587 0.000001 0.000002 31.595673 1.544190 -6.088251 45.345985 0.000001 -0.000007 -88.688728 -9.158405 -2.692148 14.268355 0.000005 0.000000 -10.837076 1.031319 2.014043 6.980276 -0.121840 0.000001 0.000165 0.000544 -0.000229 -8.535283 2.358025 -11.910014 -15.845452 -18.467426 -5.386492 -42.789711 -0.000003 -0.000003 35.966438 -1.456574 -3.385692 -45.345604 0.000000 0.000000 -64.846077 0.219543 -14.971751 -14.268300 -0.000000 -0.000000 -8.533679 2.554910 -1.319939 -6.981181 0.121853 -0.000003 0.004531 -0.000278 0.000339
0.000000 0.000000 0.000000 0.000000 0.000000 0.000000 -10.780305 108.139870 -3.758705 87.031807 3.251540 -71.978607 5.266023 0.261829 -0.008408 6.574692 -2.807981 2.158836 7.597601 -0.000001 0.000000 -6.484159 2.875473 -2.047600 8.008073 -0.000000 -0.000000 16.547653 3.167147 0.423608 29.519594 -0.802532 0.014094 20.519056 5.016654 -2.668353 8.099053 -0.000000 0.000000 24.698114 15.041993 7.068175 6.860398 0.000000 0.000000 -25.447523 -6.983033 -18.131083 18.447189 0.760179 -0.003674 -0.001534 0.000486 0.000055 0.200078 3.635073 -0.007852 0.305552 0.605348 0.138377 5.721212 9.287379 3.627303 6.921649 -0.122496 3.119061 5.744883 9.302453 -3.630085 6.933568 -0.125289 -2.706230 25.666941 5.953198 1.744820 -53.422905 -72.611320 72.479187 18.464344 -0.000002 -0.000012 27.098392 -35.035835 -17.499897 29.884953 0.000000 -0.000001 46.447094 -2.431125 0.360045 27.413786 0.000000 0.000011 -2.155033 11.558072 -3.112217 2.094321 3.161254 0.799310 9.097434 -33.311333 68.022133 4.501803 -0.000008 -0.000000 -20.444874 -4.038696 14.517204 2.698064 0.000006 -0.000006 -2.067554 -4.858284 -1.717000 3.118652 0.000000 -0.000012 0.000125 0.000379 0.000654 3.181590 2.254555 0.120951 5.590333 3.569938 -1.457445 6.175169 -0.000002 0.000011 -4.528584 -52.107929 0.118914 3.387755 -0.000001 -0.000000 14.785823 -34.535301 0.867347 2.120990 0.000003 -0.000000 0.450765 -18.270044 -10.633857 2.529893 0.000000 0.000000 -0.000021 -0.000607 -0.000555 3.178449 0.924150 -0.397349 -4.969178 1.020519 -1.137976 6.049747 0.000000 -0.000001 1.926902 -46.827312 1.574882 4.242486 -0.000003 0.000000 12.330876 -39.647861 -0.677830 2.731824 -0.000001 0.000012 3.185239 -19.401054 -13.710854 2.041451 0.000003 0.000012 -0.000137 0.000107 -0.000112 2.932182 -0.316448 0.122310 -8.857674 -2.011120 -17.533142 5.821784 -0.000001 -0.000001 -6.123437 -36.211075 23.217375 4.026133 0.000000 0.000000 3.312114 -44.104134 -0.721168 2.442604 0.000002 -0.000012 5.572088 -37.074223 -13.538619 1.785016 0.000000 -0.000025 -0.000201 0.000071 -0.000171 2.948916 -1.544389 0.539792 -14.427134 -11.684937 -15.786436 5.112839 -0.000002 0.000011 1.086518 -31.150225 21.684460 2.914518 0.000000 0.000000 2.897488 -43.161095 1.330774 1.632816 -0.000002 0.000000 7.331505 -34.801846 -15.627175 1.817514 -0.000003 -0.000001 -0.000146 -0.000580 -0.000329 25.633276 5.994579 -1.761724 68.622681 -71.938545 128.388016 -18.544613 0.000003 0.000012 14.941493 -44.454563 -3.544642 -29.903347 0.000000 0.000001 26.353058 6.463086 2.053925 -27.414274 0.000012 0.000013 -8.419887 17.087437 -27.250713 -2.094768 -3.163312 -0.799955 -0.437408 -36.756157 73.425659 -4.505661 0.000005 0.000000 -26.550488 -2.885783 10.227182 -2.700114 -0.000006 0.000006 -0.584362 -3.118126 2.853917 -3.121519 -0.000000 0.000006 -0.000568 0.001742 0.000298 -3.183331 -2.255512 -0.121331 2.255923 6.956147 -0.804759 -6.179836 0.000000 0.000000 -2.024980 -39.799438 -0.387721 -3.389430 -0.000001 -0.000012 17.133703 -36.099701 -4.430453 -2.123821 -0.000003 -0.000012 2.589380 -19.653692 -8.121029 -2.529789 -0.000000 -0.000001 -0.000687 -0.000552 0.000462 -3.179951 -0.924413 0.397693 -6.791913 2.436416 -1.116888 -6.054549 -0.000003 -0.000001 4.333833 -39.417698 -0.069178 -4.244578 -0.000001 0.000012 19.122187 -38.856758 -3.471945 -2.732867 0.000004 0.000000 7.433644 -19.569365 -17.993868 -2.043405 0.000006 -0.000001 -0.000317 -0.001502 0.000145 -2.933434 0.316848 -0.122046 -9.461605 -1.324346 -17.687172 -5.826602 -0.000005 -0.000000 -0.884071 -35.417160 20.797932 -4.028100 -0.000000 0.000000 17.288361 -42.982189 -5.172601 -2.443439 -0.000000 0.000000 15.190628 -34.283394 -28.317369 -1.786791 0.000003 0.000011 -0.002593 -0.002418 -0.001644 -2.949983 1.545734 -0.540328 -13.055438 -12.854342 -16.323246 -5.116444 -0.000002 -0.000000 6.010783 -30.310659 20.911695 -2.915901 -0.000000 0.000012 23.661297 -39.245113 -2.681766 -1.633906 0.000001 -0.000012 19.210611 -29.895926 -38.315804 -1.819588 0.000000 -0.000001 -0.000261 0.001030 -0.000327 -8.517063 2.351946 11.888292 165.784119 -3.189052 -16.266943 42.799587 0.000001 0.000002 31.802826 1.643306 -6.241462 45.345985 0.000001 -0.000007 -88.737038 -8.887390 -2.680653 14.268355 0.000005 0.000000 -11.465772 0.860433 2.138032 6.980276 -0.121840 0.000001 0.000127 0.000577 -0.000213 -8.535283 2.358025 -11.910014 -14.297437 -19.066023 -5.484371 -42.789711 -0.000003 -0.000003 32.903709 -1.720792 -4.037436 -45.345604 0.000000 0.000000 -62.530602 -0.593033 -15.943477 -14.268300 -0.000000 -0.000000 -8.851612 2.209141 -1.521245 -6.981181 0.121853 -0.000003 0.004108 -0.000143 0.000285
0.000000 0.000000 0.000000 0.000000 0.000000 0.000000 -10.709223 108.187904 -4.386474 87.495171 3.542359 -70.731438 5.266023 0.261829 -0.008408 6.525016 -2.798632 2.148829 7.597601 -0.000001 0.000000 -6.420415 2.958760 -1.972006 8.008073 -0.000000 -0.000000 16.633095 3.256767 0.520423 29.519594 -0.802532 0.014094 20.361614 5.244451 -2.748852 8.099053 -0.000000 0.000000 25.621408 15.496125 7.356946 6.860398 0.000000 0.000000 -25.620897 -7.324568 -18.311785 18.447189 0.760179 -0.003674 -0.001478 0.000481 -0.000046 0.200078 3.635073 -0.007852 0.329585 0.512272 0.142362 5.721212 9.287379 3.627303 6.849565 -0.130087 2.964965 5.744883 9.302453 -3.630085 6.866146 -0.132668 -2.861339 25.666941 5.953198 1.744820 -52.783585 -72.484344 71.785873 18.464344 -0.000002 -0.000012 24.862032 -33.418571 -17.907537 29.884953 0.000000 -0.000001 44.010509 -2.276192 0.532522 27.413786 0.000000 0.000011 -2.421766 11.642462 -5.074119 2.094321 3.161254 0.799310 9.665986 -33.276550 67.842880 4.501803 -0.000008 -0.000000 -20.359640 -4.026545 14.597970 2.698064 0.000006 -0.000006 -2.046152 -4.834991 -1.844703 3.118652 0.000000 -0.000012 0.000174 0.000240 0.000608 3.181590 2.254555 0.120951 5.831295 3.348186 -1.636997 6.175169 -0.000002 0.000011 -4.483779 -51.466312 0.162512 3.387755 -0.000001 -0.000000 14.558403 -33.966965 0.784823 2.120990 0.000003 -0.000000 0.414738 -18.118546 -10.306508 2.529893 0.000000 0.000000 -0.000001 -0.000476 -0.000543 3.178449 0.924150 -0.397349 -4.757657 0.632616 -1.190552 6.049747 0.000000 -0.000001 2.150116 -46.037216 1.443069 4.242486 -0.000003 0.000000 12.045009 -39.056107 -0.693099 2.731824 -0.000001 0.000012 3.071658 -19.216059 -13.379693 2.041451 0.000003 0.000012 -0.000091 0.000133 0.000013 2.932182 -0.316448 0.122310 -8.617124 -2.434177 -17.658478 5.821784 -0.000001 -0.000001 -5.745045 -35.555691 22.944063 4.026133 0.000000 0.000000 3.194317 -43.481533 -0.768245 2.442604 0.000002 -0.000012 5.312408 -36.646305 -13.204297 1.785016 0.000000 -0.000025 -0.000240 0.000180 -0.000223 2.948916 -1.544389 0.539792 -14.210816 -12.019559 -15.841450 5.112839 -0.000002 0.000011 1.334960 -30.873501 21.470518 2.914518 0.000000 0.000000 2.910838 -42.313042 1.317764 1.632816 -0.000002 0.000000 7.040943 -34.155506 -15.330849 1.817514 -0.000003 -0.000001 -0.000189 -0.000567 -0.000327 25.633276 5.994579 -1.761724 70.897118 -71.321022 125.796791 -18.544613 0.000003 0.000012 13.047353 -43.668385 -3.443397 -29.903347 0.000000 0.000001 26.591431 6.701088 2.321514 -27.414274 0.000012 0.000013 -8.971578 18.215467 -29.130243 -2.094768 -3.163312 -0.799955 -0.200572 -36.935253 73.320045 -4.505661 0.000005 0.000000 -26.548677 -2.984248 10.282620 -2.700114 -0.000006 0.000006 -0.575352 -3.287787 2.910395 -3.121519 -0.000000 0.000006 -0.000506 0.001654 0.000260 -3.183331 -2.255512 -0.121331 2.381449 6.709915 -0.784896 -6.179836 0.000000 0.000000 -2.101829 -40.171261 -0.256504 -3.389430 -0.000001 -0.000012 17.154343 -36.444904 -4.497590 -2.123821 -0.000003 -0.000012 2.703414 -19.602493 -8.311244 -2.529789 -0.000000 -0.000001 -0.000698 -0.000534 0.000416 -3.179951 -0.924413 0.397693 -6.610671 2.230027 -1.089083 -6.054549 -0.000003 -0.000001 4.114065 -39.891422 0.189307 -4.244578 -0.000001 0.000012 19.289604 -39.286301 -3.538949 -2.732867 0.000004 0.000000 7.450238 -19.639053 -17.933577 -2.043405 0.000006 -0.000001 -0.000212 -0.001366 0.000089 -2.933434 0.316848 -0.122046 -9.362477 -1.577173 -17.715069 -5.826602 -0.000005 -0.000000 -1.013697 -35.865849 21.071899 -4.028100 -0.000000 0.000000 17.367203 -43.487148 -5.248652 -2.443439 -0.000000 0.000000 15.158973 -34.313183 -28.238417 -1.786791 0.000003 0.000011 -0.002281 -0.002200 -0.001564 -2.949983 1.545734 -0.540328 -13.030600 -13.112395 -16.292238 -5.116444 -0.000002 -0.000000 6.054866 -30.878323 21.078680 -2.915901 -0.000000 0.000012 23.968786 -39.603943 -2.768659 -1.633906 0.000001 -0.000012 19.264347 -29.881260 -38.363251 -1.819588 0.000000 -0.000001 -0.000061 0.001246 -0.000224 -8.517063 2.351946 11.888292 165.608276 -3.775189 -16.544567 42.799587 0.000001 0.000002 31.787107 1.590035 -6.271422 45.345985 0.000001 -0.000007 -88.821503 -8.744283 -2.664026 14.268355 0.000005 0.000000 -12.211608 0.759646 2.140203 6.980276 -0.121840 0.000001 0.000103 0.000585 -0.000191 -8.535283 2.358025 -11.910014 -12.882999 -19.618324 -5.665192 -42.789711 -0.000003 -0.000003 30.339823 -1.823252 -4.504661 -45.345604 0.000000 0.000000 -60.007183 -0.722975 -16.810173 -14.268300 -0.000000 -0.000000 -9.227537 2.032717 -1.542976 -6.981181 0.121853 -0.000003 0.003863 -0.000008 0.000228
0.000000 0.000000 0.000000 0.000000 0.000000 0.000000 -10.576573 107.877136 -5.117821 87.605064 4.162057 -69.083916 5.266023 0.261829 -0.008408 6.725784 -2.975199 2.174131 7.597601 -0.000001 0.000000 -6.245639 3.041846 -1.816677 8.008073 -0.000000 -0.000000 16.314119 3.181675 0.633146 29.519594 -0.802532 0.014094 20.323484 5.654685 -2.745187 8.099053 -0.000000 0.000000 26.132898 16.186998 7.688291 6.860398 0.000000 0.000000 -26.080486 -7.653747 -18.897339 18.447189 0.760179 -0.003674 -0.001360 0.000516 -0.000122 0.200078 3.635073 -0.007852 0.260562 0.384713 0.127973 5.721212 9.287379 3.627303 6.753168 -0.150482 2.734138 5.744883 9.302453 -3.630085 6.777919 -0.152769 -3.093313 25.666941 5.953198 1.744820 -50.523968 -71.814209 69.151810 18.464344 -0.000002 -0.000012 22.201103 -31.680752 -18.680016 29.884953 0.000000 -0.000001 41.870922 -1.507174 0.413932 27.413786 0.000000 0.000011 -3.260894 11.495514 -8.142363 2.094321 3.161254 0.799310 9.970455 -33.191364 67.735237 4.501803 -0.000008 -0.000000 -20.234566 -4.234729 14.642575 2.698064 0.000006 -0.000006 -1.974638 -4.817697 -1.837460 3.118652 0.000000 -0.000012 0.000187 0.000134 0.000623 3.181590 2.254555 0.120951 5.884871 3.230492 -1.712768 6.175169 -0.000002 0.000011 -4.457539 -51.480900 0.195723 3.387755 -0.000001 -0.000000 14.931167 -34.605957 0.591170 2.120990 0.000003 -0.000000 0.733405 -18.309603 -10.989816 2.529893 0.000000 0.000000 0.000124 -0.000392 -0.000502 3.178449 0.924150 -0.397349 -4.733335 0.390356 -1.176491 6.049747 0.000000 -0.000001 2.360878 -46.024559 1.373560 4.242486 -0.000003 0.000000 12.533689 -39.634827 -0.852630 2.731824 -0.000001 0.000012 3.313518 -19.525532 -13.902568 2.041451 0.000003 0.000012 -0.000115 0.000105 0.000088 2.932182 -0.316448 0.122310 -8.506808 -2.728066 -17.791996 5.821784 -0.000001 -0.000001 -5.843608 -35.630817 22.929901 4.026133 0.000000 0.000000 3.384094 -44.037102 -0.841032 2.442604 0.000002 -0.000012 5.389400 -36.818623 -13.351874 1.785016 0.000000 -0.000025 -0.000340 0.000260 -0.000274 2.948916 -1.544389 0.539792 -14.085176 -12.337941 -15.895000 5.112839 -0.000002 0.000011 1.431657 -31.092642 21.349993 2.914518 0.000000 0.000000 3.043623 -42.545967 1.275192 1.632816 -0.000002 0.000000 7.140327 -34.273506 -15.372828 1.817514 -0.000003 -0.000001 -0.000246 -0.000540 -0.000258 25.633276 5.994579 -1.761724 74.205650 -70.600143 122.228081 -18.544613 0.000003 0.000012 10.577261 -43.283634 -3.841762 -29.903347 0.000000 0.000001 27.699829 7.316286 2.266776 -27.414274 0.000012 0.000013 -10.890050 18.977623 -32.470139 -2.094768 -3.163312 -0.799955 -0.278547 -37.007267 73.070633 -4.505661 0.000005 0.000000 -26.860697 -3.263360 10.257751 -2.700114 -0.000006 0.000006 -0.642314 -3.501817 3.002810 -3.121519 -0.000000 0.000006 -0.000358 0.001480 0.000159 -3.183331 -2.255512 -0.121331 1.904627 6.480054 -0.740716 -6.179836 0.000000 0.000000 -2.116649 -41.359768 -0.175319 -3.389430 -0.000001 -0.000012 17.663187 -37.416122 -4.817663 -2.123821 -0.000003 -0.000012 2.974052 -19.833609 -9.016512 -2.529789 -0.000000 -0.000001 -0.000750 -0.000634 0.000303 -3.179951 -0.924413 0.397693 -6.883118 1.920362 -0.767306 -6.054549 -0.000003 -0.000001 4.002657 -41.347462 0.331403 -4.244578 -0.000001 0.000012 20.049780 -40.359108 -3.947335 -2.732867 0.000004 0.000000 7.828773 -19.947481 -18.346924 -2.043405 0.000006 -0.000001 -0.000102 -0.001264 0.000084 -2.933434 0.316848 -0.122046 -9.720785 -1.949613 -17.460293 -5.826602 -0.000005 -0.000000 -1.390201 -37.512257 21.353756 -4.028100 -0.000000 0.000000 18.000797 -44.663578 -5.654950 -2.443439 -0.000000 0.000000 15.608719 -34.545353 -28.741550 -1.786791 0.000003 0.000011 -0.001667 -0.001952 -0.001450 -2.949983 1.545734 -0.540328 -13.421350 -13.561855 -15.980560 -5.116444 -0.000002 -0.000000 6.034440 -32.671429 21.258307 -2.915901 -0.000000 0.000012 24.948437 -40.718594 -3.125161 -1.633906 0.000001 -0.000012 20.016233 -30.089153 -39.119026 -1.819588 0.000000 -0.000001 0.000399 0.001649 -0.000050 -8.517063 2.351946 11.888292 164.711334 -4.229243 -16.407608 42.799587 0.000001 0.000002 32.890972 1.968793 -6.533795 45.345985 0.000001 -0.000007 -89.363144 -8.339387 -2.517430 14.268355 0.000005 0.000000 -12.723656 0.723123 2.273445 6.980276 -0.121840 0.000001 -0.000004 0.000605 -0.000219 -8.535283 2.358025 -11.910014 -11.174026 -20.114550 -5.549683 -42.789711 -0.000003 -0.000003 27.344786 -2.190750 -4.948188 -45.345604 0.000000 0.000000 -58.223438 -0.785275 -17.832544 -14.268300 -0.000000 -0.000000 -9.725896 1.911444 -1.830048 -6.981181 0.121853 -0.000003 0.003392 0.000074 0.000145
0.000000 0.000000 0.000000 0.000000 0.000000 0.000000 -10.396034 107.582054 -5.925593 87.743187 4.693826 -68.156837 5.266023 0.261829 -0.008408 6.837376 -2.962924 2.163425 7.597601 -0.000001 0.000000 -6.286970 3.132310 -1.583480 8.008073 -0.000000 -0.000000 16.184917 2.975375 0.623995 29.519594 -0.802532 0.014094 20.366184 6.067164 -2.705282 8.099053 -0.000000 0.000000 27.115725 16.523483 7.831197 6.860398 0.000000 0.000000 -26.405092 -7.875109 -19.171349 18.447189 0.760179 -0.003674 -0.001251 0.000536 -0.000238 0.200078 3.635073 -0.007852 0.193443 0.295189 0.109409 5.721212 9.287379 3.627303 6.576326 -0.173201 2.632485 5.744883 9.302453 -3.630085 6.610036 -0.175217 -3.196937 25.666941 5.953198 1.744820 -47.725872 -70.954384 66.326607 18.464344 -0.000002 -0.000012 19.343605 -29.885254 -19.659954 29.884953 0.000000 -0.000001 41.290356 -1.115241 0.358900 27.413786 0.000000 0.000011 -2.609226 13.485808 -10.365809 2.094321 3.161254 0.799310 10.732432 -33.406933 67.462212 4.501803 -0.000008 -0.000000 -20.436005 -4.133169 14.824638 2.698064 0.000006 -0.000006 -2.068870 -4.946534 -1.863392 3.118652 0.000000 -0.000012 0.000218 0.000011 0.000580 3.181590 2.254555 0.120951 6.278977 3.146487 -1.860050 6.175169 -0.000002 0.000011 -4.344999 -51.801357 0.283947 3.387755 -0.000001 -0.000000 14.607752 -34.608627 0.330129 2.120990 0.000003 -0.000000 0.906050 -18.016869 -10.862344 2.529893 0.000000 0.000000 0.000277 -0.000286 -0.000429 3.178449 0.924150 -0.397349 -4.352090 0.343732 -1.388581 6.049747 0.000000 -0.000001 2.725016 -46.335381 1.289974 4.242486 -0.000003 0.000000 12.349981 -39.441833 -0.931428 2.731824 -0.000001 0.000012 3.250436 -19.183174 -13.777399 2.041451 0.000003 0.000012 -0.000096 0.000077 0.000176 2.932182 -0.316448 0.122310 -8.043278 -2.806114 -18.078922 5.821784 -0.000001 -0.000001 -5.599957 -35.908615 22.644196 4.026133 0.000000 0.000000 3.240025 -43.883030 -0.903929 2.442604 0.000002 -0.000012 5.144705 -36.237091 -13.124177 1.785016 0.000000 -0.000025 -0.000403 0.000353 -0.000323 2.948916 -1.544389 0.539792 -13.638250 -12.352379 -16.277636 5.112839 -0.000002 0.000011 1.775039 -31.512213 20.992189 2.914518 0.000000 0.000000 3.094205 -42.285561 1.143840 1.632816 -0.000002 0.000000 6.776493 -33.516361 -15.108043 1.817514 -0.000003 -0.000001 -0.000304 -0.000455 -0.000218 25.633276 5.994579 -1.761724 79.060898 -69.924057 117.445625 -18.544613 0.000003 0.000012 8.248786 -42.805523 -4.076648 -29.903347 0.000000 0.000001 29.612785 7.705541 2.261064 -27.414274 0.000012 0.000013 -12.227702 20.891308 -33.498810 -2.094768 -3.163312 -0.799955 -0.587427 -37.812115 73.099045 -4.505661 0.000005 0.000000 -27.403757 -3.473466 10.333289 -2.700114 -0.000006 0.000006 -0.817770 -3.943400 3.068531 -3.121519 -0.000000 0.000006 -0.000240 0.001324 0.000080 -3.183331 -2.255512 -0.121331 1.552039 5.891550 -0.686125 -6.179836 0.000000 0.000000 -2.643748 -42.735905 0.224807 -3.389430 -0.000001 -0.000012 16.957008 -37.403160 -4.548014 -2.123821 -0.000003 -0.000012 2.900167 -19.373371 -8.598315 -2.529789 -0.000000 -0.000001 -0.000770 -0.000644 0.000200 -3.179951 -0.924413 0.397693 -7.191727 1.433830 -0.350604 -6.054549 -0.000003 -0.000001 3.756029 -42.811249 0.690000 -4.244578 -0.000001 0.000012 19.456924 -40.331192 -3.924466 -2.732867 0.000004 0.000000 7.483065 -19.604759 -17.494619 -2.043405 0.000006 -0.000001 0.000021 -0.001088 0.000042 -2.933434 0.316848 -0.122046 -10.120344 -2.313354 -17.138077 -5.826602 -0.000005 -0.000000 -1.862579 -39.254368 21.719122 -4.028100 -0.000000 0.000000 17.010210 -44.621887 -5.503856 -2.443439 -0.000000 0.000000 14.718648 -34.191730 -27.563810 -1.786791 0.000003 0.000011 -0.001133 -0.001667 -0.001338 -2.949983 1.545734 -0.540328 -14.069638 -13.949445 -15.641410 -5.116444 -0.000002 -0.000000 6.169082 -34.438560 21.468180 -2.915901 -0.000000 0.000012 24.417669 -40.943783 -3.432169 -1.633906 0.000001 -0.000012 19.068729 -29.892311 -37.875473 -1.819588 0.000000 -0.000001 0.000753 0.002006 0.000149 -8.517063 2.351946 11.888292 164.023071 -5.214248 -16.924051 42.799587 0.000001 0.000002 34.174644 2.679984 -6.643762 45.345985 0.000001 -0.000007 -89.737114 -7.600199 -2.693139 14.268355 0.000005 0.000000 -13.276381 0.786170 2.347406 6.980276 -0.121840 0.000001 -0.000048 0.000596 -0.000233 -8.535283 2.358025 -11.910014 -8.933420 -20.445688 -5.259899 -42.789711 -0.000003 -0.000003 23.851707 -2.425832 -5.228294 -45.345604 0.000000 0.000000 -57.066605 -0.025728 -18.571699 -14.268300 -0.000000 -0.000000 -10.208378 1.829479 -1.965307 -6.981181 0.121853 -0.000003 0.003011 0.000151 0.000073
0.000000 0.000000 0.000000 0.000000 0.000000 0.000000 -10.186475 107.377304 -6.773528 88.320824 5.074295 -66.776367 5.266023 0.261829 -0.008408 6.884386 -3.080039 2.312818 7.597601 -0.000001 0.000000 -6.200934 3.261250 -1.360566 8.008073 -0.000000 -0.000000 16.172659 2.896056 0.653165 29.519594 -0.802532 0.014094 20.332447 6.250965 -2.865273 8.099053 -0.000000 0.000000 28.008942 17.232632 8.331274 6.860398 0.000000 0.000000 -26.482946 -7.998812 -20.012411 18.447189 0.760179 -0.003674 -0.001214 0.000512 -0.000198 0.200078 3.635073 -0.007852 0.120602 0.257944 0.079279 5.721212 9.287379 3.627303 6.434856 -0.181746 2.566054 5.744883 9.302453 -3.630085 6.470652 -0.183756 -3.263016 25.666941 5.953198 1.744820 -46.542934 -70.482491 64.848274 18.464344 -0.000002 -0.000012 16.989449 -28.221703 -20.281300 29.884953 0.000000 -0.000001 40.169579 -0.414241 0.250751 27.413786 0.000000 0.000011 -4.221420 12.313439 -12.945897 2.094321 3.161254 0.799310 11.039166 -33.066029 67.497368 4.501803 -0.000008 -0.000000 -20.159552 -4.167987 15.025798 2.698064 0.000006 -0.000006 -1.858509 -4.745108 -2.217818 3.118652 0.000000 -0.000012 0.000169 -0.000058 0.000586 3.181590 2.254555 0.120951 6.132043 2.717248 -1.849903 6.175169 -0.000002 0.000011 -4.197158 -50.261597 0.350936 3.387755 -0.000001 -0.000000 13.912703 -32.994698 0.287582 2.120990 0.000003 -0.000000 0.841122 -17.611904 -10.166008 2.529893 0.000000 0.000000 0.000277 -0.000216 -0.000440 3.178449 0.924150 -0.397349 -4.447208 -0.269858 -1.331895 6.049747 0.000000 -0.000001 2.727588 -44.773762 1.305370 4.242486 -0.000003 0.000000 11.694663 -37.632038 -0.857667 2.731824 -0.000001 0.000012 3.017814 -18.779125 -13.069201 2.041451 0.000003 0.000012 -0.000126 0.000047 0.000167 2.932182 -0.316448 0.122310 -8.065584 -3.547027 -18.093653 5.821784 -0.000001 -0.000001 -5.132665 -34.486984 22.185429 4.026133 0.000000 0.000000 3.045422 -42.233334 -0.997436 2.442604 0.000002 -0.000012 4.752557 -35.442196 -12.600381 1.785016 0.000000 -0.000025 -0.000439 0.000333 -0.000276 2.948916 -1.544389 0.539792 -13.617694 -12.983087 -16.189161 5.112839 -0.000002 0.000011 2.179213 -30.516727 20.625509 2.914518 0.000000 0.000000 2.871388 -40.561573 1.024566 1.632816 -0.000002 0.000000 6.251091 -32.444809 -14.553813 1.817514 -0.000003 -0.000001 -0.000283 -0.000441 -0.000179 25.633276 5.994579 -1.761724 82.228188 -69.395714 114.107841 -18.544613 0.000003 0.000012 6.362799 -42.248692 -4.184418 -29.903347 0.000000 0.000001 30.900223 7.729598 2.543683 -27.414274 0.000012 0.000013 -14.257760 21.702980 -36.171700 -2.094768 -3.163312 -0.799955 -0.468969 -37.848782 73.070671 -4.505661 0.000005 0.000000 -27.609560 -3.637109 10.553119 -2.700114 -0.000006 0.000006 -0.856656 -4.115847 3.093675 -3.121519 -0.000000 0.000006 -0.000231 0.001280 0.000065 -3.183331 -2.255512 -0.121331 1.375751 5.633707 -0.401137 -6.179836 0.000000 0.000000 -2.834676 -43.026512 0.523017 -3.389430 -0.000001 -0.000012 17.109314 -37.482887 -4.596887 -2.123821 -0.000003 -0.000012 3.034902 -19.250248 -8.888780 -2.529789 -0.000000 -0.000001 -0.000737 -0.000629 0.000182 -3.179951 -0.924413 0.397693 -7.202422 1.245085 0.014340 -6.054549 -0.000003 -0.000001 3.593899 -43.353096 1.016460 -4.244578 -0.000001 0.000012 19.713524 -40.632500 -4.117475 -2.732867 0.000004 0.000000 7.561675 -19.674326 -17.385082 -2.043405 0.000006 -0.000001 0.000012 -0.001039 0.000073 -2.933434 0.316848 -0.122046 -10.225101 -2.488271 -16.918039 -5.826602 -0.000005 -0.000000 -1.976834 -40.033649 21.977293 -4.028100 -0.000000 0.000000 17.166725 -44.987774 -5.660192 -2.443439 -0.000000 0.000000 14.660933 -34.152973 -27.429844 -1.786791 0.000003 0.000011 -0.000999 -0.001668 -0.001356 -2.949983 1.545734 -0.540328 -14.212627 -14.047675 -15.478555 -5.116444 -0.000002 -0.000000 6.335765 -35.383347 21.577051 -2.915901 -0.000000 0.000012 24.750090 -41.358734 -3.625667 -1.633906 0.000001 -0.000012 19.137383 -29.880045 -37.841084 -1.819588 0.000000 -0.000001 0.000801 0.002065 0.000198 -8.517063 2.351946 11.888292 162.988449 -5.881172 -16.632151 42.799587 0.000001 0.000002 35.454182 2.304414 -6.954399 45.345985 0.000001 -0.000007 -90.134712 -7.310984 -2.562877 14.268355 0.000005 0.000000 -13.879267 0.673308 2.552908 6.980276 -0.121840 0.000001 -0.000063 0.000570 -0.000224 -8.535283 2.358025 -11.910014 -7.387657 -20.828707 -5.541595 -42.789711 -0.000003 -0.000003 21.531475 -2.430040 -5.718695 -45.345604 0.000000 0.000000 -54.620762 -0.048827 -19.129095 -14.268300 -0.000000 -0.000000 -10.434074 1.805976 -2.035919 -6.981181 0.121853 -0.000003 0.002959 0.000159 0.000033
0.000000 0.000000 0.000000 0.000000 0.000000 0.000000 -9.971519 106.632767 -7.618679 88.163177 5.830890 -65.716919 5.266023 0.261829 -0.008408 7.047678 -3.129336 2.452866 7.597601 -0.000001 0.000000 -5.884296 3.333230 -1.103403 8.008073 -0.000000 -0.000000 15.499022 2.798569 0.536954 29.519594 -0.802532 0.014094 20.703741 6.536843 -2.561595 8.099053 -0.000000 0.000000 29.448202 17.584309 8.489697 6.860398 0.000000 0.000000 -26.980318 -8.125766 -20.734226 18.447189 0.760179 -0.003674 -0.001086 0.000465 -0.000253 0.200078 3.635073 -0.007852 0.015242 0.201952 0.083566 5.721212 9.287379 3.627303 5.953909 -0.215789 2.551415 5.744883 9.302453 -3.630085 5.989496 -0.217607 -3.281154 25.666941 5.953198 1.744820 -44.826488 -68.942749 62.944229 18.464344 -0.000002 -0.000012 13.740569 -26.214199 -21.536615 29.884953 0.000000 -0.000001 41.594208 1.033802 -0.219667 27.413786 0.000000 0.000011 -4.443013 12.730529 -16.059175 2.094321 3.161254 0.799310 11.512399 -32.993546 66.882736 4.501803 -0.000008 -0.000000 -20.533587 -4.452513 15.318872 2.698064 0.000006 -0.000006 -2.007375 -5.440134 -1.954795 3.118652 0.000000 -0.000012 0.000198 -0.000113 0.000582 3.181590 2.254555 0.120951 6.032651 2.496082 -2.008325 6.175169 -0.000002 0.000011 -4.784934 -50.538776 0.859047 3.387755 -0.000001 -0.000000 12.312040 -31.850065 -0.054429 2.120990 0.000003 -0.000000 0.760996 -16.867603 -8.664420 2.529893 0.000000 0.000000 0.000279 -0.000142 -0.000356 3.178449 0.924150 -0.397349 -4.556804 -0.585650 -1.324367 6.049747 0.000000 -0.000001 2.695544 -44.889709 1.433953 4.242486 -0.000003 0.000000 10.270016 -36.081303 -0.839021 2.731824 -0.000001 0.000012 2.607979 -17.857239 -11.875136 2.041451 0.000003 0.000012 -0.000119 0.000004 0.000187 2.932182 -0.316448 0.122310 -8.045628 -3.923389 -18.025307 5.821784 -0.000001 -0.000001 -4.965307 -34.476437 21.949179 4.026133 0.000000 0.000000 2.500038 -40.544479 -0.985009 2.442604 0.000002 -0.000012 4.121264 -34.103096 -11.840467 1.785016 0.000000 -0.000025 -0.000450 0.000375 -0.000258 2.948916 -1.544389 0.539792 -13.632291 -13.466582 -16.199478 5.112839 -0.000002 0.000011 2.827460 -30.377388 20.329920 2.914518 0.000000 0.000000 2.508698 -39.134159 0.991678 1.632816 -0.000002 0.000000 5.337464 -30.820539 -13.886028 1.817514 -0.000003 -0.000001 -0.000259 -0.000332 -0.000162 25.633276 5.994579 -1.761724 88.921082 -68.424614 107.798172 -18.544613 0.000003 0.000012 3.736574 -41.477505 -4.808960 -29.903347 0.000000 0.000001 33.412868 7.904919 2.455488 -27.414274 0.000012 0.000013 -16.110994 22.657787 -38.074764 -2.094768 -3.163312 -0.799955 -0.246891 -38.208530 72.780685 -4.505661 0.000005 0.000000 -28.489634 -4.007349 10.855790 -2.700114 -0.000006 0.000006 -1.147712 -5.126315 3.141072 -3.121519 -0.000000 0.000006 -0.000128 0.001133 -0.000004 -3.183331 -2.255512 -0.121331 0.997703 5.248768 -0.326839 -6.179836 0.000000 0.000000 -3.933896 -44.123333 1.381778 -3.389430 -0.000001 -0.000012 15.614018 -36.377277 -4.089610 -2.123821 -0.000003 -0.000012 2.820626 -18.546768 -7.456235 -2.529789 -0.000000 -0.000001 -0.000662 -0.000579 0.000086 -3.179951 -0.924413 0.397693 -7.562128 0.929744 0.533049 -6.054549 -0.000003 -0.000001 3.221765 -44.529892 1.533034 -4.244578 -0.000001 0.000012 18.076244 -39.523384 -3.839395 -2.732867 0.000004 0.000000 6.857978 -18.948566 -15.597900 -2.043405 0.000006 -0.000001 0.000106 -0.000887 0.000071 -2.933434 0.316848 -0.122046 -10.718576 -2.678341 -16.517124 -5.826602 -0.000005 -0.000000 -2.031264 -41.599716 22.071423 -4.028100 -0.000000 0.000000 14.819369 -43.847889 -4.998447 -2.443439 -0.000000 0.000000 12.905622 -33.376671 -25.127127 -1.786791 0.000003 0.000011 -0.000496 -0.001480 -0.001289 -2.949983 1.545734 -0.540328 -14.753407 -14.339914 -15.113121 -5.116444 -0.000002 -0.000000 6.700443 -36.689762 21.684937 -2.915901 -0.000000 0.000012 22.521263 -40.913666 -3.784032 -1.633906 0.000001 -0.000012 16.980934 -29.437891 -35.098476 -1.819588 0.000000 -0.000001 0.001112 0.002396 0.000361 -8.517063 2.351946 11.888292 161.630096 -7.015550 -17.069887 42.799587 0.000001 0.000002 38.097500 3.497315 -7.330159 45.345985 0.000001 -0.000007 -90.792473 -6.257898 -2.768705 14.268355 0.000005 0.000000 -14.282108 0.676891 2.631482 6.980276 -0.121840 0.000001 -0.000115 0.000515 -0.000239 -8.535283 2.358025 -11.910014 -5.021509 -21.006378 -5.395977 -42.789711 -0.000003 -0.000003 18.541912 -2.708601 -5.701226 -45.345604 0.000000 0.000000 -54.927635 0.895268 -19.436609 -14.268300 -0.000000 -0.000000 -10.665489 2.054037 -2.001263 -6.981181 0.121853 -0.000003 0.002622 0.000165 -0.000023
0.000000 0.000000 0.000000 0.000000 0.000000 0.000000 -9.776423 105.865585 -8.416485 88.412674 6.688985 -64.510605 5.266023 0.261829 -0.008408 7.310897 -3.442675 2.549070 7.597601 -0.000001 0.000000 -5.874954 3.582546 -0.769731 8.008073 -0.000000 -0.000000 14.905994 2.724900 0.426634 29.519594 -0.802532 0.014094 21.003971 6.998913 -2.505544 8.099053 -0.000000 0.000000 30.518337 18.131577 8.787831 6.860398 0.000000 0.000000 -26.987320 -8.244398 -21.235641 18.447189 0.760179 -0.003674 -0.001057 0.000393 -0.000180 0.200078 3.635073 -0.007852 -0.079088 0.152017 0.052847 5.721212 9.287379 3.627303 5.523909 -0.258770 2.383244 5.744883 9.302453 -3.630085 5.557792 -0.260548 -3.449617 25.666941 5.953198 1.744820 -42.754292 -67.261154 60.717060 18.464344 -0.000002 -0.000012 10.851965 -24.438334 -22.174070 29.884953 0.000000 -0.000001 41.062622 1.935739 -0.492707 27.413786 0.000000 0.000011 -5.267755 12.509293 -19.115601 2.094321 3.161254 0.799310 11.823920 -32.348061 66.656555 4.501803 -0.000008 -0.000000 -20.537390 -4.506547 15.651834 2.698064 0.000006 -0.000006 -2.007409 -5.815024 -2.147972 3.118652 0.000000 -0.000012 0.000147 -0.000147 0.000581 3.181590 2.254555 0.120951 5.800111 2.233870 -2.038651 6.175169 -0.000002 0.000011 -5.104412 -49.478462 1.337036 3.387755 -0.000001 -0.000000 10.687528 -29.870396 -0.240824 2.120990 0.000003 -0.000000 0.623034 -16.010609 -7.067519 2.529893 0.000000 0.000000 0.000282 -0.000083 -0.000314 3.178449 0.924150 -0.397349 -4.682808 -0.917223 -1.202996 6.049747 0.000000 -0.000001 2.500280 -43.698849 1.556486 4.242486 -0.000003 0.000000 8.759755 -33.793297 -0.830710 2.731824 -0.000001 0.000012 2.155677 -16.850540 -10.524547 2.041451 0.000003 0.000012 -0.000144 -0.000066 0.000120 2.932182 -0.316448 0.122310 -8.125875 -4.299625 -17.985281 5.821784 -0.000001 -0.000001 -4.414330 -33.306168 21.411833 4.026133 0.000000 0.000000 1.784923 -38.256908 -0.968957 2.442604 0.000002 -0.000012 3.510694 -32.585510 -11.122422 1.785016 0.000000 -0.000025 -0.000410 0.000313 -0.000136 2.948916 -1.544389 0.539792 -13.679074 -13.787118 -16.071634 5.112839 -0.000002 0.000011 3.492091 -29.293638 19.867102 2.914518 0.000000 0.000000 2.022126 -37.102531 0.893893 1.632816 -0.000002 0.000000 4.453617 -28.909651 -13.328792 1.817514 -0.000003 -0.000001 -0.000183 -0.000214 -0.000112 25.633276 5.994579 -1.761724 92.804520 -67.443390 104.208061 -18.544613 0.000003 0.000012 1.314019 -40.565189 -4.943128 -29.903347 0.000000 0.000001 35.221992 8.044905 2.458494 -27.414274 0.000012 0.000013 -17.847525 24.079172 -38.768387 -2.094768 -3.163312 -0.799955 -0.158579 -38.511810 72.679070 -4.505661 0.000005 0.000000 -29.028324 -4.185601 11.297103 -2.700114 -0.000006 0.000006 -1.354846 -5.949384 3.185755 -3.121519 -0.000000 0.000006 -0.000151 0.001147 0.000009 -3.183331 -2.255512 -0.121331 0.853134 4.787004 -0.003536 -6.179836 0.000000 0.000000 -4.940664 -44.429600 2.184279 -3.389430 -0.000001 -0.000012 14.216887 -35.156811 -3.577892 -2.123821 -0.000003 -0.000012 2.648591 -17.884502 -6.279633 -2.529789 -0.000000 -0.000001 -0.000536 -0.000467 0.000056 -3.179951 -0.924413 0.397693 -7.667258 0.683351 1.001454 -6.054549 -0.000003 -0.000001 2.593071 -44.900723 2.150805 -4.244578 -0.000001 0.000012 16.550158 -38.545029 -3.507402 -2.732867 0.000004 0.000000 6.247288 -18.346844 -14.045495 -2.043405 0.000006 -0.000001 0.000074 -0.000766 0.000113 -2.933434 0.316848 -0.122046 -11.000479 -2.716793 -16.217876 -5.826602 -0.000005 -0.000000 -2.072881 -42.326496 22.133543 -4.028100 -0.000000 0.000000 12.782916 -42.790085 -4.323997 -2.443439 -0.000000 0.000000 11.412834 -32.623962 -23.155333 -1.786791 0.000003 0.000011 -0.000569 -0.001555 -0.001353 -2.949983 1.545734 -0.540328 -15.132090 -14.188776 -14.953894 -5.116444 -0.000002 -0.000000 6.958353 -37.433731 21.811909 -2.915901 -0.000000 0.000012 20.394886 -40.544292 -3.733815 -1.633906 0.000001 -0.000012 15.130466 -28.892473 -32.753666 -1.819588 0.000000 -0.000001 0.000904 0.002316 0.000431 -8.517063 2.351946 11.888292 160.065750 -8.117118 -17.115576 42.799587 0.000001 0.000002 40.428429 4.352891 -7.490293 45.345985 0.000001 -0.000007 -91.768593 -5.212376 -3.032541 14.268355 0.000005 0.000000 -14.644166 0.722924 2.824849 6.980276 -0.121840 0.000001 -0.000120 0.000415 -0.000244 -8.535283 2.358025 -11.910014 -3.250314 -21.235798 -5.663320 -42.789711 -0.000003 -0.000003 16.445824 -2.398498 -5.909328 -45.345604 0.000000 0.000000 -55.216343 1.587993 -19.705006 -14.268300 -0.000000 -0.000000 -10.978619 2.161993 -2.031387 -6.981181 0.121853 -0.000003 0.002765 0.000085 -0.000044
0.000000 0.000000 0.000000 0.000000 0.000000 0.000000 -9.624224 105.507469 -9.128425 89.132027 7.089233 -63.635807 5.266023 0.261829 -0.008408 7.584592 -3.541921 2.683390 7.597601 -0.000001 0.000000 -5.719395 3.758380 -0.604191 8.008073 -0.000000 -0.000000 14.753936 2.630005 0.364908 29.519594 -0.802532 0.014094 21.033779 7.120800 -2.547430 8.099053 -0.000000 0.000000 31.273653 18.331001 9.062866 6.860398 0.000000 0.000000 -27.041840 -8.291604 -21.276417 18.447189 0.760179 -0.003674 -0.000985 0.000416 -0.000152 0.200078 3.635073 -0.007852 -0.157317 0.091634 0.028400 5.721212 9.287379 3.627303 5.395820 -0.269087 2.273288 5.744883 9.302453 -3.630085 5.433475 -0.270685 -3.560339 25.666941 5.953198 1.744820 -41.983505 -66.376091 59.694698 18.464344 -0.000002 -0.000012 9.007008 -23.199814 -22.591021 29.884953 0.000000 -0.000001 40.994816 2.427936 -0.559056 27.413786 0.000000 0.000011 -5.954722 12.290134 -21.503443 2.094321 3.161254 0.799310 11.932696 -32.355724 66.754395 4.501803 -0.000008 -0.000000 -20.652761 -4.471520 15.710938 2.698064 0.000006 -0.000006 -1.927388 -5.524014 -2.313019 3.118652 0.000000 -0.000012 0.000162 -0.000187 0.000640 3.181590 2.254555 0.120951 5.697421 2.239704 -2.081465 6.175169 -0.000002 0.000011 -4.854149 -49.357742 1.309601 3.387755 -0.000001 -0.000000 11.126457 -30.247240 -0.306631 2.120990 0.000003 -0.000000 0.795855 -16.122137 -7.604695 2.529893 0.000000 0.000000 0.000254 -0.000093 -0.000382 3.178449 0.924150 -0.397349 -4.679290 -0.981289 -1.250962 6.049747 0.000000 -0.000001 2.612956 -43.691765 1.573534 4.242486 -0.000003 0.000000 9.129415 -34.061329 -0.855274 2.731824 -0.000001 0.000012 2.331393 -17.047783 -10.913448 2.041451 0.000003 0.000012 -0.000149 -0.000056 0.000159 2.932182 -0.316448 0.122310 -8.036663 -4.418449 -18.108921 5.821784 -0.000001 -0.000001 -4.549275 -33.383774 21.467274 4.026133 0.000000 0.000000 2.054770 -38.488956 -1.110685 2.442604 0.000002 -0.000012 3.627983 -32.777630 -11.262048 1.785016 0.000000 -0.000025 -0.000440 0.000345 -0.000137 2.948916 -1.544389 0.539792 -13.568200 -13.885453 -16.186758 5.112839 -0.000002 0.000011 3.483065 -29.563601 19.773321 2.914518 0.000000 0.000000 2.169288 -37.211956 0.831083 1.632816 -0.000002 0.000000 4.604353 -29.097984 -13.350924 1.817514 -0.000003 -0.000001 -0.000191 -0.000219 -0.000064 25.633276 5.994579 -1.761724 96.008919 -66.981812 100.809341 -18.544613 0.000003 0.000012 0.389473 -39.902012 -5.378672 -29.903347 0.000000 0.000001 36.053432 7.971861 2.377976 -27.414274 0.000012 0.000013 -19.106018 24.121407 -39.256313 -2.094768 -3.163312 -0.799955 -0.903829 -38.840683 73.207466 -4.505661 0.000005 0.000000 -29.089046 -4.399649 11.321734 -2.700114 -0.000006 0.000006 -1.366348 -5.809069 3.245819 -3.121519 -0.000000 0.000006 -0.000059 0.001045 -0.000053 -3.183331 -2.255512 -0.121331 0.591550 4.514051 0.298358 -6.179836 0.000000 0.000000 -5.189722 -45.151379 2.416551 -3.389430 -0.000001 -0.000012 14.526968 -35.878544 -3.628490 -2.123821 -0.000003 -0.000012 2.743624 -18.067795 -6.833609 -2.529789 -0.000000 -0.000001 -0.000513 -0.000441 -0.000004 -3.179951 -0.924413 0.397693 -7.844737 0.511887 1.307637 -6.054549 -0.000003 -0.000001 2.339045 -45.858723 2.501391 -4.244578 -0.000001 0.000012 17.023573 -39.364689 -3.642586 -2.732867 0.000004 0.000000 6.473455 -18.715748 -14.469948 -2.043405 0.000006 -0.000001 0.000125 -0.000700 0.000090 -2.933434 0.316848 -0.122046 -11.298449 -2.820399 -15.929644 -5.826602 -0.000005 -0.000000 -2.382039 -43.416969 22.436132 -4.028100 -0.000000 0.000000 13.260655 -43.759689 -4.470920 -2.443439 -0.000000 0.000000 11.827974 -33.034821 -23.675785 -1.786791 0.000003 0.000011 -0.000227 -0.001455 -0.001293 -2.949983 1.545734 -0.540328 -15.504635 -14.095961 -14.588175 -5.116444 -0.000002 -0.000000 6.795976 -38.698093 22.072950 -2.915901 -0.000000 0.000012 21.270412 -41.473446 -3.952513 -1.633906 0.000001 -0.000012 15.891923 -29.311129 -33.548489 -1.819588 0.000000 -0.000001 0.001146 0.002536 0.000493 -8.517063 2.351946 11.888292 158.796066 -8.851524 -16.815443 42.799587 0.000001 0.000002 41.928947 3.923748 -7.801880 45.345985 0.000001 -0.000007 -92.470543 -5.059350 -3.109738 14.268355 0.000005 0.000000 -15.290273 0.625010 2.924455 6.980276 -0.121840 0.000001 -0.000163 0.000455 -0.000293 -8.535283 2.358025 -11.910014 -2.862854 -21.226418 -5.799212 -42.789711 -0.000003 -0.000003 16.375486 -2.071385 -6.136734 -45.345604 0.000000 0.000000 -55.304169 2.136358 -19.962782 -14.268300 -0.000000 -0.000000 -11.071115 2.280500 -2.095631 -6.981181 0.121853 -0.000003 0.002513 0.000131 -0.000082
0.000000 0.000000 0.000000 0.000000 0.000000 0.000000 -9.533444 104.876862 -9.729884 89.325020 7.253416 -62.811012 5.266023 0.261829 -0.008408 7.663185 -3.718150 2.804518 7.597601 -0.000001 0.000000 -5.527891 3.810293 -0.331793 8.008073 -0.000000 -0.000000 14.684600 2.501194 0.266466 29.519594 -0.802532 0.014094 21.263393 7.343531 -2.420983 8.099053 -0.000000 0.000000 32.092499 17.994127 9.300893 6.860398 0.000000 0.000000 -27.884605 -8.155560 -21.403721 18.447189 0.760179 -0.003674 -0.000976 0.000352 -0.000113 0.200078 3.635073 -0.007852 -0.224415 0.023035 0.021663 5.721212 9.287379 3.627303 5.519479 -0.284172 2.266327 5.744883 9.302453 -3.630085 5.553113 -0.285906 -3.565719 25.666941 5.953198 1.744820 -40.619175 -64.490471 58.390408 18.464344 -0.000002 -0.000012 6.634979 -21.893864 -22.624453 29.884953 0.000000 -0.000001 41.499699 2.962718 -1.009367 27.413786 0.000000 0.000011 -5.676048 12.331682 -21.675125 2.094321 3.161254 0.799310 12.008347 -32.334759 66.935677 4.501803 -0.000008 -0.000000 -20.625494 -4.510898 15.959421 2.698064 0.000006 -0.000006 -1.888125 -5.412826 -2.498661 3.118652 0.000000 -0.000012 0.000168 -0.000147 0.000631 3.181590 2.254555 0.120951 5.713886 2.051461 -2.005709 6.175169 -0.000002 0.000011 -5.133108 -49.142673 1.840131 3.387755 -0.000001 -0.000000 11.277854 -30.944271 -0.431233 2.120990 0.000003 -0.000000 0.889111 -16.539270 -7.930811 2.529893 0.000000 0.000000 0.000208 -0.000115 -0.000378 3.178449 0.924150 -0.397349 -4.602919 -1.014408 -1.197243 6.049747 0.000000 -0.000001 2.274806 -43.586426 1.992154 4.242486 -0.000003 0.000000 9.254707 -34.658398 -0.858990 2.731824 -0.000001 0.000012 2.472692 -17.563038 -11.101375 2.041451 0.000003 0.000012 -0.000136 -0.000056 0.000125 2.932182 -0.316448 0.122310 -8.019056 -4.375559 -18.149302 5.821784 -0.000001 -0.000001 -4.701986 -33.286819 21.556244 4.026133 0.000000 0.000000 2.149220 -39.077995 -1.159540 2.442604 0.000002 -0.000012 3.683611 -33.344162 -11.361632 1.785016 0.000000 -0.000025 -0.000379 0.000322 -0.000085 2.948916 -1.544389 0.539792 -13.755777 -13.682013 -16.047800 5.112839 -0.000002 0.000011 3.745721 -29.385740 19.482925 2.914518 0.000000 0.000000 2.308006 -37.753334 0.839523 1.632816 -0.000002 0.000000 4.792399 -29.809246 -13.588697 1.817514 -0.000003 -0.000001 -0.000126 -0.000201 -0.000032 25.633276 5.994579 -1.761724 99.914024 -66.154953 97.023308 -18.544613 0.000003 0.000012 -1.526688 -38.701786 -5.116244 -29.903347 0.000000 0.000001 36.937828 7.490960 2.204867 -27.414274 0.000012 0.000013 -17.548531 23.461817 -37.718731 -2.094768 -3.163312 -0.799955 -0.966119 -39.324867 73.404869 -4.505661 0.000005 0.000000 -29.121447 -4.598874 11.589270 -2.700114 -0.000006 0.000006 -1.455011 -5.848213 3.303613 -3.121519 -0.000000 0.000006 -0.000071 0.001075 -0.000044 -3.183331 -2.255512 -0.121331 0.576368 3.984664 0.318131 -6.179836 0.000000 0.000000 -5.816483 -45.429070 2.890583 -3.389430 -0.000001 -0.000012 14.592526 -36.940971 -3.676514 -2.123821 -0.000003 -0.000012 2.900648 -18.716213 -7.419186 -2.529789 -0.000000 -0.000001 -0.000431 -0.000380 0.000002 -3.179951 -0.924413 0.397693 -7.877571 0.289874 1.509012 -6.054549 -0.000003 -0.000001 1.881676 -46.358181 2.889827 -4.244578 -0.000001 0.000012 17.325693 -40.723373 -3.687185 -2.732867 0.000004 0.000000 6.746665 -19.538433 -14.753506 -2.043405 0.000006 -0.000001 0.000087 -0.000702 0.000087 -2.933434 0.316848 -0.122046 -11.612797 -2.904378 -15.663558 -5.826602 -0.000005 -0.000000 -2.516035 -44.125221 22.481438 -4.028100 -0.000000 0.000000 13.657287 -44.967766 -4.572145 -2.443439 -0.000000 0.000000 12.158633 -33.723782 -24.024351 -1.786791 0.000003 0.000011 -0.000355 -0.001525 -0.001314 -2.949983 1.545734 -0.540328 -16.074661 -13.763544 -14.189352 -5.116444 -0.000002 -0.000000 6.771004 -39.552860 22.107944 -2.915901 -0.000000 0.000012 21.954386 -42.687840 -4.341817 -1.633906 0.000001 -0.000012 16.613636 -30.092457 -34.062214 -1.819588 0.000000 -0.000001 0.000876 0.002455 0.000465 -8.517063 2.351946 11.888292 157.676117 -9.744681 -16.760195 42.799587 0.000001 0.000002 44.280743 4.144656 -7.944963 45.345985 0.000001 -0.000007 -93.213821 -4.174281 -3.499689 14.268355 0.000005 0.000000 -15.196864 0.521016 2.894075 6.980276 -0.121840 0.000001 -0.000170 0.000448 -0.000354 -8.535283 2.358025 -11.910014 -1.941946 -21.366194 -6.289909 -42.789711 -0.000003 -0.000003 16.050970 -1.814286 -6.158784 -45.345604 0.000000 0.000000 -57.259460 2.230519 -20.029835 -14.268300 -0.000000 -0.000000 -11.007007 2.350413 -2.053804 -6.981181 0.121853 -0.000003 0.002725 0.000097 -0.000089
0.000000 0.000000 0.000000 0.000000 0.000000 0.000000 -9.517678 104.185425 -10.215203 89.441368 7.484013 -62.167820 5.266023 0.261829 -0.008408 7.782269 -3.931298 2.878764 7.597601 -0.000001 0.000000 -5.406451 3.908873 -0.082249 8.008073 -0.000000 -0.000000 14.552318 2.354581 0.251778 29.519594 -0.802532 0.014094 21.546644 7.552674 -2.418178 8.099053 -0.000000 0.000000 32.941204 18.448172 9.773260 6.860398 0.000000 0.000000 -28.373718 -8.149487 -21.805819 18.447189 0.760179 -0.003674 -0.000990 0.000322 -0.000006 0.200078 3.635073 -0.007852 -0.267433 -0.028130 0.017071 5.721212 9.287379 3.627303 5.185009 -0.309512 2.220920 5.744883 9.302453 -3.630085 5.217727 -0.311269 -3.610241 25.666941 5.953198 1.744820 -39.320286 -63.131729 56.852360 18.464344 -0.000002 -0.000012 5.037909 -20.435192 -22.919207 29.884953 0.000000 -0.000001 40.797523 3.588652 -1.307896 27.413786 0.000000 0.000011 -6.005776 11.592138 -22.811335 2.094321 3.161254 0.799310 11.597124 -32.033009 67.112633 4.501803 -0.000008 -0.000000 -20.590006 -4.716485 16.116491 2.698064 0.000006 -0.000006 -1.866822 -5.768737 -2.560891 3.118652 0.000000 -0.000012 0.000118 -0.000173 0.000695 3.181590 2.254555 0.120951 5.302020 1.709611 -1.900151 6.175169 -0.000002 0.000011 -5.535162 -48.555450 2.277299 3.387755 -0.000001 -0.000000 10.216753 -29.914846 -0.488841 2.120990 0.000003 -0.000000 0.803552 -16.271936 -6.922543 2.529893 0.000000 0.000000 0.000159 -0.000095 -0.000397 3.178449 0.924150 -0.397349 -4.905325 -1.258714 -0.991368 6.049747 0.000000 -0.000001 1.927567 -42.983566 2.220926 4.242486 -0.000003 0.000000 8.209204 -33.376698 -0.772983 2.731824 -0.000001 0.000012 2.204376 -17.123333 -10.271446 2.041451 0.000003 0.000012 -0.000189 -0.000104 0.000075 2.932182 -0.316448 0.122310 -8.309078 -4.562993 -17.984808 5.821784 -0.000001 -0.000001 -4.558849 -32.623241 21.452356 4.026133 0.000000 0.000000 1.622040 -37.798962 -1.141842 2.442604 0.000002 -0.000012 3.387522 -32.694359 -11.036088 1.785016 0.000000 -0.000025 -0.000377 0.000260 0.000003 2.948916 -1.544389 0.539792 -14.054873 -13.774943 -15.712593 5.112839 -0.000002 0.000011 4.046506 -28.758646 19.287298 2.914518 0.000000 0.000000 1.877635 -36.770924 0.807856 1.632816 -0.000002 0.000000 4.325485 -28.936924 -13.347073 1.817514 -0.000003 -0.000001 -0.000089 -0.000145 0.000037 25.633276 5.994579 -1.761724 102.649292 -65.620323 94.412468 -18.544613 0.000003 0.000012 -2.762899 -37.799145 -5.041761 -29.903347 0.000000 0.000001 37.483337 6.809647 2.182312 -27.414274 0.000012 0.000013 -17.744768 24.017220 -36.543289 -2.094768 -3.163312 -0.799955 -1.328929 -39.427704 73.792122 -4.505661 0.000005 0.000000 -29.351206 -4.679144 11.854436 -2.700114 -0.000006 0.000006 -1.578947 -6.310389 3.339514 -3.121519 -0.000000 0.000006 -0.000047 0.001120 -0.000032 -3.183331 -2.255512 -0.121331 0.559187 3.721250 0.642632 -6.179836 0.000000 0.000000 -6.380395 -45.059746 3.294914 -3.389430 -0.000001 -0.000012 13.668938 -36.015575 -3.276136 -2.123821 -0.000003 -0.000012 2.713150 -18.508698 -6.539322 -2.529789 -0.000000 -0.000001 -0.000340 -0.000325 -0.000042 -3.179951 -0.924413 0.397693 -7.905521 0.216265 1.743683 -6.054549 -0.000003 -0.000001 1.445160 -45.862320 3.341819 -4.244578 -0.000001 0.000012 16.260054 -39.977657 -3.311907 -2.732867 0.000004 0.000000 6.331234 -19.276958 -13.869060 -2.043405 0.000006 -0.000001 0.000022 -0.000649 0.000138 -2.933434 0.316848 -0.122046 -11.750223 -2.786013 -15.548882 -5.826602 -0.000005 -0.000000 -2.287125 -43.770214 22.336309 -4.028100 -0.000000 0.000000 12.328275 -44.132751 -3.988543 -2.443439 -0.000000 0.000000 11.320878 -33.386623 -22.993034 -1.786791 0.000003 0.000011 -0.000537 -0.001651 -0.001345 -2.949983 1.545734 -0.540328 -16.234713 -13.397888 -14.255901 -5.116444 -0.000002 -0.000000 6.858546 -39.281456 22.106577 -2.915901 -0.000000 0.000012 20.459377 -42.285923 -4.098399 -1.633906 0.000001 -0.000012 15.473985 -29.819330 -32.736320 -1.819588 0.000000 -0.000001 0.000577 0.002298 0.000472 -8.517063 2.351946 11.888292 156.444153 -10.542935 -16.669146 42.799587 0.000001 0.000002 46.762363 4.454606 -8.247931 45.345985 0.000001 -0.000007 -93.914307 -3.504795 -3.608127 14.268355 0.000005 0.000000 -15.107229 0.483762 2.880686 6.980276 -0.121840 0.000001 -0.000206 0.000408 -0.000387 -8.535283 2.358025 -11.910014 -1.289068 -21.484753 -6.492038 -42.789711 -0.000003 -0.000003 15.925419 -1.679089 -6.172890 -45.345604 0.000000 0.000000 -59.136173 2.357396 -20.130604 -14.268300 -0.000000 -0.000000 -11.116125 2.402333 -2.046029 -6.981181 0.121853 -0.000003 0.002971 0.000060 -0.000124
0.000000 0.000000 0.000000 0.000000 0.000000 0.000000 -9.585638 103.721848 -10.597347 89.841095 7.973567 -61.847843 5.266023 0.261829 -0.008408 8.067350 -4.264482 2.967716 7.597601 -0.000001 0.000000 -5.301321 4.063602 0.132847 8.008073 -0.000000 -0.000000 14.391920 2.285642 0.174682 29.519594 -0.802532 0.014094 21.461119 8.033895 -2.399221 8.099053 -0.000000 0.000000 33.479687 18.995146 10.245342 6.860398 0.000000 0.000000 -28.442055 -8.135310 -22.273203 18.447189 0.760179 -0.003674 -0.000983 0.000244 0.000067 0.200078 3.635073 -0.007852 -0.242240 -0.088653 0.020278 5.721212 9.287379 3.627303 4.847392 -0.327486 2.178990 5.744883 9.302453 -3.630085 4.877143 -0.329302 -3.651426 25.666941 5.953198 1.744820 -38.878387 -61.508564 56.110767 18.464344 -0.000002 -0.000012 3.641078 -19.564968 -23.061399 29.884953 0.000000 -0.000001 41.483841 4.265666 -1.690232 27.413786 0.000000 0.000011 -6.336329 11.389172 -23.487463 2.094321 3.161254 0.799310 11.114105 -32.130558 67.200401 4.501803 -0.000008 -0.000000 -20.868858 -4.911530 16.212200 2.698064 0.000006 -0.000006 -2.009297 -6.038322 -2.526394 3.118652 0.000000 -0.000012 0.000091 -0.000154 0.000709 3.181590 2.254555 0.120951 4.997481 1.366397 -1.754830 6.175169 -0.000002 0.000011 -6.018421 -48.876339 2.757945 3.387755 -0.000001 -0.000000 9.788399 -29.865843 -0.515233 2.120990 0.000003 -0.000000 0.773508 -16.237898 -6.595545 2.529893 0.000000 0.000000 0.000098 -0.000095 -0.000396 3.178449 0.924150 -0.397349 -5.105516 -1.416211 -0.784159 6.049747 0.000000 -0.000001 1.658499 -43.342827 2.516598 4.242486 -0.000003 0.000000 7.777593 -33.154015 -0.722954 2.731824 -0.000001 0.000012 2.105081 -17.023293 -10.038505 2.041451 0.000003 0.000012 -0.000201 -0.000146 0.000017 2.932182 -0.316448 0.122310 -8.482674 -4.586277 -17.844576 5.821784 -0.000001 -0.000001 -4.700579 -32.931934 21.612610 4.026133 0.000000 0.000000 1.340464 -37.599369 -1.107560 2.442604 0.000002 -0.000012 3.319545 -32.536160 -11.067048 1.785016 0.000000 -0.000025 -0.000332 0.000221 0.000102 2.948916 -1.544389 0.539792 -14.239744 -13.648766 -15.342299 5.112839 -0.000002 0.000011 4.249456 -29.100487 19.147612 2.914518 0.000000 0.000000 1.697054 -36.801163 0.783503 1.632816 -0.000002 0.000000 4.173429 -28.705393 -13.418511 1.817514 -0.000003 -0.000001 0.000002 -0.000100 0.000099 25.633276 5.994579 -1.761724 104.084053 -64.850525 93.151894 -18.544613 0.000003 0.000012 -4.103519 -36.757019 -4.923109 -29.903347 0.000000 0.000001 39.745865 6.348134 2.165960 -27.414274 0.000012 0.000013 -17.829071 24.875164 -34.983383 -2.094768 -3.163312 -0.799955 -2.065518 -39.794060 74.384056 -4.505661 0.000005 0.000000 -29.748085 -4.710710 12.029364 -2.700114 -0.000006 0.000006 -1.755826 -6.575190 3.392685 -3.121519 -0.000000 0.000006 -0.000047 0.001145 -0.000018 -3.183331 -2.255512 -0.121331 0.434462 3.396151 0.923847 -6.179836 0.000000 0.000000 -7.087944 -45.201160 3.904781 -3.389430 -0.000001 -0.000012 13.053576 -35.589115 -2.895573 -2.123821 -0.000003 -0.000012 2.517986 -18.406034 -5.876710 -2.529789 -0.000000 -0.000001 -0.000231 -0.000233 -0.000067 -3.179951 -0.924413 0.397693 -8.019626 0.136692 2.082267 -6.054549 -0.000003 -0.000001 1.008705 -45.955326 3.915220 -4.244578 -0.000001 0.000012 15.550551 -39.601234 -3.005813 -2.732867 0.000004 0.000000 6.000886 -19.110388 -13.185230 -2.043405 0.000006 -0.000001 -0.000010 -0.000608 0.000165 -2.933434 0.316848 -0.122046 -11.993378 -2.624587 -15.278941 -5.826602 -0.000005 -0.000000 -2.276532 -44.041103 22.458572 -4.028100 -0.000000 0.000000 11.440971 -43.743000 -3.544603 -2.443439 -0.000000 0.000000 10.690772 -33.165897 -22.227871 -1.786791 0.000003 0.000011 -0.000689 -0.001716 -0.001362 -2.949983 1.545734 -0.540328 -16.574905 -12.962901 -14.091377 -5.116444 -0.000002 -0.000000 6.913381 -39.609520 22.190067 -2.915901 -0.000000 0.000012 19.560347 -42.253242 -3.996231 -1.633906 0.000001 -0.000012 14.664550 -29.668087 -31.764523 -1.819588 0.000000 -0.000001 0.000361 0.002224 0.000486 -8.517063 2.351946 11.888292 155.178024 -11.162001 -16.502047 42.799587 0.000001 0.000002 48.476311 4.647277 -8.490953 45.345985 0.000001 -0.000007 -94.255325 -3.001264 -3.632049 14.268355 0.000005 0.000000 -15.088215 0.447041 2.837804 6.980276 -0.121840 0.000001 -0.000241 0.000350 -0.000398 -8.535283 2.358025 -11.910014 -1.204962 -21.481369 -6.691431 -42.789711 -0.000003 -0.000003 15.737423 -1.468779 -6.178201 -45.345604 0.000000 0.000000 -60.867783 1.982744 -20.018808 -14.268300 -0.000000 -0.000000 -11.029381 2.455667 -2.053382 -6.981181 0.121853 -0.000003 0.003127 -0.000002 -0.000098
0.000000 0.000000 0.000000 0.000000 0.000000 0.000000 -9.740246 103.457932 -10.902230 89.933380 8.175077 -61.497417 5.266023 0.261829 -0.008408 8.295753 -4.351355 3.076577 7.597601 -0.000001 0.000000 -5.235342 4.171822 0.192588 8.008073 -0.000000 -0.000000 14.292421 2.193416 0.239282 29.519594 -0.802532 0.014094 21.524506 8.072044 -2.339242 8.099053 -0.000000 0.000000 33.680229 18.876720 10.523475 6.860398 0.000000 0.000000 -28.521070 -8.047735 -21.934355 18.447189 0.760179 -0.003674 -0.000960 0.000239 0.000042 0.200078 3.635073 -0.007852 -0.158327 -0.109583 0.028734 5.721212 9.287379 3.627303 4.827978 -0.337802 2.105320 5.744883 9.302453 -3.630085 4.859477 -0.339454 -3.726305 25.666941 5.953198 1.744820 -38.711498 -60.601711 55.872536 18.464344 -0.000002 -0.000012 2.981923 -18.933718 -23.075960 29.884953 0.000000 -0.000001 41.941402 4.421751 -1.979892 27.413786 0.000000 0.000011 -6.282446 11.237223 -23.244802 2.094321 3.161254 0.799310 11.011820 -31.802946 67.244980 4.501803 -0.000008 -0.000000 -20.982023 -4.953097 16.292652 2.698064 0.000006 -0.000006 -2.080825 -6.213459 -2.537072 3.118652 0.000000 -0.000012 0.000160 -0.000164 0.000719 3.181590 2.254555 0.120951 4.932234 1.337049 -1.688317 6.175169 -0.000002 0.000011 -6.219336 -49.121315 2.876734 3.387755 -0.000001 -0.000000 9.752564 -30.358414 -0.546837 2.120990 0.000003 -0.000000 0.812194 -16.543808 -6.608519 2.529893 0.000000 0.000000 0.000032 -0.000115 -0.000431 3.178449 0.924150 -0.397349 -5.126602 -1.352552 -0.694532 6.049747 0.000000 -0.000001 1.527874 -43.582741 2.544868 4.242486 -0.000003 0.000000 7.610238 -33.577320 -0.723259 2.731824 -0.000001 0.000012 2.139370 -17.344679 -10.070684 2.041451 0.000003 0.000012 -0.000135 -0.000103 0.000087 2.932182 -0.316448 0.122310 -8.478682 -4.446420 -17.758743 5.821784 -0.000001 -0.000001 -4.791751 -33.051193 21.694935 4.026133 0.000000 0.000000 1.343525 -37.991146 -1.172936 2.442604 0.000002 -0.000012 3.398524 -32.937992 -11.222620 1.785016 0.000000 -0.000025 -0.000281 0.000282 0.000085 2.948916 -1.544389 0.539792 -14.318073 -13.473984 -15.189644 5.112839 -0.000002 0.000011 4.383379 -29.000788 19.103708 2.914518 0.000000 0.000000 1.726710 -37.294025 0.801510 1.632816 -0.000002 0.000000 4.325451 -29.182343 -13.701528 1.817514 -0.000003 -0.000001 -0.000008 -0.000076 0.000104 25.633276 5.994579 -1.761724 105.519699 -64.517128 91.721176 -18.544613 0.000003 0.000012 -4.847064 -36.059338 -4.387304 -29.903347 0.000000 0.000001 40.717983 5.752221 1.844499 -27.414274 0.000012 0.000013 -16.983765 24.275330 -33.303745 -2.094768 -3.163312 -0.799955 -2.462763 -39.655201 74.650032 -4.505661 0.000005 0.000000 -29.700710 -4.850905 12.131578 -2.700114 -0.000006 0.000006 -1.864620 -6.850976 3.512058 -3.121519 -0.000000 0.000006 -0.000036 0.001113 -0.000027 -3.183331 -2.255512 -0.121331 0.377985 3.150860 1.158085 -6.179836 0.000000 0.000000 -7.318791 -45.161137 3.981329 -3.389430 -0.000001 -0.000012 12.840222 -35.925861 -2.762167 -2.123821 -0.000003 -0.000012 2.502368 -18.876017 -5.858523 -2.529789 -0.000000 -0.000001 -0.000175 -0.000184 -0.000072 -3.179951 -0.924413 0.397693 -8.107001 0.025511 2.202944 -6.054549 -0.000003 -0.000001 0.792277 -45.855587 4.140419 -4.244578 -0.000001 0.000012 15.291877 -40.134201 -2.903841 -2.732867 0.000004 0.000000 6.090664 -19.634367 -13.227324 -2.043405 0.000006 -0.000001 0.000030 -0.000596 0.000108 -2.933434 0.316848 -0.122046 -12.128558 -2.542567 -15.095422 -5.826602 -0.000005 -0.000000 -2.250711 -44.044426 22.463171 -4.028100 -0.000000 0.000000 11.140429 -44.209946 -3.366420 -2.443439 -0.000000 0.000000 10.765506 -33.640385 -22.332840 -1.786791 0.000003 0.000011 -0.000631 -0.001651 -0.001324 -2.949983 1.545734 -0.540328 -16.700941 -12.618528 -13.917029 -5.116444 -0.000002 -0.000000 6.770737 -39.558990 22.305239 -2.915901 -0.000000 0.000012 19.324501 -42.992588 -4.070748 -1.633906 0.000001 -0.000012 14.865450 -30.177052 -31.881250 -1.819588 0.000000 -0.000001 0.000358 0.002304 0.000480 -8.517063 2.351946 11.888292 154.612747 -11.407055 -16.501617 42.799587 0.000001 0.000002 49.525425 4.748701 -8.644515 45.345985 0.000001 -0.000007 -94.471268 -3.193051 -3.769837 14.268355 0.000005 0.000000 -14.839880 0.451101 2.672935 6.980276 -0.121840 0.000001 -0.000224 0.000389 -0.000448 -8.535283 2.358025 -11.910014 -1.182101 -21.555073 -6.806653 -42.789711 -0.000003 -0.000003 16.182465 -1.470926 -6.219198 -45.345604 0.000000 0.000000 -61.549477 1.771237 -20.146963 -14.268300 -0.000000 -0.000000 -11.107801 2.511904 -2.011478 -6.981181 0.121853 -0.000003 0.003079 0.000052 -0.000091
0.000000 0.000000 0.000000 0.000000 0.000000 0.000000 -9.976776 103.452873 -11.159405 90.284927 8.248504 -61.236828 5.266023 0.261829 -0.008408 8.475283 -4.464250 3.128776 7.597601 -0.000001 0.000000 -5.100019 4.304563 0.286507 8.008073 -0.000000 -0.000000 14.445442 2.098897 0.279265 29.519594 -0.802532 0.014094 21.373163 8.313096 -2.310952 8.099053 -0.000000 0.000000 33.675335 18.593744 10.640423 6.860398 0.000000 0.000000 -28.767635 -7.864842 -21.649530 18.447189 0.760179 -0.003674 -0.000885 0.000222 0.000007 0.200078 3.635073 -0.007852 -0.077019 -0.143257 0.048177 5.721212 9.287379 3.627303 5.005730 -0.341536 2.067693 5.744883 9.302453 -3.630085 5.039030 -0.343117 -3.764845 25.666941 5.953198 1.744820 -38.929844 -59.661663 56.185108 18.464344 -0.000002 -0.000012 1.964012 -19.029894 -22.607813 29.884953 0.000000 -0.000001 43.501984 4.780807 -2.150143 27.413786 0.000000 0.000011 -6.189711 11.820341 -22.346109 2.094321 3.161254 0.799310 10.590463 -32.220127 67.542633 4.501803 -0.000008 -0.000000 -21.225424 -4.904063 16.338560 2.698064 0.000006 -0.000006 -2.152371 -5.990492 -2.590090 3.118652 0.000000 -0.000012 0.000191 -0.000150 0.000691 3.181590 2.254555 0.120951 4.855053 1.343307 -1.591113 6.175169 -0.000002 0.000011 -6.540042 -49.771030 3.305719 3.387755 -0.000001 -0.000000 10.560114 -31.782700 -0.542114 2.120990 0.000003 -0.000000 0.942035 -17.223106 -7.545545 2.529893 0.000000 0.000000 0.000038 -0.000134 -0.000405 3.178449 0.924150 -0.397349 -5.109723 -1.112985 -0.584466 6.049747 0.000000 -0.000001 1.185517 -44.378429 2.996494 4.242486 -0.000003 0.000000 8.414947 -35.100338 -0.793929 2.731824 -0.000001 0.000012 2.425323 -18.214787 -10.811314 2.041451 0.000003 0.000012 -0.000096 -0.000110 0.000103 2.932182 -0.316448 0.122310 -8.513689 -4.052190 -17.664879 5.821784 -0.000001 -0.000001 -5.330657 -33.814938 22.168268 4.026133 0.000000 0.000000 1.754986 -39.616444 -1.288843 2.442604 0.000002 -0.000012 3.747335 -34.081802 -11.677459 1.785016 0.000000 -0.000025 -0.000247 0.000320 0.000091 2.948916 -1.544389 0.539792 -14.533853 -12.901619 -14.990838 5.112839 -0.000002 0.000011 4.252226 -29.792866 19.149134 2.914518 0.000000 0.000000 2.036815 -38.852985 0.757582 1.632816 -0.000002 0.000000 4.894241 -30.600655 -14.173485 1.817514 -0.000003 -0.000001 0.000029 -0.000048 0.000095 25.633276 5.994579 -1.761724 106.124557 -64.242897 91.074715 -18.544613 0.000003 0.000012 -5.321470 -35.849472 -4.100998 -29.903347 0.000000 0.000001 41.812767 5.366521 1.771673 -27.414274 0.000012 0.000013 -15.769367 24.513634 -32.163998 -2.094768 -3.163312 -0.799955 -2.923335 -39.986534 75.063454 -4.505661 0.000005 0.000000 -29.700073 -4.792473 12.095353 -2.700114 -0.000006 0.000006 -1.914298 -6.447837 3.530550 -3.121519 -0.000000 0.000006 0.000004 0.001022 -0.000060 -3.183331 -2.255512 -0.121331 0.403635 3.010407 1.124317 -6.179836 0.000000 0.000000 -7.524368 -45.494747 4.242891 -3.389430 -0.000001 -0.000012 13.689574 -37.383808 -3.045100 -2.123821 -0.000003 -0.000012 2.721313 -19.703756 -6.793333 -2.529789 -0.000000 -0.000001 -0.000140 -0.000117 -0.000106 -3.179951 -0.924413 0.397693 -8.134530 -0.005836 2.199910 -6.054549 -0.000003 -0.000001 0.681503 -46.344376 4.371076 -4.244578 -0.000001 0.000012 16.358530 -41.639408 -3.205318 -2.732867 0.000004 0.000000 6.566993 -20.525749 -14.099841 -2.043405 0.000006 -0.000001 0.000117 -0.000509 0.000073 -2.933434 0.316848 -0.122046 -12.274090 -2.510838 -14.957914 -5.826602 -0.000005 -0.000000 -2.317952 -44.624359 22.562029 -4.028100 -0.000000 0.000000 12.355004 -45.659584 -3.776278 -2.443439 -0.000000 0.000000 11.637879 -34.524193 -23.434914 -1.786791 0.000003 0.000011 -0.000336 -0.001504 -0.001271 -2.949983 1.545734 -0.540328 -16.933470 -12.402413 -13.768702 -5.116444 -0.000002 -0.000000 6.613858 -40.187046 22.368011 -2.915901 -0.000000 0.000012 20.815903 -44.165310 -4.499023 -1.633906 0.000001 -0.000012 16.156038 -31.010227 -33.223476 -1.819588 0.000000 -0.000001 0.000631 0.002569 0.000537 -8.517063 2.351946 11.888292 154.303955 -11.461951 -16.297190 42.799587 0.000001 0.000002 49.827126 4.496419 -8.766201 45.345985 0.000001 -0.000007 -94.667511 -3.231887 -3.842301 14.268355 0.000005 0.000000 -14.709114 0.389747 2.539536 6.980276 -0.121840 0.000001 -0.000231 0.000379 -0.000477 -8.535283 2.358025 -11.910014 -1.354236 -21.541462 -7.230069 -42.789711 -0.000003 -0.000003 16.714428 -1.188852 -6.302793 -45.345604 0.000000 0.000000 -62.137817 1.603540 -20.269747 -14.268300 -0.000000 -0.000000 -10.822310 2.475500 -2.051469 -6.981181 0.121853 -0.000003 0.002803 0.000087 -0.000090
0.000000 0.000000 0.000000 0.000000 0.000000 0.000000 -10.281551 103.418564 -11.392220 90.820976 8.346732 -60.812065 5.266023 0.261829 -0.008408 8.702494 -4.528599 3.166142 7.597601 -0.000001 0.000000 -5.181526 4.379454 0.301714 8.008073 -0.000000 -0.000000 14.442187 2.083118 0.330090 29.519594 -0.802532 0.014094 21.624043 8.364637 -2.297826 8.099053 -0.000000 0.000000 33.743904 18.815506 10.789647 6.860398 0.000000 0.000000 -28.904688 -7.954628 -21.923321 18.447189 0.760179 -0.003674 -0.000860 0.000224 0.000030 0.200078 3.635073 -0.007852 -0.067771 -0.174254 0.061309 5.721212 9.287379 3.627303 4.854815 -0.350802 2.075089 5.744883 9.302453 -3.630085 4.891069 -0.352289 -3.758419 25.666941 5.953198 1.744820 -39.283844 -59.392036 56.496605 18.464344 -0.000002 -0.000012 1.912666 -19.023947 -22.641348 29.884953 0.000000 -0.000001 44.048382 4.844638 -2.154100 27.413786 0.000000 0.000011 -6.430267 12.608692 -21.650146 2.094321 3.161254 0.799310 10.394423 -32.328957 67.721222 4.501803 -0.000008 -0.000000 -21.194056 -4.855498 16.380964 2.698064 0.000006 -0.000006 -2.241277 -6.190844 -2.394224 3.118652 0.000000 -0.000012 0.000166 -0.000185 0.000728 3.181590 2.254555 0.120951 4.934481 1.421955 -1.492728 6.175169 -0.000002 0.000011 -6.714428 -49.587223 3.400734 3.387755 -0.000001 -0.000000 10.035030 -31.150566 -0.465990 2.120990 0.000003 -0.000000 0.861670 -16.848042 -7.095234 2.529893 0.000000 0.000000 0.000055 -0.000111 -0.000393 3.178449 0.924150 -0.397349 -5.031969 -0.902454 -0.553643 6.049747 0.000000 -0.000001 1.114809 -44.153656 3.064589 4.242486 -0.000003 0.000000 7.850935 -34.466785 -0.728978 2.731824 -0.000001 0.000012 2.246515 -17.744791 -10.501004 2.041451 0.000003 0.000012 -0.000132 -0.000163 0.000084 2.932182 -0.316448 0.122310 -8.448539 -3.790741 -17.627548 5.821784 -0.000001 -0.000001 -5.178565 -33.509151 22.116375 4.026133 0.000000 0.000000 1.408350 -38.998463 -1.174029 2.442604 0.000002 -0.000012 3.605401 -33.531586 -11.578862 1.785016 0.000000 -0.000025 -0.000270 0.000317 0.000131 2.948916 -1.544389 0.539792 -14.467845 -12.560084 -14.968091 5.112839 -0.000002 0.000011 4.294516 -29.503475 19.181438 2.914518 0.000000 0.000000 1.877381 -38.327278 0.786338 1.632816 -0.000002 0.000000 4.634089 -29.948889 -14.099642 1.817514 -0.000003 -0.000001 0.000051 0.000011 0.000117 25.633276 5.994579 -1.761724 105.649780 -64.465057 91.450226 -18.544613 0.000003 0.000012 -4.997181 -35.966496 -4.357668 -29.903347 0.000000 0.000001 42.642277 5.395313 1.737060 -27.414274 0.000012 0.000013 -15.242373 24.676966 -30.816380 -2.094768 -3.163312 -0.799955 -2.886168 -39.970333 75.064674 -4.505661 0.000005 0.000000 -29.593260 -4.780432 12.170703 -2.700114 -0.000006 0.000006 -1.845256 -6.641943 3.508601 -3.121519 -0.000000 0.000006 0.000061 0.001013 -0.000069 -3.183331 -2.255512 -0.121331 0.485647 2.965193 1.198326 -6.179836 0.000000 0.000000 -7.545426 -44.792377 4.129810 -3.389430 -0.000001 -0.000012 12.766091 -35.962013 -2.707696 -2.123821 -0.000003 -0.000012 2.506044 -19.033491 -5.895130 -2.529789 -0.000000 -0.000001 -0.000130 -0.000099 -0.000165 -3.179951 -0.924413 0.397693 -8.141503 -0.050989 2.145677 -6.054549 -0.000003 -0.000001 0.491578 -45.466026 4.375095 -4.244578 -0.000001 0.000012 15.197449 -40.192657 -2.776503 -2.732867 0.000004 0.000000 6.084999 -19.800690 -13.308868 -2.043405 0.000006 -0.000001 0.000150 -0.000421 0.000095 -2.933434 0.316848 -0.122046 -12.326618 -2.529137 -14.990429 -5.826602 -0.000005 -0.000000 -2.014389 -43.701710 22.287947 -4.028100 -0.000000 0.000000 11.067310 -44.159527 -3.226765 -2.443439 -0.000000 0.000000 10.788250 -33.821217 -22.392868 -1.786791 0.000003 0.000011 -0.000284 -0.001464 -0.001254 -2.949983 1.545734 -0.540328 -16.960461 -12.408484 -13.836611 -5.116444 -0.000002 -0.000000 6.589262 -39.275558 22.284229 -2.915901 -0.000000 0.000012 19.154991 -43.013134 -3.987468 -1.633906 0.000001 -0.000012 14.893116 -30.355721 -31.867176 -1.819588 0.000000 -0.000001 0.000667 0.002605 0.000604 -8.517063 2.351946 11.888292 153.915298 -11.643972 -16.054558 42.799587 0.000001 0.000002 50.095661 4.313262 -8.516911 45.345985 0.000001 -0.000007 -95.012718 -2.963780 -3.960330 14.268355 0.000005 0.000000 -14.614121 0.441003 2.492629 6.980276 -0.121840 0.000001 -0.000268 0.000340 -0.000494 -8.535283 2.358025 -11.910014 -1.381479 -21.395468 -7.263347 -42.789711 -0.000003 -0.000003 16.892677 -0.777220 -6.273076 -45.345604 0.000000 0.000000 -62.023003 1.719104 -20.350428 -14.268300 -0.000000 -0.000000 -10.998824 2.401155 -2.005904 -6.981181 0.121853 -0.000003 0.002747 0.000087 -0.000116
0.000000 0.000000 0.000000 0.000000 0.000000 0.000000 -10.633005 103.675972 -11.610843 91.152824 8.825369 -60.611015 5.266023 0.261829 -0.008408 9.074841 -4.488996 3.198149 7.597601 -0.000001 0.000000 -5.223634 4.427608 0.229668 8.008073 -0.000000 -0.000000 14.340103 2.051633 0.437007 29.519594 -0.802532 0.014094 21.607878 8.402038 -2.281010 8.099053 -0.000000 0.000000 33.561657 18.648594 10.840678 6.860398 0.000000 0.000000 -28.866261 -7.802450 -21.802082 18.447189 0.760179 -0.003674 -0.000790 0.000242 0.000023 0.200078 3.635073 -0.007852 -0.021264 -0.200527 0.079681 5.721212 9.287379 3.627303 4.865534 -0.342265 2.114279 5.744883 9.302453 -3.630085 4.903712 -0.343673 -3.720410 25.666941 5.953198 1.744820 -40.286396 -59.313877 57.644470 18.464344 -0.000002 -0.000012 1.814338 -20.005993 -22.519684 29.884953 0.000000 -0.000001 46.586727 5.275375 -2.302602 27.413786 0.000000 0.000011 -6.409553 13.065603 -21.533937 2.094321 3.161254 0.799310 10.277740 -32.382957 67.652184 4.501803 -0.000008 -0.000000 -21.195219 -4.873837 16.357246 2.698064 0.000006 -0.000006 -2.203705 -6.200800 -2.262633 3.118652 0.000000 -0.000012 0.000157 -0.000182 0.000750 3.181590 2.254555 0.120951 4.839859 1.615577 -1.583325 6.175169 -0.000002 0.000011 -6.746866 -50.164410 3.365145 3.387755 -0.000001 -0.000000 10.260235 -31.598660 -0.477611 2.120990 0.000003 -0.000000 0.889167 -16.842182 -7.229442 2.529893 0.000000 0.000000 0.000095 -0.000121 -0.000369 3.178449 0.924150 -0.397349 -5.116163 -0.781516 -0.598985 6.049747 0.000000 -0.000001 1.177480 -44.703304 3.077745 4.242486 -0.000003 0.000000 8.093637 -34.903393 -0.761522 2.731824 -0.000001 0.000012 2.288739 -17.740108 -10.664607 2.041451 0.000003 0.000012 -0.000155 -0.000192 0.000080 2.932182 -0.316448 0.122310 -8.499915 -3.659921 -17.598452 5.821784 -0.000001 -0.000001 -5.372803 -34.123314 22.289877 4.026133 0.000000 0.000000 1.623509 -39.344093 -1.220125 2.442604 0.000002 -0.000012 3.688928 -33.569038 -11.692419 1.785016 0.000000 -0.000025 -0.000303 0.000330 0.000124 2.948916 -1.544389 0.539792 -14.522343 -12.506308 -14.976927 5.112839 -0.000002 0.000011 4.189610 -30.068794 19.240679 2.914518 0.000000 0.000000 2.059244 -38.648754 0.733891 1.632816 -0.000002 0.000000 4.739638 -30.051340 -14.229172 1.817514 -0.000003 -0.000001 0.000049 0.000015 0.000125 25.633276 5.994579 -1.761724 104.934814 -64.763420 92.142860 -18.544613 0.000003 0.000012 -4.707002 -36.548069 -4.504541 -29.903347 0.000000 0.000001 43.911774 5.334199 1.843903 -27.414274 0.000012 0.000013 -14.560663 24.466085 -30.852079 -2.094768 -3.163312 -0.799955 -2.476247 -39.985149 74.869247 -4.505661 0.000005 0.000000 -29.491062 -4.769923 12.159188 -2.700114 -0.000006 0.000006 -1.794603 -6.554372 3.463107 -3.121519 -0.000000 0.000006 0.000150 0.000920 -0.000122 -3.183331 -2.255512 -0.121331 0.648278 2.983216 1.158268 -6.179836 0.000000 0.000000 -7.353320 -44.651516 3.953135 -3.389430 -0.000001 -0.000012 12.696403 -35.566582 -2.739271 -2.123821 -0.000003 -0.000012 2.481260 -18.768417 -5.779078 -2.529789 -0.000000 -0.000001 -0.000154 -0.000104 -0.000225 -3.179951 -0.924413 0.397693 -8.099685 -0.184662 2.005601 -6.054549 -0.000003 -0.000001 0.607250 -45.221790 4.235338 -4.244578 -0.000001 0.000012 15.069470 -39.749516 -2.730895 -2.732867 0.000004 0.000000 6.005145 -19.564781 -13.217332 -2.043405 0.000006 -0.000001 0.000225 -0.000350 0.000096 -2.933434 0.316848 -0.122046 -12.294039 -2.682223 -15.006212 -5.826602 -0.000005 -0.000000 -1.781582 -43.499172 22.100386 -4.028100 -0.000000 0.000000 10.978824 -43.749043 -3.194769 -2.443439 -0.000000 0.000000 10.673339 -33.633305 -22.235537 -1.786791 0.000003 0.000011 0.000043 -0.001332 -0.001192 -2.949983 1.545734 -0.540328 -16.883837 -12.647813 -13.792803 -5.116444 -0.000002 -0.000000 6.636552 -39.040188 22.141575 -2.915901 -0.000000 0.000012 18.889811 -42.628216 -3.898171 -1.633906 0.000001 -0.000012 14.734168 -30.211479 -31.671749 -1.819588 0.000000 -0.000001 0.000991 0.002863 0.000676 -8.517063 2.351946 11.888292 153.846237 -11.151466 -15.754141 42.799587 0.000001 0.000002 49.247135 4.197249 -8.418881 45.345985 0.000001 -0.000007 -94.734543 -3.308929 -3.809011 14.268355 0.000005 0.000000 -14.470350 0.470426 2.527231 6.980276 -0.121840 0.000001 -0.000311 0.000330 -0.000503 -8.535283 2.358025 -11.910014 -1.601361 -21.379843 -7.256553 -42.789711 -0.000003 -0.000003 16.650862 -0.784707 -6.260049 -45.345604 0.000000 0.000000 -61.803391 2.059021 -20.417629 -14.268300 -0.000000 -0.000000 -11.001640 2.416486 -1.942284 -6.981181 0.121853 -0.000003 0.002408 0.000109 -0.000136
0.000000 0.000000 0.000000 0.000000 0.000000 0.000000 -11.005321 104.008606 -11.810431 91.286972 9.371439 -60.255688 5.266023 0.261829 -0.008408 9.442721 -4.510081 3.227991 7.597601 -0.000001 0.000000 -5.267880 4.404626 0.102544 8.008073 -0.000000 -0.000000 14.160923 2.080970 0.492328 29.519594 -0.802532 0.014094 21.564854 8.549284 -2.334810 8.099053 -0.000000 0.000000 33.012047 18.648542 10.887089 6.860398 0.000000 0.000000 -28.543751 -7.794860 -21.966455 18.447189 0.760179 -0.003674 -0.000758 0.000223 -0.000023 0.200078 3.635073 -0.007852 -0.002323 -0.219007 0.100862 5.721212 9.287379 3.627303 5.026833 -0.335230 2.128376 5.744883 9.302453 -3.630085 5.065835 -0.336665 -3.707071 25.666941 5.953198 1.744820 -41.531410 -59.683464 58.974533 18.464344 -0.000002 -0.000012 2.181183 -20.824667 -22.515141 29.884953 0.000000 -0.000001 49.602306 5.482911 -2.314614 27.413786 0.000000 0.000011 -6.539538 13.902484 -20.692125 2.094321 3.161254 0.799310 10.356515 -32.491833 67.594177 4.501803 -0.000008 -0.000000 -21.215820 -4.813986 16.318764 2.698064 0.000006 -0.000006 -2.231421 -6.215925 -2.139277 3.118652 0.000000 -0.000012 0.000151 -0.000144 0.000701 3.181590 2.254555 0.120951 5.052598 1.926700 -1.544895 6.175169 -0.000002 0.000011 -6.774702 -50.466057 3.266757 3.387755 -0.000001 -0.000000 10.321252 -31.808151 -0.381965 2.120990 0.000003 -0.000000 0.825661 -16.785200 -7.282493 2.529893 0.000000 0.000000 0.000151 -0.000123 -0.000298 3.178449 0.924150 -0.397349 -4.981613 -0.506402 -0.634580 6.049747 0.000000 -0.000001 1.243053 -44.978436 3.060596 4.242486 -0.000003 0.000000 8.147114 -35.242573 -0.719180 2.731824 -0.000001 0.000012 2.277390 -17.709158 -10.761300 2.041451 0.000003 0.000012 -0.000152 -0.000229 0.000063 2.932182 -0.316448 0.122310 -8.358135 -3.391674 -17.615816 5.821784 -0.000001 -0.000001 -5.468307 -34.383877 22.372190 4.026133 0.000000 0.000000 1.586946 -39.671009 -1.129744 2.442604 0.000002 -0.000012 3.759445 -33.595829 -11.800580 1.785016 0.000000 -0.000025 -0.000294 0.000342 0.000113 2.948916 -1.544389 0.539792 -14.370691 -12.301564 -15.097791 5.112839 -0.000002 0.000011 4.012476 -30.319681 19.342054 2.914518 0.000000 0.000000 2.087540 -38.928841 0.744388 1.632816 -0.000002 0.000000 4.833848 -30.135277 -14.355557 1.817514 -0.000003 -0.000001 0.000079 0.000021 0.000109 25.633276 5.994579 -1.761724 102.741913 -65.320908 94.233856 -18.544613 0.000003 0.000012 -3.879425 -37.207298 -4.769666 -29.903347 0.000000 0.000001 45.332882 5.520289 2.051099 -27.414274 0.000012 0.000013 -13.660820 25.247677 -29.786465 -2.094768 -3.163312 -0.799955 -1.767878 -39.958584 74.522530 -4.505661 0.000005 0.000000 -29.328537 -4.611924 12.161936 -2.700114 -0.000006 0.000006 -1.724958 -6.414275 3.358341 -3.121519 -0.000000 0.000006 0.000170 0.000879 -0.000133 -3.183331 -2.255512 -0.121331 1.141771 3.161690 1.132390 -6.179836 0.000000 0.000000 -7.131733 -43.927017 3.658516 -3.389430 -0.000001 -0.000012 12.474235 -34.927197 -2.735564 -2.123821 -0.000003 -0.000012 2.395058 -18.442484 -5.497070 -2.529789 -0.000000 -0.000001 -0.000189 -0.000095 -0.000234 -3.179951 -0.924413 0.397693 -7.835250 -0.132688 1.814709 -6.054549 -0.000003 -0.000001 0.786988 -44.387283 3.899471 -4.244578 -0.000001 0.000012 14.693554 -38.964439 -2.601624 -2.732867 0.000004 0.000000 5.809317 -19.180395 -13.056181 -2.043405 0.000006 -0.000001 0.000280 -0.000303 0.000086 -2.933434 0.316848 -0.122046 -12.021846 -2.748272 -15.182909 -5.826602 -0.000005 -0.000000 -1.544677 -42.477097 21.804058 -4.028100 -0.000000 0.000000 10.728924 -42.971684 -3.080845 -2.443439 -0.000000 0.000000 10.459053 -33.285915 -21.979916 -1.786791 0.000003 0.000011 0.000195 -0.001241 -0.001167 -2.949983 1.545734 -0.540328 -16.617258 -12.853048 -13.985295 -5.116444 -0.000002 -0.000000 6.592264 -38.016342 21.963310 -2.915901 -0.000000 0.000012 18.326044 -41.807507 -3.629861 -1.633906 0.000001 -0.000012 14.342116 -29.865675 -31.304173 -1.819588 0.000000 -0.000001 0.001203 0.003009 0.000733 -8.517063 2.351946 11.888292 153.933929 -10.227637 -15.238783 42.799587 0.000001 0.000002 48.023907 4.068818 -7.930548 45.345985 0.000001 -0.000007 -94.228531 -3.493927 -3.553013 14.268355 0.000005 0.000000 -14.438512 0.589386 2.628385 6.980276 -0.121840 0.000001 -0.000312 0.000295 -0.000480 -8.535283 2.358025 -11.910014 -1.939653 -21.502932 -7.282307 -42.789711 -0.000003 -0.000003 16.788376 -0.983510 -6.389647 -45.345604 0.000000 0.000000 -61.229492 2.234562 -20.295071 -14.268300 -0.000000 -0.000000 -11.018773 2.407178 -1.854704 -6.981181 0.121853 -0.000003 0.002208 0.000100 -0.000111
0.000000 0.000000 0.000000 0.000000 0.000000 0.000000 -11.373711 104.523376 -11.975042 91.832863 9.769789 -60.254936 5.266023 0.261829 -0.008408 9.811947 -4.412885 3.161702 7.597601 -0.000001 0.000000 -5.490148 4.428248 -0.021745 8.008073 -0.000000 -0.000000 14.169133 2.097447 0.506470 29.519594 -0.802532 0.014094 21.291473 8.470707 -2.345222 8.099053 -0.000000 0.000000 32.069214 18.383816 10.679201 6.860398 0.000000 0.000000 -28.182240 -7.852159 -21.761522 18.447189 0.760179 -0.003674 -0.000740 0.000250 -0.000055 0.200078 3.635073 -0.007852 -0.057514 -0.225959 0.121533 5.721212 9.287379 3.627303 5.358895 -0.319133 2.183898 5.744883 9.302453 -3.630085 5.400185 -0.320484 -3.652417 25.666941 5.953198 1.744820 -43.201077 -60.307373 60.812176 18.464344 -0.000002 -0.000012 2.698796 -22.291544 -22.585863 29.884953 0.000000 -0.000001 53.011429 5.614424 -2.096453 27.413786 0.000000 0.000011 -6.600396 15.499955 -20.084524 2.094321 3.161254 0.799310 10.608331 -32.463470 67.502831 4.501803 -0.000008 -0.000000 -21.247482 -4.683701 16.431900 2.698064 0.000006 -0.000006 -2.203704 -6.292709 -2.158818 3.118652 0.000000 -0.000012 0.000112 -0.000195 0.000705 3.181590 2.254555 0.120951 5.156330 2.190415 -1.553469 6.175169 -0.000002 0.000011 -6.772798 -50.082458 3.149325 3.387755 -0.000001 -0.000000 9.649894 -30.840326 -0.260080 2.120990 0.000003 -0.000000 0.680105 -16.200432 -6.612016 2.529893 0.000000 0.000000 0.000236 -0.000075 -0.000262 3.178449 0.924150 -0.397349 -4.932446 -0.244598 -0.688383 6.049747 0.000000 -0.000001 1.367386 -44.565552 2.930548 4.242486 -0.000003 0.000000 7.534739 -34.269775 -0.651787 2.731824 -0.000001 0.000012 1.982148 -17.035042 -10.182048 2.041451 0.000003 0.000012 -0.000190 -0.000287 0.000065 2.932182 -0.316448 0.122310 -8.286602 -3.132068 -17.604019 5.821784 -0.000001 -0.000001 -5.154562 -34.031315 22.046534 4.026133 0.000000 0.000000 1.232018 -38.745800 -1.049103 2.442604 0.000002 -0.000012 3.465125 -32.752983 -11.475961 1.785016 0.000000 -0.000025 -0.000368 0.000363 0.000108 2.948916 -1.544389 0.539792 -14.224572 -12.079296 -15.207454 5.112839 -0.000002 0.000011 4.046531 -29.899836 19.222513 2.914518 0.000000 0.000000 1.918849 -38.181396 0.711142 1.632816 -0.000002 0.000000 4.453427 -29.209997 -14.113276 1.817514 -0.000003 -0.000001 0.000049 0.000045 0.000105 25.633276 5.994579 -1.761724 100.304298 -65.960854 96.636894 -18.544613 0.000003 0.000012 -2.608871 -38.264641 -5.139847 -29.903347 0.000000 0.000001 47.593143 5.472418 2.284785 -27.414274 0.000012 0.000013 -12.585077 26.272348 -27.412563 -2.094768 -3.163312 -0.799955 -1.185303 -40.209209 74.367828 -4.505661 0.000005 0.000000 -29.184040 -4.473151 12.326592 -2.700114 -0.000006 0.000006 -1.631910 -6.437356 3.199372 -3.121519 -0.000000 0.000006 0.000228 0.000870 -0.000146 -3.183331 -2.255512 -0.121331 1.535722 3.030006 1.297562 -6.179836 0.000000 0.000000 -7.194110 -42.963440 3.558398 -3.389430 -0.000001 -0.000012 11.458570 -33.081806 -2.350840 -2.123821 -0.000003 -0.000012 2.189001 -17.539251 -4.582227 -2.529789 -0.000000 -0.000001 -0.000249 -0.000137 -0.000280 -3.179951 -0.924413 0.397693 -7.699329 -0.250386 1.782749 -6.054549 -0.000003 -0.000001 0.718013 -43.196659 3.709982 -4.244578 -0.000001 0.000012 13.362509 -37.008514 -2.145377 -2.732867 0.000004 0.000000 5.209867 -18.180738 -12.021172 -2.043405 0.000006 -0.000001 0.000323 -0.000232 0.000111 -2.933434 0.316848 -0.122046 -11.880070 -2.842169 -15.238437 -5.826602 -0.000005 -0.000000 -1.397133 -41.155266 21.645203 -4.028100 -0.000000 0.000000 9.437256 -41.006886 -2.616406 -2.443439 -0.000000 0.000000 9.405759 -32.259289 -20.598236 -1.786791 0.000003 0.000011 0.000290 -0.001142 -0.001133 -2.949983 1.545734 -0.540328 -16.585974 -13.032451 -13.963736 -5.116444 -0.000002 -0.000000 6.686596 -36.580555 21.701097 -2.915901 -0.000000 0.000012 16.619364 -40.184170 -3.172951 -1.633906 0.000001 -0.000012 12.771841 -28.883917 -29.511021 -1.819588 0.000000 -0.000001 0.001353 0.003083 0.000810 -8.517063 2.351946 11.888292 154.224472 -9.655813 -14.765228 42.799587 0.000001 0.000002 46.297443 3.778348 -7.481450 45.345985 0.000001 -0.000007 -93.736107 -3.615276 -3.339106 14.268355 0.000005 0.000000 -14.555902 0.667310 2.653937 6.980276 -0.121840 0.000001 -0.000335 0.000266 -0.000452 -8.535283 2.358025 -11.910014 -2.234582 -21.236818 -7.099416 -42.789711 -0.000003 -0.000003 16.295412 -0.938630 -6.353970 -45.345604 0.000000 0.000000 -60.718239 2.546817 -20.173805 -14.268300 -0.000000 -0.000000 -10.928289 2.339110 -1.747441 -6.981181 0.121853 -0.000003 0.002068 0.000128 -0.000142
0.000000 0.000000 0.000000 0.000000 0.000000 0.000000 -11.719078 105.077019 -12.085077 91.712051 9.972679 -60.500473 5.266023 0.261829 -0.008408 9.891652 -4.081625 3.055573 7.597601 -0.000001 0.000000 -5.544874 4.238078 -0.152924 8.008073 -0.000000 -0.000000 14.459053 1.899602 0.606382 29.519594 -0.802532 0.014094 20.972195 8.279847 -2.363774 8.099053 -0.000000 0.000000 31.295797 17.150557 10.362932 6.860398 0.000000 0.000000 -28.350183 -7.338344 -20.814718 18.447189 0.760179 -0.003674 -0.000754 0.000255 -0.000124 0.200078 3.635073 -0.007852 -0.103600 -0.236344 0.129316 5.721212 9.287379 3.627303 5.890050 -0.286769 2.283216 5.744883 9.302453 -3.630085 5.931129 -0.288288 -3.552605 25.666941 5.953198 1.744820 -45.810638 -61.119873 63.732128 18.464344 -0.000002 -0.000012 3.768102 -24.556889 -23.124710 29.884953 0.000000 -0.000001 58.976002 6.377754 -1.395693 27.413786 0.000000 0.000011 -6.039356 16.987177 -19.006313 2.094321 3.161254 0.799310 10.842200 -32.498005 67.282990 4.501803 -0.000008 -0.000000 -21.187252 -4.570546 16.464869 2.698064 0.000006 -0.000006 -2.072292 -6.148720 -2.203339 3.118652 0.000000 -0.000012 0.000111 -0.000191 0.000655 3.181590 2.254555 0.120951 5.056990 2.537898 -1.715213 6.175169 -0.000002 0.000011 -6.799040 -50.123661 3.193443 3.387755 -0.000001 -0.000000 9.736474 -30.810883 -0.194634 2.120990 0.000003 -0.000000 0.548948 -15.869926 -6.455129 2.529893 0.000000 0.000000 0.000289 -0.000057 -0.000237 3.178449 0.924150 -0.397349 -5.061648 -0.046577 -0.765911 6.049747 0.000000 -0.000001 1.427895 -44.673710 2.965750 4.242486 -0.000003 0.000000 7.699331 -34.218769 -0.627403 2.731824 -0.000001 0.000012 1.891156 -16.644857 -9.993358 2.041451 0.000003 0.000012 -0.000172 -0.000264 0.000100 2.932182 -0.316448 0.122310 -8.420001 -3.011108 -17.606232 5.821784 -0.000001 -0.000001 -5.243426 -34.340874 22.110174 4.026133 0.000000 0.000000 1.560450 -38.584091 -1.104396 2.442604 0.000002 -0.000012 3.364438 -32.306580 -11.274609 1.785016 0.000000 -0.000025 -0.000393 0.000400 0.000060 2.948916 -1.544389 0.539792 -14.396631 -12.080858 -15.355139 5.112839 -0.000002 0.000011 3.940589 -30.267715 19.279680 2.914518 0.000000 0.000000 2.189660 -38.032001 0.615111 1.632816 -0.000002 0.000000 4.427571 -28.854719 -14.056848 1.817514 -0.000003 -0.000001 0.000006 -0.000015 0.000082 25.633276 5.994579 -1.761724 97.738098 -66.753242 99.045807 -18.544613 0.000003 0.000012 -1.196015 -39.393322 -4.906613 -29.903347 0.000000 0.000001 50.113602 5.066463 2.521703 -27.414274 0.000012 0.000013 -9.139870 25.511501 -24.740112 -2.094768 -3.163312 -0.799955 0.637221 -40.029778 73.496872 -4.505661 0.000005 0.000000 -28.689999 -4.232844 12.414581 -2.700114 -0.000006 0.000006 -1.407596 -6.117594 2.942263 -3.121519 -0.000000 0.000006 0.000239 0.000895 -0.000154 -3.183331 -2.255512 -0.121331 2.248307 3.218184 0.931142 -6.179836 0.000000 0.000000 -6.887815 -41.627605 3.182150 -3.389430 -0.000001 -0.000012 10.954343 -31.765713 -2.304786 -2.123821 -0.000003 -0.000012 2.071359 -16.801092 -4.350710 -2.529789 -0.000000 -0.000001 -0.000311 -0.000164 -0.000270 -3.179951 -0.924413 0.397693 -7.293935 -0.223978 1.312178 -6.054549 -0.000003 -0.000001 0.988396 -41.709976 3.125901 -4.244578 -0.000001 0.000012 12.712852 -35.631893 -1.948813 -2.732867 0.000004 0.000000 4.841275 -17.420668 -11.495499 -2.043405 0.000006 -0.000001 0.000355 -0.000219 0.000099 -2.933434 0.316848 -0.122046 -11.499024 -3.001574 -15.535776 -5.826602 -0.000005 -0.000000 -0.970688 -39.498222 21.217876 -4.028100 -0.000000 0.000000 9.140897 -39.533035 -2.553597 -2.443439 -0.000000 0.000000 8.852771 -31.471701 -19.855400 -1.786791 0.000003 0.000011 0.000232 -0.001074 -0.001101 -2.949983 1.545734 -0.540328 -16.234745 -13.380884 -14.048986 -5.116444 -0.000002 -0.000000 6.826258 -34.858612 21.257401 -2.915901 -0.000000 0.000012 15.919924 -38.598488 -2.979515 -1.633906 0.000001 -0.000012 11.965933 -28.172697 -28.512671 -1.819588 0.000000 -0.000001 0.001403 0.003106 0.000794 -8.517063 2.351946 11.888292 155.178741 -8.572979 -14.228693 42.799587 0.000001 0.000002 44.271381 3.610104 -7.070997 45.345985 0.000001 -0.000007 -93.068741 -3.876446 -2.809209 14.268355 0.000005 0.000000 -14.462392 0.609899 2.621187 6.980276 -0.121840 0.000001 -0.000335 0.000281 -0.000415 -8.535283 2.358025 -11.910014 -2.539710 -21.315651 -7.451908 -42.789711 -0.000003 -0.000003 16.511351 -1.437893 -6.232873 -45.345604 0.000000 0.000000 -61.174313 2.994440 -19.971481 -14.268300 -0.000000 -0.000000 -10.743070 2.306111 -1.533751 -6.981181 0.121853 -0.000003 0.002042 0.000165 -0.000150
0.000000 0.000000 0.000000 0.000000 0.000000 0.000000 -12.029897 105.593872 -12.124741 91.901230 10.179175 -60.767654 5.266023 0.261829 -0.008408 10.016317 -3.930095 2.925098 7.597601 -0.000001 0.000000 -5.805776 4.138619 -0.232483 8.008073 -0.000000 -0.000000 14.636628 1.980137 0.668889 29.519594 -0.802532 0.014094 20.635818 7.924742 -2.457665 8.099053 -0.000000 0.000000 30.060093 16.661417 10.035586 6.860398 0.000000 0.000000 -27.877743 -7.167605 -20.871351 18.447189 0.760179 -0.003674 -0.000784 0.000212 -0.000160 0.200078 3.635073 -0.007852 -0.142023 -0.200362 0.141992 5.721212 9.287379 3.627303 6.327699 -0.265443 2.485893 5.744883 9.302453 -3.630085 6.369152 -0.266974 -3.351118 25.666941 5.953198 1.744820 -48.973148 -62.322906 66.927834 18.464344 -0.000002 -0.000012 5.783738 -26.862661 -24.004215 29.884953 0.000000 -0.000001 63.660061 6.715365 -0.443735 27.413786 0.000000 0.000011 -5.936202 18.327829 -18.084837 2.094321 3.161254 0.799310 11.015875 -32.512859 66.970924 4.501803 -0.000008 -0.000000 -21.068007 -4.456060 16.442114 2.698064 0.000006 -0.000006 -1.981826 -6.233285 -2.163093 3.118652 0.000000 -0.000012 0.000072 -0.000244 0.000634 3.181590 2.254555 0.120951 4.880185 2.667273 -1.831096 6.175169 -0.000002 0.000011 -6.632175 -49.655197 2.853670 3.387755 -0.000001 -0.000000 9.055678 -29.338915 -0.093879 2.120990 0.000003 -0.000000 0.348659 -14.959312 -5.493085 2.529893 0.000000 0.000000 0.000295 0.000037 -0.000226 3.178449 0.924150 -0.397349 -5.237518 -0.089916 -0.796868 6.049747 0.000000 -0.000001 1.488408 -44.235390 2.746541 4.242486 -0.000003 0.000000 7.173006 -32.706585 -0.626056 2.731824 -0.000001 0.000012 1.538183 -15.539879 -9.213510 2.041451 0.000003 0.000012 -0.000182 -0.000303 0.000105 2.932182 -0.316448 0.122310 -8.648747 -3.108073 -17.544891 5.821784 -0.000001 -0.000001 -4.903417 -34.163151 21.743895 4.026133 0.000000 0.000000 1.272677 -37.090965 -1.008497 2.442604 0.000002 -0.000012 3.020575 -30.974470 -10.794938 1.785016 0.000000 -0.000025 -0.000439 0.000424 0.000095 2.948916 -1.544389 0.539792 -14.429914 -12.350484 -15.436239 5.112839 -0.000002 0.000011 3.855845 -30.123940 19.316084 2.914518 0.000000 0.000000 2.056935 -36.791786 0.540848 1.632816 -0.000002 0.000000 3.925963 -27.411903 -13.640792 1.817514 -0.000003 -0.000001 0.000023 -0.000003 0.000069 25.633276 5.994579 -1.761724 92.946762 -67.629089 103.915497 -18.544613 0.000003 0.000012 0.976164 -40.831284 -5.819147 -29.903347 0.000000 0.000001 52.713669 5.311333 3.128423 -27.414274 0.000012 0.000013 -8.576923 26.825499 -24.145134 -2.094768 -3.163312 -0.799955 1.298264 -40.099743 73.253624 -4.505661 0.000005 0.000000 -28.461645 -3.979511 12.413935 -2.700114 -0.000006 0.000006 -1.252378 -6.054154 2.759442 -3.121519 -0.000000 0.000006 0.000219 0.000977 -0.000131 -3.183331 -2.255512 -0.121331 2.611227 3.427253 0.947553 -6.179836 0.000000 0.000000 -6.645218 -40.734032 3.010400 -3.389430 -0.000001 -0.000012 10.204954 -29.948433 -2.052589 -2.123821 -0.000003 -0.000012 1.900082 -15.651416 -3.433961 -2.529789 -0.000000 -0.000001 -0.000327 -0.000166 -0.000259 -3.179951 -0.924413 0.397693 -7.118891 -0.127573 1.201122 -6.054549 -0.000003 -0.000001 1.223578 -40.579288 2.829424 -4.244578 -0.000001 0.000012 11.759354 -33.724499 -1.745800 -2.732867 0.000004 0.000000 4.306338 -16.091755 -10.539027 -2.043405 0.000006 -0.000001 0.000363 -0.000149 0.000134 -2.933434 0.316848 -0.122046 -11.223701 -2.966239 -15.741435 -5.826602 -0.000005 -0.000000 -0.739397 -38.265690 21.141338 -4.028100 -0.000000 0.000000 8.125727 -37.602997 -2.250188 -2.443439 -0.000000 0.000000 7.925997 -30.246988 -18.579832 -1.786791 0.000003 0.000011 0.000027 -0.001037 -0.001116 -2.949983 1.545734 -0.540328 -15.952603 -13.618337 -14.213037 -5.116444 -0.000002 -0.000000 6.989036 -33.457161 21.075638 -2.915901 -0.000000 0.000012 14.458941 -36.910172 -2.637689 -1.633906 0.000001 -0.000012 10.529430 -26.932594 -26.885584 -1.819588 0.000000 -0.000001 0.001299 0.002974 0.000814 -8.517063 2.351946 11.888292 155.855896 -7.928149 -13.913177 42.799587 0.000001 0.000002 42.460758 3.414030 -6.647666 45.345985 0.000001 -0.000007 -92.442795 -3.853953 -2.388288 14.268355 0.000005 0.000000 -14.702864 0.699765 2.675702 6.980276 -0.121840 0.000001 -0.000336 0.000229 -0.000375 -8.535283 2.358025 -11.910014 -2.653368 -21.210249 -7.661188 -42.789711 -0.000003 -0.000003 16.100832 -1.593206 -6.143723 -45.345604 0.000000 0.000000 -61.094555 3.490534 -19.734497 -14.268300 -0.000000 -0.000000 -11.042110 2.328314 -1.285637 -6.981181 0.121853 -0.000003 0.002122 0.000177 -0.000168
0.000000 0.000000 0.000000 0.000000 0.000000 0.000000 -12.299856 105.795822 -12.086191 91.392632 10.002194 -61.278748 5.266023 0.261829 -0.008408 9.967992 -3.788162 2.786404 7.597601 -0.000001 0.000000 -5.969345 4.051573 -0.256365 8.008073 -0.000000 -0.000000 14.633407 1.945078 0.653664 29.519594 -0.802532 0.014094 20.432314 7.451812 -2.305799 8.099053 -0.000000 0.000000 28.957735 16.229374 9.361113 6.860398 0.000000 0.000000 -27.374664 -6.986538 -20.836245 18.447189 0.760179 -0.003674 -0.000776 0.000209 -0.000202 0.200078 3.635073 -0.007852 -0.123312 -0.112399 0.164992 5.721212 9.287379 3.627303 6.410698 -0.251059 2.725610 5.744883 9.302453 -3.630085 6.451649 -0.252638 -3.112664 25.666941 5.953198 1.744820 -50.944088 -63.366413 68.909813 18.464344 -0.000002 -0.000012 8.100163 -28.644754 -24.916868 29.884953 0.000000 -0.000001 66.861198 6.964182 0.184271 27.413786 0.000000 0.000011 -5.898821 19.703619 -17.594919 2.094321 3.161254 0.799310 11.397159 -32.114090 66.668304 4.501803 -0.000008 -0.000000 -21.090704 -4.356236 16.563002 2.698064 0.000006 -0.000006 -1.951483 -6.422595 -2.278591 3.118652 0.000000 -0.000012 0.000056 -0.000248 0.000619 3.181590 2.254555 0.120951 4.851504 2.851044 -1.772866 6.175169 -0.000002 0.000011 -6.515923 -48.672352 2.687416 3.387755 -0.000001 -0.000000 8.077808 -27.709051 -0.001899 2.120990 0.000003 -0.000000 0.304668 -14.114192 -4.311367 2.529893 0.000000 0.000000 0.000311 0.000061 -0.000184 3.178449 0.924150 -0.397349 -5.312603 -0.023571 -0.803874 6.049747 0.000000 -0.000001 1.621218 -43.246075 2.633795 4.242486 -0.000003 0.000000 6.368621 -30.961901 -0.621689 2.731824 -0.000001 0.000012 1.242125 -14.472843 -8.172076 2.041451 0.000003 0.000012 -0.000201 -0.000352 0.000086 2.932182 -0.316448 0.122310 -8.707603 -3.136645 -17.468822 5.821784 -0.000001 -0.000001 -4.179205 -33.321251 21.294035 4.026133 0.000000 0.000000 0.926118 -35.361641 -0.929088 2.442604 0.000002 -0.000012 2.639959 -29.640432 -10.219049 1.785016 0.000000 -0.000025 -0.000456 0.000437 0.000109 2.948916 -1.544389 0.539792 -14.298747 -12.580303 -15.542645 5.112839 -0.000002 0.000011 4.231831 -29.143332 19.144690 2.914518 0.000000 0.000000 1.804774 -35.305363 0.493651 1.632816 -0.000002 0.000000 3.354751 -25.923021 -13.198575 1.817514 -0.000003 -0.000001 0.000057 0.000032 0.000029 25.633276 5.994579 -1.761724 89.513214 -68.388802 107.535675 -18.544613 0.000003 0.000012 3.106426 -42.112133 -6.535994 -29.903347 0.000000 0.000001 53.668827 5.594727 3.532653 -27.414274 0.000012 0.000013 -8.728786 27.118320 -24.087921 -2.094768 -3.163312 -0.799955 2.517409 -39.808807 72.490601 -4.505661 0.000005 0.000000 -28.527615 -3.700779 12.629910 -2.700114 -0.000006 0.000006 -1.242272 -6.314400 2.483453 -3.121519 -0.000000 0.000006 0.000244 0.000990 -0.000129 -3.183331 -2.255512 -0.121331 2.683912 3.570299 0.864778 -6.179836 0.000000 0.000000 -6.590777 -39.202976 2.915561 -3.389430 -0.000001 -0.000012 9.015105 -27.664707 -1.616697 -2.123821 -0.000003 -0.000012 1.790292 -14.617168 -2.263948 -2.529789 -0.000000 -0.000001 -0.000360 -0.000169 -0.000289 -3.179951 -0.924413 0.397693 -7.215726 -0.169157 1.204498 -6.054549 -0.000003 -0.000001 1.329732 -38.646606 2.633400 -4.244578 -0.000001 0.000012 10.317345 -31.250853 -1.459182 -2.732867 0.000004 0.000000 3.676723 -14.743154 -9.147795 -2.043405 0.000006 -0.000001 0.000402 -0.000080 0.000151 -2.933434 0.316848 -0.122046 -11.190753 -3.093556 -15.867146 -5.826602 -0.000005 -0.000000 -0.297292 -36.282616 20.779367 -4.028100 -0.000000 0.000000 6.525799 -34.875137 -1.791215 -2.443439 -0.000000 0.000000 6.663144 -28.685162 -16.788025 -1.786791 0.000003 0.000011 0.000038 -0.000971 -0.001097 -2.949983 1.545734 -0.540328 -15.877056 -14.061003 -14.349821 -5.116444 -0.000002 -0.000000 7.319661 -31.273500 20.740526 -2.915901 -0.000000 0.000012 12.232245 -34.653389 -2.224803 -1.633906 0.000001 -0.000012 8.562993 -25.259167 -24.475044 -1.819588 0.000000 -0.000001 0.001410 0.003001 0.000868 -8.517063 2.351946 11.888292 156.638916 -7.354903 -13.850272 42.799587 0.000001 0.000002 41.938755 3.537206 -6.153790 45.345985 0.000001 -0.000007 -91.974236 -3.748276 -2.379308 14.268355 0.000005 0.000000 -14.477616 0.820440 2.667867 6.980276 -0.121840 0.000001 -0.000340 0.000185 -0.000356 -8.535283 2.358025 -11.910014 -2.294588 -21.218676 -7.591639 -42.789711 -0.000003 -0.000003 15.866664 -2.281511 -5.998293 -45.345604 0.000000 0.000000 -61.127522 3.113690 -19.567953 -14.268300 -0.000000 -0.000000 -11.439605 2.196731 -1.104908 -6.981181 0.121853 -0.000003 0.002039 0.000171 -0.000150
0.000000 0.000000 0.000000 0.000000 0.000000 0.000000 -12.522617 106.254303 -11.968948 91.246918 9.940264 -62.379066 5.266023 0.261829 -0.008408 9.789188 -3.515240 2.711423 7.597601 -0.000001 0.000000 -6.248839 3.899129 -0.474531 8.008073 -0.000000 -0.000000 15.092034 1.875111 0.792038 29.519594 -0.802532 0.014094 19.855946 7.006647 -2.168547 8.099053 -0.000000 0.000000 27.400860 15.162253 8.581168 6.860398 0.000000 0.000000 -26.652983 -6.592432 -19.990099 18.447189 0.760179 -0.003674 -0.000803 0.000226 -0.000205 0.200078 3.635073 -0.007852 -0.097514 -0.063304 0.206140 5.721212 9.287379 3.627303 6.921555 -0.209131 2.925321 5.744883 9.302453 -3.630085 6.961471 -0.210838 -2.912156 25.666941 5.953198 1.744820 -54.314358 -65.022263 72.464417 18.464344 -0.000002 -0.000012 12.038200 -31.725111 -26.343786 29.884953 0.000000 -0.000001 71.104668 7.019594 1.401579 27.413786 0.000000 0.000011 -5.564147 21.541191 -16.117855 2.094321 3.161254 0.799310 11.819616 -31.447664 66.274590 4.501803 -0.000008 -0.000000 -21.133116 -4.034652 16.620096 2.698064 0.000006 -0.000006 -1.906621 -6.399445 -2.483531 3.118652 0.000000 -0.000012 0.000023 -0.000250 0.000648 3.181590 2.254555 0.120951 4.651045 3.367943 -1.936129 6.175169 -0.000002 0.000011 -6.066621 -47.505264 2.293901 3.387755 -0.000001 -0.000000 7.503245 -26.034031 -0.012385 2.120990 0.000003 -0.000000 0.245618 -12.931576 -3.396575 2.529893 0.000000 0.000000 0.000320 0.000064 -0.000234 3.178449 0.924150 -0.397349 -5.439209 0.235511 -0.969608 6.049747 0.000000 -0.000001 2.025331 -42.083130 2.231454 4.242486 -0.000003 0.000000 5.889873 -29.122181 -0.697376 2.731824 -0.000001 0.000012 0.973681 -13.037585 -7.332199 2.041451 0.000003 0.000012 -0.000249 -0.000361 0.000074 2.932182 -0.316448 0.122310 -8.755408 -3.043647 -17.557913 5.821784 -0.000001 -0.000001 -3.256194 -32.471500 20.808243 4.026133 0.000000 0.000000 0.858738 -33.423031 -0.987695 2.442604 0.000002 -0.000012 2.295457 -27.883795 -9.688750 1.785016 0.000000 -0.000025 -0.000534 0.000438 0.000102 2.948916 -1.544389 0.539792 -14.000616 -12.741640 -15.834202 5.112839 -0.000002 0.000011 4.583763 -28.151268 18.934465 2.914518 0.000000 0.000000 1.801152 -33.615429 0.402859 1.632816 -0.000002 0.000000 2.815487 -24.024319 -12.799913 1.817514 -0.000003 -0.000001 0.000045 -0.000031 0.000047 25.633276 5.994579 -1.761724 83.859039 -69.450157 113.318665 -18.544613 0.000003 0.000012 6.574915 -43.744473 -7.465500 -29.903347 0.000000 0.000001 55.258232 6.128335 3.951836 -27.414274 0.000012 0.000013 -8.027632 25.744064 -21.453384 -2.094768 -3.163312 -0.799955 3.255167 -39.700516 72.085472 -4.505661 0.000005 0.000000 -28.234591 -3.452066 12.795393 -2.700114 -0.000006 0.000006 -1.117270 -6.405272 2.225889 -3.121519 -0.000000 0.000006 0.000272 0.001034 -0.000141 -3.183331 -2.255512 -0.121331 2.518898 3.438305 0.864232 -6.179836 0.000000 0.000000 -6.368382 -37.787224 2.639626 -3.389430 -0.000001 -0.000012 7.604443 -24.853863 -1.142964 -2.123821 -0.000003 -0.000012 1.638997 -13.034701 -1.068711 -2.529789 -0.000000 -0.000001 -0.000429 -0.000230 -0.000295 -3.179951 -0.924413 0.397693 -7.437797 -0.346641 1.255433 -6.054549 -0.000003 -0.000001 1.320943 -36.819088 2.318605 -4.244578 -0.000001 0.000012 8.571560 -28.297501 -1.088286 -2.732867 0.000004 0.000000 2.943264 -12.840745 -7.474283 -2.043405 0.000006 -0.000001 0.000398 -0.000125 0.000184 -2.933434 0.316848 -0.122046 -11.321785 -3.263670 -15.809327 -5.826602 -0.000005 -0.000000 0.007551 -34.303608 20.594868 -4.028100 -0.000000 0.000000 4.828583 -31.798513 -1.304128 -2.443439 -0.000000 0.000000 5.249777 -26.592520 -14.684070 -1.786791 0.000003 0.000011 -0.000043 -0.000972 -0.001091 -2.949983 1.545734 -0.540328 -15.984335 -14.292150 -14.066350 -5.116444 -0.000002 -0.000000 7.456843 -29.157377 20.541435 -2.915901 -0.000000 0.000012 9.946075 -32.163139 -1.841666 -1.633906 0.000001 -0.000012 6.479681 -23.063772 -21.750090 -1.819588 0.000000 -0.000001 0.001506 0.002951 0.000849 -8.517063 2.351946 11.888292 157.626755 -6.621837 -13.674029 42.799587 0.000001 0.000002 40.298763 3.197706 -5.780933 45.345985 0.000001 -0.000007 -91.585350 -4.144693 -2.281041 14.268355 0.000005 0.000000 -14.205870 0.763367 2.600892 6.980276 -0.121840 0.000001 -0.000384 0.000200 -0.000339 -8.535283 2.358025 -11.910014 -2.653843 -21.072269 -7.616984 -42.789711 -0.000003 -0.000003 15.736449 -2.656164 -5.687321 -45.345604 0.000000 0.000000 -61.443146 2.987966 -19.572626 -14.268300 -0.000000 -0.000000 -11.379459 2.005861 -0.874192 -6.981181 0.121853 -0.000003 0.002020 0.000171 -0.000157
0.000000 0.000000 0.000000 0.000000 0.000000 0.000000 -12.686546 106.580414 -11.775615 91.247536 9.943954 -63.264503 5.266023 0.261829 -0.008408 9.682099 -3.487109 2.655181 7.597601 -0.000001 0.000000 -6.384232 3.925336 -0.559351 8.008073 -0.000000 -0.000000 15.241836 1.747253 0.853129 29.519594 -0.802532 0.014094 19.337919 6.698899 -2.317210 8.099053 -0.000000 0.000000 25.664085 14.607916 8.120349 6.860398 0.000000 0.000000 -25.697166 -6.282406 -19.710447 18.447189 0.760179 -0.003674 -0.000846 0.000226 -0.000213 0.200078 3.635073 -0.007852 -0.073703 0.018485 0.232215 5.721212 9.287379 3.627303 7.317391 -0.186233 3.053777 5.744883 9.302453 -3.630085 7.356160 -0.188008 -2.784138 25.666941 5.953198 1.744820 -58.347805 -67.055336 76.465126 18.464344 -0.000002 -0.000012 16.783314 -34.444450 -27.987514 29.884953 0.000000 -0.000001 74.719658 7.068536 2.733716 27.413786 0.000000 0.000011 -5.909382 21.793644 -15.815923 2.094321 3.161254 0.799310 12.265433 -30.321775 65.830963 4.501803 -0.000008 -0.000000 -20.922421 -3.917274 16.672329 2.698064 0.000006 -0.000006 -1.679705 -6.271179 -2.859582 3.118652 0.000000 -0.000012 -0.000008 -0.000271 0.000671 3.181590 2.254555 0.120951 4.347104 3.814553 -2.066577 6.175169 -0.000002 0.000011 -5.539825 -45.416176 1.723083 3.387755 -0.000001 -0.000000 6.863712 -24.339630 0.032067 2.120990 0.000003 -0.000000 0.180264 -12.031064 -2.520835 2.529893 0.000000 0.000000 0.000319 0.000095 -0.000249 3.178449 0.924150 -0.397349 -5.703350 0.291480 -1.074315 6.049747 0.000000 -0.000001 2.240959 -39.991096 1.753486 4.242486 -0.000003 0.000000 5.360072 -27.352173 -0.808762 2.731824 -0.000001 0.000012 0.767282 -12.028333 -6.449219 2.041451 0.000003 0.000012 -0.000286 -0.000364 0.000076 2.932182 -0.316448 0.122310 -8.969478 -3.190200 -17.562162 5.821784 -0.000001 -0.000001 -2.346540 -30.804331 20.136824 4.026133 0.000000 0.000000 0.688402 -31.531710 -1.050912 2.442604 0.000002 -0.000012 1.999021 -26.496782 -9.094869 1.785016 0.000000 -0.000025 -0.000601 0.000443 0.000091 2.948916 -1.544389 0.539792 -13.825051 -13.173265 -16.037848 5.112839 -0.000002 0.000011 4.809833 -26.447575 18.746620 2.914518 0.000000 0.000000 1.565713 -31.840212 0.343112 1.632816 -0.000002 0.000000 2.354022 -22.435394 -12.254064 1.817514 -0.000003 -0.000001 0.000049 -0.000081 0.000046 25.633276 5.994579 -1.761724 76.642387 -70.452454 120.647194 -18.544613 0.000003 0.000012 10.823429 -45.134762 -8.632783 -29.903347 0.000000 0.000001 55.224785 6.394802 4.302189 -27.414274 0.000012 0.000013 -7.402189 25.412083 -20.458752 -2.094768 -3.163312 -0.799955 4.638557 -39.074287 71.302399 -4.505661 0.000005 0.000000 -27.756559 -3.221039 12.947078 -2.700114 -0.000006 0.000006 -0.941567 -6.393134 1.954138 -3.121519 -0.000000 0.000006 0.000277 0.001075 -0.000141 -3.183331 -2.255512 -0.121331 2.710279 3.621505 0.787579 -6.179836 0.000000 0.000000 -5.801815 -36.013454 2.220144 -3.389430 -0.000001 -0.000012 6.977306 -23.150242 -1.064744 -2.123821 -0.000003 -0.000012 1.639995 -12.148202 -0.667885 -2.529789 -0.000000 -0.000001 -0.000481 -0.000290 -0.000283 -3.179951 -0.924413 0.397693 -7.351456 -0.364764 1.121026 -6.054549 -0.000003 -0.000001 1.783192 -34.722008 1.852710 -4.244578 -0.000001 0.000012 7.782478 -26.574028 -1.105203 -2.732867 0.000004 0.000000 2.650079 -11.825746 -6.631814 -2.043405 0.000006 -0.000001 0.000392 -0.000150 0.000218 -2.933434 0.316848 -0.122046 -11.035458 -3.396845 -16.069044 -5.826602 -0.000005 -0.000000 0.501072 -32.213345 20.201952 -4.028100 -0.000000 0.000000 4.077475 -29.914576 -1.183642 -2.443439 -0.000000 0.000000 4.593670 -25.366123 -13.598308 -1.786791 0.000003 0.000011 -0.000182 -0.000988 -0.001084 -2.949983 1.545734 -0.540328 -15.489444 -14.621512 -14.290760 -5.116444 -0.000002 -0.000000 7.584027 -27.001736 20.300825 -2.915901 -0.000000 0.000012 8.709401 -30.421259 -1.590289 -1.633906 0.000001 -0.000012 5.475835 -21.702478 -20.323992 -1.819588 0.000000 -0.000001 0.001576 0.002882 0.000818 -8.517063 2.351946 11.888292 158.320877 -5.904863 -13.354192 42.799587 0.000001 0.000002 38.808754 2.727105 -5.520432 45.345985 0.000001 -0.000007 -91.496872 -4.361696 -1.944315 14.268355 0.000005 0.000000 -14.387671 0.740321 2.699215 6.980276 -0.121840 0.000001 -0.000401 0.000200 -0.000316 -8.535283 2.358025 -11.910014 -3.250460 -20.993013 -8.100838 -42.789711 -0.000003 -0.000003 16.030045 -2.732774 -5.650977 -45.345604 0.000000 0.000000 -61.234917 2.742669 -19.606184 -14.268300 -0.000000 -0.000000 -11.383607 1.982168 -0.646216 -6.981181 0.121853 -0.000003 0.001988 0.000188 -0.000186
0.000000 0.000000 0.000000 0.000000 0.000000 0.000000 -12.773011 106.865601 -11.506872 91.213951 9.739148 -64.254280 5.266023 0.261829 -0.008408 9.400547 -3.394945 2.631800 7.597601 -0.000001 0.000000 -6.467261 3.851268 -0.700616 8.008073 -0.000000 -0.000000 15.514585 1.703798 0.902594 29.519594 -0.802532 0.014094 18.848694 6.388057 -2.358955 8.099053 -0.000000 0.000000 23.686575 13.932121 7.654735 6.860398 0.000000 0.000000 -25.050718 -6.048062 -19.952309 18.447189 0.760179 -0.003674 -0.000868 0.000281 -0.000251 0.200078 3.635073 -0.007852 0.007712 0.109434 0.275864 5.721212 9.287379 3.627303 7.763830 -0.157131 3.276823 5.744883 9.302453 -3.630085 7.800935 -0.158937 -2.562616 25.666941 5.953198 1.744820 -62.915218 -69.140244 80.973137 18.464344 -0.000002 -0.000012 21.988064 -37.150776 -29.239595 29.884953 0.000000 -0.000001 77.097824 6.262044 3.610471 27.413786 0.000000 0.000011 -4.815526 23.995270 -14.253361 2.094321 3.161254 0.799310 12.989283 -29.609797 65.267197 4.501803 -0.000008 -0.000000 -20.884769 -3.735492 16.745846 2.698064 0.000006 -0.000006 -1.612713 -6.016250 -3.052741 3.118652 0.000000 -0.000012 0.000015 -0.000253 0.000674 3.181590 2.254555 0.120951 4.587397 4.393588 -2.284658 6.175169 -0.000002 0.000011 -4.961586 -43.643105 1.289791 3.387755 -0.000001 -0.000000 6.720071 -23.272242 -0.009093 2.120990 0.000003 -0.000000 0.233722 -11.221106 -2.274861 2.529893 0.000000 0.000000 0.000306 0.000050 -0.000277 3.178449 0.924150 -0.397349 -5.453512 0.596391 -1.512948 6.049747 0.000000 -0.000001 2.702948 -38.113163 1.372739 4.242486 -0.000003 0.000000 5.283349 -26.306076 -0.951266 2.731824 -0.000001 0.000012 0.681701 -11.264025 -6.107346 2.041451 0.000003 0.000012 -0.000291 -0.000329 0.000094 2.932182 -0.316448 0.122310 -8.620094 -2.983297 -17.932026 5.821784 -0.000001 -0.000001 -1.300105 -29.380163 19.547041 4.026133 0.000000 0.000000 0.694534 -30.442461 -1.148262 2.442604 0.000002 -0.000012 1.826707 -25.471189 -8.754623 1.785016 0.000000 -0.000025 -0.000627 0.000466 0.000047 2.948916 -1.544389 0.539792 -13.031955 -13.237731 -16.666883 5.112839 -0.000002 0.000011 5.227128 -24.593912 18.472794 2.914518 0.000000 0.000000 1.553516 -30.743706 0.285489 1.632816 -0.000002 0.000000 2.095086 -21.476240 -11.938077 1.817514 -0.000003 -0.000001 0.000043 -0.000141 -0.000027 25.633276 5.994579 -1.761724 69.154617 -71.115723 128.254196 -18.544613 0.000003 0.000012 15.236657 -46.302883 -9.408971 -29.903347 0.000000 0.000001 54.224796 6.527246 4.268437 -27.414274 0.000012 0.000013 -5.784725 24.661856 -19.115070 -2.094768 -3.163312 -0.799955 6.123306 -38.647419 70.451805 -4.505661 0.000005 0.000000 -27.316292 -3.066536 13.134006 -2.700114 -0.000006 0.000006 -0.810830 -6.145075 1.663876 -3.121519 -0.000000 0.000006 0.000280 0.001086 -0.000151 -3.183331 -2.255512 -0.121331 2.964475 3.644104 0.383992 -6.179836 0.000000 0.000000 -5.280066 -34.155685 1.811610 -3.389430 -0.000001 -0.000012 6.179395 -21.440668 -0.875266 -2.123821 -0.000003 -0.000012 1.588839 -11.142327 -0.321605 -2.529789 -0.000000 -0.000001 -0.000567 -0.000359 -0.000265 -3.179951 -0.924413 0.397693 -7.182926 -0.434376 0.735351 -6.054549 -0.000003 -0.000001 2.167310 -32.491554 1.435119 -4.244578 -0.000001 0.000012 6.880324 -24.659611 -1.044141 -2.732867 0.000004 0.000000 2.288136 -10.668918 -5.727191 -2.043405 0.000006 -0.000001 0.000422 -0.000204 0.000220 -2.933434 0.316848 -0.122046 -10.716327 -3.538968 -16.425920 -5.826602 -0.000005 -0.000000 1.122689 -29.944613 19.643911 -4.028100 -0.000000 0.000000 3.214839 -27.791819 -1.080145 -2.443439 -0.000000 0.000000 3.837762 -23.904629 -12.367796 -1.786791 0.000003 0.000011 -0.000163 -0.000956 -0.001051 -2.949983 1.545734 -0.540328 -15.049097 -14.824709 -14.571217 -5.116444 -0.000002 -0.000000 7.928638 -24.540152 19.874407 -2.915901 -0.000000 0.000012 7.408491 -28.520182 -1.445709 -1.633906 0.000001 -0.000012 4.342631 -20.183588 -18.614477 -1.819588 0.000000 -0.000001 0.001745 0.002912 0.000772 -8.517063 2.351946 11.888292 159.070663 -5.445346 -13.202676 42.799587 0.000001 0.000002 37.591099 2.328324 -5.203731 45.345985 0.000001 -0.000007 -91.358536 -4.908569 -2.150098 14.268355 0.000005 0.000000 -14.521945 0.710196 2.684295 6.980276 -0.121840 0.000001 -0.000384 0.000251 -0.000320 -8.535283 2.358025 -11.910014 -3.606950 -20.700953 -8.380466 -42.789711 -0.000003 -0.000003 16.117414 -2.837834 -5.537848 -45.345604 0.000000 0.000000 -60.681923 2.174760 -19.581600 -14.268300 -0.000000 -0.000000 -11.396418 2.091392 -0.494989 -6.981181 0.121853 -0.000003 0.001828 0.000208 -0.000160
0.000000 0.000000 0.000000 0.000000 0.000000 0.000000 -12.759922 106.933464 -11.158581 90.948517 9.593088 -65.003983 5.266023 0.261829 -0.008408 9.085215 -3.461793 2.656575 7.597601 -0.000001 0.000000 -6.530163 3.767289 -0.677602 8.008073 -0.000000 -0.000000 15.638464 1.591499 0.852306 29.519594 -0.802532 0.014094 18.687120 6.296457 -2.360073 8.099053 -0.000000 0.000000 21.919521 13.683151 7.323618 6.860398 0.000000 0.000000 -24.393145 -5.603436 -19.695551 18.447189 0.760179 -0.003674 -0.000969 0.000339 -0.000211 0.200078 3.635073 -0.007852 0.012045 0.165815 0.297116 5.721212 9.287379 3.627303 7.910641 -0.123299 3.342844 5.744883 9.302453 -3.630085 7.944587 -0.125349 -2.495090 25.666941 5.953198 1.744820 -66.527756 -71.389381 84.157700 18.464344 -0.000002 -0.000012 27.263815 -38.744831 -30.583437 29.884953 0.000000 -0.000001 76.478981 6.124685 4.303242 27.413786 0.000000 0.000011 -5.353446 23.758890 -13.966064 2.094321 3.161254 0.799310 13.247139 -28.466681 64.978508 4.501803 -0.000008 -0.000000 -20.885048 -3.611119 16.708565 2.698064 0.000006 -0.000006 -1.555069 -5.972626 -3.347779 3.118652 0.000000 -0.000012 -0.000028 -0.000240 0.000699 3.181590 2.254555 0.120951 4.343986 4.902945 -2.410068 6.175169 -0.000002 0.000011 -4.531957 -41.795967 1.000319 3.387755 -0.000001 -0.000000 6.231448 -21.589699 0.008808 2.120990 0.000003 -0.000000 0.237465 -10.365444 -1.541100 2.529893 0.000000 0.000000 0.000266 0.000032 -0.000340 3.178449 0.924150 -0.397349 -5.593068 0.825406 -1.707537 6.049747 0.000000 -0.000001 2.825286 -36.223053 1.151316 4.242486 -0.000003 0.000000 4.741319 -24.536650 -1.021363 2.731824 -0.000001 0.000012 0.536065 -10.182484 -5.390508 2.041451 0.000003 0.000012 -0.000352 -0.000300 0.000077 2.932182 -0.316448 0.122310 -8.649942 -2.891481 -17.933022 5.821784 -0.000001 -0.000001 -0.527427 -27.844713 19.324867 4.026133 0.000000 0.000000 0.574675 -28.467659 -1.205984 2.442604 0.000002 -0.000012 1.663135 -24.126444 -8.378641 1.785016 0.000000 -0.000025 -0.000687 0.000428 0.000004 2.948916 -1.544389 0.539792 -12.706836 -13.438406 -16.770140 5.112839 -0.000002 0.000011 5.555573 -22.903994 18.442896 2.914518 0.000000 0.000000 1.293106 -28.995020 0.277371 1.632816 -0.000002 0.000000 1.720061 -19.985954 -11.514967 1.817514 -0.000003 -0.000001 -0.000013 -0.000246 -0.000070 25.633276 5.994579 -1.761724 62.282486 -71.738396 134.999741 -18.544613 0.000003 0.000012 19.514856 -48.037025 -9.885789 -29.903347 0.000000 0.000001 51.491825 7.053572 4.107409 -27.414274 0.000012 0.000013 -6.704443 23.894346 -19.158754 -2.094768 -3.163312 -0.799955 6.790132 -37.500385 70.085678 -4.505661 0.000005 0.000000 -27.111071 -2.750356 13.306193 -2.700114 -0.000006 0.000006 -0.642864 -6.032270 1.320304 -3.121519 -0.000000 0.000006 0.000197 0.001195 -0.000102 -3.183331 -2.255512 -0.121331 2.732561 4.125927 0.401121 -6.179836 0.000000 0.000000 -4.615186 -32.051815 1.188273 -3.389430 -0.000001 -0.000012 5.644554 -19.259768 -0.837916 -2.123821 -0.000003 -0.000012 1.552628 -10.106538 0.501610 -2.529789 -0.000000 -0.000001 -0.000666 -0.000504 -0.000181 -3.179951 -0.924413 0.397693 -7.265616 -0.204855 0.545733 -6.054549 -0.000003 -0.000001 2.458260 -29.840342 0.999182 -4.244578 -0.000001 0.000012 5.958937 -22.215317 -1.080475 -2.732867 0.000004 0.000000 1.930349 -9.186522 -4.715627 -2.043405 0.000006 -0.000001 0.000304 -0.000404 0.000275 -2.933434 0.316848 -0.122046 -10.530564 -3.360154 -16.658390 -5.826602 -0.000005 -0.000000 1.782197 -27.324297 19.071972 -4.028100 -0.000000 0.000000 2.256973 -25.066387 -0.939203 -2.443439 -0.000000 0.000000 3.097375 -22.116785 -11.181002 -1.786791 0.000003 0.000011 -0.000508 -0.001144 -0.001121 -2.949983 1.545734 -0.540328 -14.457879 -14.783723 -15.030009 -5.116444 -0.000002 -0.000000 8.127548 -21.774105 19.582104 -2.915901 -0.000000 0.000012 5.723114 -26.176718 -1.194830 -1.633906 0.000001 -0.000012 3.102230 -18.166756 -16.886822 -1.819588 0.000000 -0.000001 0.001602 0.002656 0.000633 -8.517063 2.351946 11.888292 159.435837 -4.777109 -12.909822 42.799587 0.000001 0.000002 36.996517 1.914609 -5.160636 45.345985 0.000001 -0.000007 -91.796562 -5.155462 -1.923544 14.268355 0.000005 0.000000 -14.022939 0.701243 2.895687 6.980276 -0.121840 0.000001 -0.000334 0.000315 -0.000320 -8.535283 2.358025 -11.910014 -3.682690 -20.570049 -8.458904 -42.789711 -0.000003 -0.000003 15.936606 -2.923073 -5.307916 -45.345604 0.000000 0.000000 -60.509434 1.182833 -19.676075 -14.268300 -0.000000 -0.000000 -11.372873 2.124964 -0.193103 -6.981181 0.121853 -0.000003 0.002046 0.000210 -0.000187
0.000000 0.000000 0.000000 0.000000 0.000000 0.000000 -12.628945 106.873466 -10.723198 90.549438 9.779176 -66.233215 5.266023 0.261829 -0.008408 8.680985 -3.533356 2.559456 7.597601 -0.000001 0.000000 -6.430165 3.491730 -0.549914 8.008073 -0.000000 -0.000000 15.717081 1.542998 0.739803 29.519594 -0.802532 0.014094 18.193712 6.166645 -2.395164 8.099053 -0.000000 0.000000 20.057192 13.396041 7.208510 6.860398 0.000000 0.000000 -23.389421 -5.310939 -19.684851 18.447189 0.760179 -0.003674 -0.001003 0.000395 -0.000171 0.200078 3.635073 -0.007852 0.079120 0.216841 0.308320 5.721212 9.287379 3.627303 8.044405 -0.099052 3.357539 5.744883 9.302453 -3.630085 8.076650 -0.101153 -2.480487 25.666941 5.953198 1.744820 -71.831955 -73.831909 88.803551 18.464344 -0.000002 -0.000012 32.881042 -40.032413 -32.026848 29.884953 0.000000 -0.000001 75.054001 6.482498 4.989330 27.413786 0.000000 0.000011 -6.198594 23.605728 -15.555790 2.094321 3.161254 0.799310 12.858278 -27.677767 65.000748 4.501803 -0.000008 -0.000000 -21.026409 -3.640575 16.341436 2.698064 0.000006 -0.000006 -1.677078 -6.180748 -3.098422 3.118652 0.000000 -0.000012 -0.000042 -0.000259 0.000729 3.181590 2.254555 0.120951 4.226539 5.609913 -2.659364 6.175169 -0.000002 0.000011 -3.918485 -41.445759 0.550314 3.387755 -0.000001 -0.000000 6.723908 -21.049623 -0.078230 2.120990 0.000003 -0.000000 0.229315 -10.163463 -1.494307 2.529893 0.000000 0.000000 0.000174 0.000029 -0.000397 3.178449 0.924150 -0.397349 -5.536812 1.117384 -2.012052 6.049747 0.000000 -0.000001 3.401953 -35.434036 0.737846 4.242486 -0.000003 0.000000 5.150930 -23.978580 -1.242760 2.731824 -0.000001 0.000012 0.553961 -9.836910 -5.527426 2.041451 0.000003 0.000012 -0.000402 -0.000248 0.000112 2.932182 -0.316448 0.122310 -8.350449 -2.672525 -18.151886 5.821784 -0.000001 -0.000001 0.176744 -27.140583 19.172003 4.026133 0.000000 0.000000 0.882648 -27.753574 -1.431928 2.442604 0.000002 -0.000012 1.908946 -23.967968 -8.809518 1.785016 0.000000 -0.000025 -0.000739 0.000435 -0.000037 2.948916 -1.544389 0.539792 -11.834678 -13.654705 -17.098797 5.112839 -0.000002 0.000011 5.823755 -21.807470 18.421082 2.914518 0.000000 0.000000 1.327817 -28.329132 0.215332 1.632816 -0.000002 0.000000 1.852476 -19.842402 -11.817239 1.817514 -0.000003 -0.000001 -0.000054 -0.000336 -0.000146 25.633276 5.994579 -1.761724 54.061462 -71.924545 143.118439 -18.544613 0.000003 0.000012 24.457228 -48.758102 -10.622627 -29.903347 0.000000 0.000001 48.609703 7.363122 3.833877 -27.414274 0.000012 0.000013 -6.674125 22.879070 -18.223637 -2.094768 -3.163312 -0.799955 6.088080 -36.899132 70.565567 -4.505661 0.000005 0.000000 -27.139523 -2.680586 13.129273 -2.700114 -0.000006 0.000006 -0.591062 -5.932096 1.302610 -3.121519 -0.000000 0.000006 0.000190 0.001202 -0.000104 -3.183331 -2.255512 -0.121331 2.653340 4.762018 0.389015 -6.179836 0.000000 0.000000 -4.120128 -30.543119 0.743023 -3.389430 -0.000001 -0.000012 5.381550 -17.831007 -0.826666 -2.123821 -0.000003 -0.000012 1.392990 -9.494195 1.427173 -2.529789 -0.000000 -0.000001 -0.000739 -0.000585 -0.000163 -3.179951 -0.924413 0.397693 -7.212305 0.281156 0.380699 -6.054549 -0.000003 -0.000001 2.766343 -27.913261 0.625802 -4.244578 -0.000001 0.000012 5.427990 -20.379154 -1.101861 -2.732867 0.000004 0.000000 1.684576 -8.146848 -4.458911 -2.043405 0.000006 -0.000001 0.000288 -0.000507 0.000307 -2.933434 0.316848 -0.122046 -10.241244 -2.891203 -16.963505 -5.826602 -0.000005 -0.000000 2.351994 -25.179464 18.648788 -4.028100 -0.000000 0.000000 1.746313 -23.166063 -0.846320 -2.443439 -0.000000 0.000000 2.838750 -21.267082 -10.963613 -1.786791 0.000003 0.000011 -0.000500 -0.001173 -0.001114 -2.949983 1.545734 -0.540328 -13.719398 -14.411430 -15.664689 -5.116444 -0.000002 -0.000000 8.159468 -19.473095 19.518980 -2.915901 -0.000000 0.000012 4.687973 -24.695454 -1.065996 -1.633906 0.000001 -0.000012 2.469090 -17.105547 -16.352808 -1.819588 0.000000 -0.000001 0.001776 0.002679 0.000551 -8.517063 2.351946 11.888292 159.491882 -4.025368 -12.504437 42.799587 0.000001 0.000002 36.526577 1.727272 -5.186406 45.345985 0.000001 -0.000007 -92.172729 -5.572182 -1.758356 14.268355 0.000005 0.000000 -13.504224 0.578820 2.857817 6.980276 -0.121840 0.000001 -0.000329 0.000364 -0.000311 -8.535283 2.358025 -11.910014 -4.182002 -20.348963 -8.150474 -42.789711 -0.000003 -0.000003 15.705579 -3.446200 -4.982649 -45.345604 0.000000 0.000000 -61.168568 -0.037718 -19.733192 -14.268300 -0.000000 -0.000000 -11.456433 2.309524 -0.020226 -6.981181 0.121853 -0.000003 0.001893 0.000283 -0.000230
0.000000 0.000000 0.000000 0.000000 0.000000 0.000000 -12.372647 106.803810 -10.195424 89.978783 9.653790 -67.647247 5.266023 0.261829 -0.008408 8.424042 -3.658761 2.512135 7.597601 -0.000001 0.000000 -6.434493 3.416070 -0.328283 8.008073 -0.000000 -0.000000 15.656531 1.420387 0.640507 29.519594 -0.802532 0.014094 18.170471 6.019111 -2.317158 8.099053 -0.000000 0.000000 19.072126 13.202196 7.017601 6.860398 0.000000 0.000000 -22.898872 -4.986008 -19.434456 18.447189 0.760179 -0.003674 -0.001017 0.000446 -0.000191 0.200078 3.635073 -0.007852 0.056570 0.277699 0.338074 5.721212 9.287379 3.627303 8.034497 -0.073929 3.433461 5.744883 9.302453 -3.630085 8.067346 -0.076006 -2.406224 25.666941 5.953198 1.744820 -75.516083 -75.607796 92.006729 18.464344 -0.000002 -0.000012 37.265465 -40.307323 -33.041473 29.884953 0.000000 -0.000001 73.336502 6.841269 5.033350 27.413786 0.000000 0.000011 -6.283175 23.023994 -16.564661 2.094321 3.161254 0.799310 13.518934 -26.764095 64.628769 4.501803 -0.000008 -0.000000 -21.031849 -3.501786 16.424110 2.698064 0.000006 -0.000006 -1.527210 -6.060249 -3.422312 3.118652 0.000000 -0.000012 -0.000005 -0.000256 0.000730 3.181590 2.254555 0.120951 4.277732 6.012143 -2.872412 6.175169 -0.000002 0.000011 -3.517195 -40.156345 0.335171 3.387755 -0.000001 -0.000000 6.329724 -19.990402 -0.100862 2.120990 0.000003 -0.000000 0.298965 -9.519157 -0.926139 2.529893 0.000000 0.000000 0.000117 -0.000021 -0.000419 3.178449 0.924150 -0.397349 -5.432500 1.220994 -2.225548 6.049747 0.000000 -0.000001 3.599179 -33.991909 0.539893 4.242486 -0.000003 0.000000 4.708337 -22.714613 -1.295187 2.731824 -0.000001 0.000012 0.499852 -9.059340 -4.984091 2.041451 0.000003 0.000012 -0.000386 -0.000196 0.000164 2.932182 -0.316448 0.122310 -8.145502 -2.684093 -18.264700 5.821784 -0.000001 -0.000001 0.727945 -25.940269 18.978891 4.026133 0.000000 0.000000 0.844832 -26.231092 -1.486498 2.442604 0.000002 -0.000012 1.807559 -22.998001 -8.551887 1.785016 0.000000 -0.000025 -0.000716 0.000478 -0.000094 2.948916 -1.544389 0.539792 -11.448777 -13.977162 -17.292850 5.112839 -0.000002 0.000011 6.268579 -20.281654 18.268438 2.914518 0.000000 0.000000 1.204941 -26.909081 0.187158 1.632816 -0.000002 0.000000 1.603989 -18.781340 -11.554838 1.817514 -0.000003 -0.000001 -0.000069 -0.000361 -0.000220 25.633276 5.994579 -1.761724 49.435417 -72.159386 147.919662 -18.544613 0.000003 0.000012 28.166727 -49.458485 -11.600749 -29.903347 0.000000 0.000001 47.498463 7.692706 3.680865 -27.414274 0.000012 0.000013 -7.026943 22.121159 -17.393700 -2.094768 -3.163312 -0.799955 6.422034 -36.577076 70.442024 -4.505661 0.000005 0.000000 -27.160067 -2.544931 13.336247 -2.700114 -0.000006 0.000006 -0.568303 -5.913846 1.119332 -3.121519 -0.000000 0.000006 0.000165 0.001198 -0.000085 -3.183331 -2.255512 -0.121331 2.434205 4.830880 0.417694 -6.179836 0.000000 0.000000 -3.894334 -29.220362 0.541687 -3.389430 -0.000001 -0.000012 4.934077 -16.653587 -0.727582 -2.123821 -0.000003 -0.000012 1.363039 -8.829351 1.853902 -2.529789 -0.000000 -0.000001 -0.000774 -0.000640 -0.000140 -3.179951 -0.924413 0.397693 -7.387751 0.298455 0.396785 -6.054549 -0.000003 -0.000001 2.908511 -26.424471 0.518269 -4.244578 -0.000001 0.000012 4.763291 -19.055475 -1.087133 -2.732867 0.000004 0.000000 1.501132 -7.309978 -3.889387 -2.043405 0.000006 -0.000001 0.000309 -0.000589 0.000294 -2.933434 0.316848 -0.122046 -10.270251 -2.854645 -17.015875 -5.826602 -0.000005 -0.000000 2.613215 -23.806654 18.441690 -4.028100 -0.000000 0.000000 1.126405 -21.639946 -0.704978 -2.443439 -0.000000 0.000000 2.416015 -20.292870 -10.249550 -1.786791 0.000003 0.000011 -0.000436 -0.001159 -0.001110 -2.949983 1.545734 -0.540328 -13.610138 -14.405801 -15.769729 -5.116444 -0.000002 -0.000000 8.292394 -17.994383 19.381279 -2.915901 -0.000000 0.000012 3.648757 -23.544825 -0.901091 -1.633906 0.000001 -0.000012 1.835845 -16.016586 -15.350508 -1.819588 0.000000 -0.000001 0.001965 0.002742 0.000487 -8.517063 2.351946 11.888292 159.630447 -3.582566 -12.298212 42.799587 0.000001 0.000002 36.507687 1.771187 -4.976060 45.345985 0.000001 -0.000007 -92.525154 -5.702028 -1.789164 14.268355 0.000005 0.000000 -12.873371 0.642546 2.741508 6.980276 -0.121840 0.000001 -0.000262 0.000431 -0.000359 -8.535283 2.358025 -11.910014 -4.561524 -20.194620 -8.083731 -42.789711 -0.000003 -0.000003 15.734039 -3.887384 -4.577668 -45.345604 0.000000 0.000000 -62.081215 -1.475774 -19.629358 -14.268300 -0.000000 -0.000000 -11.453447 2.296460 0.090726 -6.981181 0.121853 -0.000003 0.001771 0.000353 -0.000257
0.000000 0.000000 0.000000 0.000000 0.000000 0.000000 -11.998044 106.521866 -9.580156 89.454720 9.562574 -69.535667 5.266023 0.261829 -0.008408 7.841505 -3.579644 2.388350 7.597601 -0.000001 0.000000 -6.312775 2.984364 0.005310 8.008073 -0.000000 -0.000000 15.709737 1.187995 0.457573 29.519594 -0.802532 0.014094 17.935678 5.892134 -2.373108 8.099053 -0.000000 0.000000 18.013838 12.881660 6.973727 6.860398 0.000000 0.000000 -22.014463 -4.787342 -19.787968 18.447189 0.760179 -0.003674 -0.001040 0.000438 -0.000178 0.200078 3.635073 -0.007852 0.143259 0.276546 0.314329 5.721212 9.287379 3.627303 7.704617 -0.046755 3.479778 5.744883 9.302453 -3.630085 7.740684 -0.048803 -2.361220 25.666941 5.953198 1.744820 -82.915794 -77.931145 98.760269 18.464344 -0.000002 -0.000012 42.613510 -40.130272 -33.285042 29.884953 0.000000 -0.000001 69.672981 6.808684 4.949118 27.413786 0.000000 0.000011 -6.152383 22.950260 -17.542452 2.094321 3.161254 0.799310 14.146070 -25.996141 64.576759 4.501803 -0.000008 -0.000000 -20.827023 -3.406039 16.480631 2.698064 0.000006 -0.000006 -1.384757 -5.640829 -3.757303 3.118652 0.000000 -0.000012 0.000013 -0.000334 0.000706 3.181590 2.254555 0.120951 4.477036 6.312350 -3.048022 6.175169 -0.000002 0.000011 -2.876490 -37.908714 0.051671 3.387755 -0.000001 -0.000000 6.203721 -18.734535 -0.265864 2.120990 0.000003 -0.000000 0.388666 -8.774990 -0.556016 2.529893 0.000000 0.000000 0.000047 0.000032 -0.000431 3.178449 0.924150 -0.397349 -5.123178 1.189683 -2.569247 6.049747 0.000000 -0.000001 3.903812 -31.543848 0.299344 4.242486 -0.000003 0.000000 4.579080 -21.184250 -1.488529 2.731824 -0.000001 0.000012 0.478317 -8.196028 -4.597684 2.041451 0.000003 0.000012 -0.000389 -0.000159 0.000226 2.932182 -0.316448 0.122310 -7.744679 -2.759218 -18.772646 5.821784 -0.000001 -0.000001 1.526966 -24.056915 18.613306 4.026133 0.000000 0.000000 0.920338 -24.454222 -1.656495 2.442604 0.000002 -0.000012 1.729863 -21.860430 -8.423842 1.785016 0.000000 -0.000025 -0.000719 0.000521 -0.000092 2.948916 -1.544389 0.539792 -10.675018 -14.279725 -17.819715 5.112839 -0.000002 0.000011 6.712645 -18.310427 17.921803 2.914518 0.000000 0.000000 1.159575 -25.081244 0.092734 1.632816 -0.000002 0.000000 1.412278 -17.573889 -11.449709 1.817514 -0.000003 -0.000001 -0.000071 -0.000343 -0.000279 25.633276 5.994579 -1.761724 42.257259 -72.086662 155.101196 -18.544613 0.000003 0.000012 34.088406 -49.801048 -12.638096 -29.903347 0.000000 0.000001 45.883434 7.493074 3.214570 -27.414274 0.000012 0.000013 -5.970680 21.544670 -15.703353 -2.094768 -3.163312 -0.799955 6.905946 -36.082348 70.306892 -4.505661 0.000005 0.000000 -26.791471 -2.466619 13.570730 -2.700114 -0.000006 0.000006 -0.514362 -5.531090 0.972875 -3.121519 -0.000000 0.000006 0.000139 0.001237 -0.000057 -3.183331 -2.255512 -0.121331 2.606135 4.797190 0.405268 -6.179836 0.000000 0.000000 -3.521448 -26.714989 0.184412 -3.389430 -0.000001 -0.000012 4.314817 -14.873348 -0.606390 -2.123821 -0.000003 -0.000012 1.237675 -7.689207 2.151109 -2.529789 -0.000000 -0.000001 -0.000748 -0.000643 -0.000131 -3.179951 -0.924413 0.397693 -7.215047 0.340357 0.154075 -6.054549 -0.000003 -0.000001 3.210706 -23.779690 0.269906 -4.244578 -0.000001 0.000012 4.005210 -17.136221 -1.021184 -2.732867 0.000004 0.000000 1.228510 -6.131124 -3.449784 -2.043405 0.000006 -0.000001 0.000322 -0.000588 0.000302 -2.933434 0.316848 -0.122046 -9.875915 -2.792858 -17.396034 -5.826602 -0.000005 -0.000000 3.041227 -21.250952 18.054394 -4.028100 -0.000000 0.000000 0.612164 -19.500002 -0.567235 -2.443439 -0.000000 0.000000 2.029042 -19.053974 -9.660175 -1.786791 0.000003 0.000011 -0.000583 -0.001139 -0.001117 -2.949983 1.545734 -0.540328 -13.040761 -14.160758 -16.505386 -5.116444 -0.000002 -0.000000 8.505355 -15.560172 19.302849 -2.915901 -0.000000 0.000012 2.567483 -21.892208 -0.786121 -1.633906 0.000001 -0.000012 1.206311 -14.694185 -14.399648 -1.819588 0.000000 -0.000001 0.001960 0.002738 0.000445 -8.517063 2.351946 11.888292 159.304001 -3.225948 -12.146291 42.799587 0.000001 0.000002 37.236996 1.575073 -5.063039 45.345985 0.000001 -0.000007 -93.120872 -6.438304 -1.645378 14.268355 0.000005 0.000000 -12.160426 0.600099 2.531554 6.980276 -0.121840 0.000001 -0.000233 0.000423 -0.000347 -8.535283 2.358025 -11.910014 -5.393273 -20.136421 -7.574289 -42.789711 -0.000003 -0.000003 16.204952 -4.062591 -4.271084 -45.345604 0.000000 0.000000 -63.011604 -2.539308 -19.831659 -14.268300 -0.000000 -0.000000 -11.530176 2.400868 0.194112 -6.981181 0.121853 -0.000003 0.001666 0.000432 -0.000303
0.000000 0.000000 0.000000 0.000000 0.000000 0.000000 -11.525115 106.160561 -8.899036 88.680290 8.850142 -71.663216 5.266023 0.261829 -0.008408 7.154417 -3.435642 2.365438 7.597601 -0.000001 0.000000 -6.180034 2.530480 0.272223 8.008073 -0.000000 -0.000000 15.819286 0.857879 0.178148 29.519594 -0.802532 0.014094 18.099850 5.907319 -2.301376 8.099053 -0.000000 0.000000 17.781240 12.264541 7.022579 6.860398 0.000000 0.000000 -21.338741 -4.341455 -19.329113 18.447189 0.760179 -0.003674 -0.001026 0.000400 -0.000095 0.200078 3.635073 -0.007852 0.069483 0.209305 0.296129 5.721212 9.287379 3.627303 7.199348 -0.024145 3.488406 5.744883 9.302453 -3.630085 7.235726 -0.026077 -2.354959 25.666941 5.953198 1.744820 -90.295860 -80.093376 105.744347 18.464344 -0.000002 -0.000012 47.489834 -40.073540 -33.275261 29.884953 0.000000 -0.000001 65.378433 7.106576 4.862947 27.413786 0.000000 0.000011 -7.159652 21.089664 -18.975603 2.094321 3.161254 0.799310 14.271728 -25.367699 64.796097 4.501803 -0.000008 -0.000000 -20.748575 -3.589038 16.821121 2.698064 0.000006 -0.000006 -1.052040 -5.171311 -4.349347 3.118652 0.000000 -0.000012 -0.000019 -0.000430 0.000715 3.181590 2.254555 0.120951 3.945321 6.081419 -2.894331 6.175169 -0.000002 0.000011 -2.705409 -34.891235 0.100418 3.387755 -0.000001 -0.000000 5.158788 -16.726271 -0.300285 2.120990 0.000003 -0.000000 0.534155 -7.759141 0.515266 2.529893 0.000000 0.000000 -0.000026 0.000115 -0.000462 3.178449 0.924150 -0.397349 -5.510482 0.806870 -2.491271 6.049747 0.000000 -0.000001 3.583629 -28.777966 0.488085 4.242486 -0.000003 0.000000 3.571209 -18.845215 -1.465002 2.731824 -0.000001 0.000012 0.418527 -6.965196 -3.433120 2.041451 0.000003 0.000012 -0.000419 -0.000147 0.000241 2.932182 -0.316448 0.122310 -8.140212 -3.166875 -18.671856 5.821784 -0.000001 -0.000001 1.938818 -21.951307 18.495104 4.026133 0.000000 0.000000 0.540121 -21.915594 -1.590981 2.442604 0.000002 -0.000012 1.398941 -20.039467 -7.681370 1.785016 0.000000 -0.000025 -0.000752 0.000517 -0.000034 2.948916 -1.544389 0.539792 -11.000282 -14.687081 -17.532425 5.112839 -0.000002 0.000011 6.986589 -16.392149 17.804144 2.914518 0.000000 0.000000 0.797487 -22.670578 0.095506 1.632816 -0.000002 0.000000 0.943771 -15.601755 -10.756476 1.817514 -0.000003 -0.000001 -0.000068 -0.000324 -0.000243 25.633276 5.994579 -1.761724 37.591663 -72.894135 159.889481 -18.544613 0.000003 0.000012 41.291096 -50.337372 -14.830487 -29.903347 0.000000 0.000001 45.316162 7.071246 2.877753 -27.414274 0.000012 0.000013 -6.241286 20.783712 -14.575951 -2.094768 -3.163312 -0.799955 7.456346 -35.350853 70.264015 -4.505661 0.000005 0.000000 -26.565916 -2.384865 14.090055 -2.700114 -0.000006 0.000006 -0.475949 -5.229544 0.661698 -3.121519 -0.000000 0.000006 0.000160 0.001236 -0.000060 -3.183331 -2.255512 -0.121331 2.314961 4.698687 0.478605 -6.179836 0.000000 0.000000 -3.420202 -24.055695 0.002992 -3.389430 -0.000001 -0.000012 3.605202 -12.709872 -0.400193 -2.123821 -0.000003 -0.000012 1.278483 -6.444999 2.302808 -2.529789 -0.000000 -0.000001 -0.000670 -0.000563 -0.000163 -3.179951 -0.924413 0.397693 -7.435585 0.308826 0.069400 -6.054549 -0.000003 -0.000001 3.432673 -20.980440 0.258517 -4.244578 -0.000001 0.000012 3.144987 -14.978885 -0.944087 -2.732867 0.000004 0.000000 1.011245 -4.874918 -2.642563 -2.043405 0.000006 -0.000001 0.000347 -0.000488 0.000322 -2.933434 0.316848 -0.122046 -9.877045 -2.769053 -17.595394 -5.826602 -0.000005 -0.000000 3.569203 -18.786608 17.752253 -4.028100 -0.000000 0.000000 -0.047008 -17.094540 -0.386639 -2.443439 -0.000000 0.000000 1.563854 -17.484158 -8.730950 -1.786791 0.000003 0.000011 -0.000624 -0.001122 -0.001125 -2.949983 1.545734 -0.540328 -12.898815 -13.891953 -17.082878 -5.116444 -0.000002 -0.000000 8.887940 -13.198406 19.163006 -2.915901 -0.000000 0.000012 1.335660 -19.934687 -0.600622 -1.633906 0.000001 -0.000012 0.519540 -13.034917 -12.978589 -1.819588 0.000000 -0.000001 0.002077 0.002784 0.000463 -8.517063 2.351946 11.888292 159.128754 -3.076265 -12.144913 42.799587 0.000001 0.000002 38.909782 1.388604 -5.487478 45.345985 0.000001 -0.000007 -93.848915 -7.114355 -1.572786 14.268355 0.000005 0.000000 -11.104444 0.601310 2.376294 6.980276 -0.121840 0.000001 -0.000231 0.000388 -0.000320 -8.535283 2.358025 -11.910014 -6.071374 -20.097139 -7.359418 -42.789711 -0.000003 -0.000003 17.373209 -4.248477 -4.080609 -45.345604 0.000000 0.000000 -64.535034 -3.671442 -19.544601 -14.268300 -0.000000 -0.000000 -11.224375 2.413346 0.396025 -6.981181 0.121853 -0.000003 0.001525 0.000454 -0.000363
0.000000 0.000000 0.000000 0.000000 0.000000 0.000000 -10.981172 105.953911 -8.192074 88.222916 7.906080 -73.823448 5.266023 0.261829 -0.008408 6.489954 -3.230880 2.319376 7.597601 -0.000001 0.000000 -6.020706 2.208023 0.509274 8.008073 -0.000000 -0.000000 15.895050 0.463045 -0.001023 29.519594 -0.802532 0.014094 18.490021 6.175480 -2.487675 8.099053 -0.000000 0.000000 17.795851 11.823950 7.112615 6.860398 0.000000 0.000000 -21.057005 -3.967883 -19.096422 18.447189 0.760179 -0.003674 -0.000923 0.000353 -0.000114 0.200078 3.635073 -0.007852 0.075771 0.169733 0.236125 5.721212 9.287379 3.627303 6.872619 0.005335 3.483836 5.744883 9.302453 -3.630085 6.912852 0.003569 -2.363180 25.666941 5.953198 1.744820 -96.758949 -81.448143 112.221703 18.464344 -0.000002 -0.000012 51.678307 -40.168549 -31.913689 29.884953 0.000000 -0.000001 62.378464 6.383563 4.402343 27.413786 0.000000 0.000011 -6.662066 19.599421 -16.688881 2.094321 3.161254 0.799310 15.682653 -24.042873 64.983742 4.501803 -0.000008 -0.000000 -20.372528 -3.494430 17.737104 2.698064 0.000006 -0.000006 -0.402165 -3.936758 -5.851882 3.118652 0.000000 -0.000012 0.000044 -0.000410 0.000684 3.181590 2.254555 0.120951 3.893858 5.654290 -2.560576 6.175169 -0.000002 0.000011 -2.625035 -29.165344 0.188358 3.387755 -0.000001 -0.000000 3.461117 -14.015189 -0.368123 2.120990 0.000003 -0.000000 0.701786 -6.621262 1.708337 2.529893 0.000000 0.000000 0.000022 0.000092 -0.000441 3.178449 0.924150 -0.397349 -5.674032 0.390872 -2.461981 6.049747 0.000000 -0.000001 2.953117 -23.956182 0.691324 4.242486 -0.000003 0.000000 1.965760 -15.795627 -1.394150 2.731824 -0.000001 0.000012 0.343376 -5.831670 -1.778443 2.041451 0.000003 0.000012 -0.000357 -0.000145 0.000241 2.932182 -0.316448 0.122310 -8.508353 -3.624921 -18.630056 5.821784 -0.000001 -0.000001 2.444273 -18.350758 18.095325 4.026133 0.000000 0.000000 -0.191537 -18.720108 -1.388993 2.442604 0.000002 -0.000012 0.843779 -17.854284 -6.352641 1.785016 0.000000 -0.000025 -0.000729 0.000544 -0.000016 2.948916 -1.544389 0.539792 -11.555337 -14.998105 -17.264780 5.112839 -0.000002 0.000011 7.380723 -13.100662 17.544104 2.914518 0.000000 0.000000 0.131862 -19.595356 0.136497 1.632816 -0.000002 0.000000 0.382207 -13.337909 -9.500383 1.817514 -0.000003 -0.000001 -0.000041 -0.000297 -0.000158 25.633276 5.994579 -1.761724 35.341244 -73.639114 162.514938 -18.544613 0.000003 0.000012 48.943962 -50.567501 -17.657896 -29.903347 0.000000 0.000001 46.965683 6.556518 2.786095 -27.414274 0.000012 0.000013 -6.257152 20.294834 -11.908412 -2.094768 -3.163312 -0.799955 9.205183 -34.710712 69.837196 -4.505661 0.000005 0.000000 -25.752584 -2.264760 15.042233 -2.700114 -0.000006 0.000006 -0.422462 -4.417749 0.101876 -3.121519 -0.000000 0.000006 0.000199 0.001127 -0.000102 -3.183331 -2.255512 -0.121331 2.351867 3.947297 0.766046 -6.179836 0.000000 0.000000 -3.461608 -20.398113 0.011338 -3.389430 -0.000001 -0.000012 2.910880 -10.742305 -0.238359 -2.123821 -0.000003 -0.000012 1.179718 -5.677166 1.359446 -2.529789 -0.000000 -0.000001 -0.000569 -0.000458 -0.000199 -3.179951 -0.924413 0.397693 -7.522525 -0.091141 0.185887 -6.054549 -0.000003 -0.000001 3.414125 -17.495155 0.448742 -4.244578 -0.000001 0.000012 2.387515 -13.128581 -0.810797 -2.732867 0.000004 0.000000 0.806314 -4.343861 -1.987491 -2.043405 0.000006 -0.000001 0.000467 -0.000357 0.000261 -2.933434 0.316848 -0.122046 -9.912126 -3.103561 -17.516760 -5.826602 -0.000005 -0.000000 3.817653 -15.793117 17.617884 -4.028100 -0.000000 0.000000 -0.384197 -14.956993 -0.242552 -2.443439 -0.000000 0.000000 1.132782 -16.167933 -7.808029 -1.786791 0.000003 0.000011 -0.000251 -0.000906 -0.001087 -2.949983 1.545734 -0.540328 -13.227444 -13.724522 -17.148809 -5.116444 -0.000002 -0.000000 9.227610 -10.600286 19.061810 -2.915901 -0.000000 0.000012 0.564410 -17.993122 -0.416170 -1.633906 0.000001 -0.000012 0.040096 -11.698768 -11.433189 -1.819588 0.000000 -0.000001 0.002530 0.003133 0.000545 -8.517063 2.351946 11.888292 159.211044 -3.067644 -11.820589 42.799587 0.000001 0.000002 40.159134 1.003026 -5.761982 45.345985 0.000001 -0.000007 -94.165970 -7.829804 -1.804723 14.268355 0.000005 0.000000 -10.655064 0.600766 2.161969 6.980276 -0.121840 0.000001 -0.000230 0.000388 -0.000366 -8.535283 2.358025 -11.910014 -6.489129 -19.787291 -7.295992 -42.789711 -0.000003 -0.000003 18.084515 -4.036793 -4.259000 -45.345604 0.000000 0.000000 -65.321892 -4.752485 -19.235519 -14.268300 -0.000000 -0.000000 -10.786998 2.520289 0.475999 -6.981181 0.121853 -0.000003 0.001010 0.000419 -0.000344
0.000000 0.000000 0.000000 0.000000 0.000000 0.000000 -10.393713 105.859200 -7.513007 87.907684 6.704651 -74.899818 5.266023 0.261829 -0.008408 5.711700 -3.046021 2.344232 7.597601 -0.000001 0.000000 -5.849844 1.999059 0.556666 8.008073 -0.000000 -0.000000 16.225229 -0.004941 -0.064030 29.519594 -0.802532 0.014094 19.210812 6.429142 -2.349667 8.099053 -0.000000 0.000000 18.142225 11.459472 7.167795 6.860398 0.000000 0.000000 -21.333904 -3.498995 -18.100794 18.447189 0.760179 -0.003674 -0.000851 0.000280 -0.000094 0.200078 3.635073 -0.007852 0.096479 0.132487 0.172870 5.721212 9.287379 3.627303 6.822165 0.019842 3.404107 5.744883 9.302453 -3.630085 6.863467 0.018329 -2.446582 25.666941 5.953198 1.744820 -98.520798 -82.516876 114.204559 18.464344 -0.000002 -0.000012 55.957634 -41.004677 -30.758020 29.884953 0.000000 -0.000001 59.832066 5.824621 4.118710 27.413786 0.000000 0.000011 -7.024483 17.128054 -13.786907 2.094321 3.161254 0.799310 16.296003 -23.459681 65.258522 4.501803 -0.000008 -0.000000 -20.016142 -3.608363 18.341747 2.698064 0.000006 -0.000006 0.058560 -3.430135 -6.611803 3.118652 0.000000 -0.000012 0.000086 -0.000389 0.000698 3.181590 2.254555 0.120951 3.807652 4.990584 -2.159949 6.175169 -0.000002 0.000011 -2.716126 -26.001951 0.266546 3.387755 -0.000001 -0.000000 2.114523 -12.460909 -0.395690 2.120990 0.000003 -0.000000 0.881115 -6.156694 2.786009 2.529893 0.000000 0.000000 0.000008 0.000087 -0.000471 3.178449 0.924150 -0.397349 -5.878608 -0.205463 -2.177813 6.049747 0.000000 -0.000001 2.345372 -21.490562 0.987297 4.242486 -0.000003 0.000000 0.763913 -13.991219 -1.200145 2.731824 -0.000001 0.000012 0.379168 -5.235131 -0.488627 2.041451 0.000003 0.000012 -0.000284 -0.000139 0.000225 2.932182 -0.316448 0.122310 -8.980561 -4.239598 -18.205074 5.821784 -0.000001 -0.000001 2.550628 -16.469042 18.049124 4.026133 0.000000 0.000000 -0.709841 -16.746881 -1.133454 2.442604 0.000002 -0.000012 0.566887 -16.557930 -5.480436 1.785016 0.000000 -0.000025 -0.000689 0.000549 0.000038 2.948916 -1.544389 0.539792 -12.425045 -15.437037 -16.583279 5.112839 -0.000002 0.000011 7.656917 -11.457921 17.681746 2.914518 0.000000 0.000000 -0.370487 -17.723213 0.232174 1.632816 -0.000002 0.000000 0.076878 -11.920198 -8.625917 1.817514 -0.000003 -0.000001 -0.000011 -0.000289 -0.000033 25.633276 5.994579 -1.761724 35.921345 -75.125175 162.346664 -18.544613 0.000003 0.000012 56.473152 -50.500565 -21.241468 -29.903347 0.000000 0.000001 50.280777 5.930450 2.984270 -27.414274 0.000012 0.000013 -6.947994 19.089350 -10.251986 -2.094768 -3.163312 -0.799955 10.634259 -34.244743 69.554909 -4.505661 0.000005 0.000000 -25.292374 -2.171156 15.693622 -2.700114 -0.000006 0.000006 -0.415686 -4.153446 -0.243694 -3.121519 -0.000000 0.000006 0.000238 0.001045 -0.000131 -3.183331 -2.255512 -0.121331 2.514928 3.637162 0.902944 -6.179836 0.000000 0.000000 -3.485557 -18.205328 -0.075267 -3.389430 -0.000001 -0.000012 2.431304 -9.291730 -0.169733 -2.123821 -0.000003 -0.000012 1.187010 -5.243295 1.062302 -2.529789 -0.000000 -0.000001 -0.000432 -0.000322 -0.000220 -3.179951 -0.924413 0.397693 -7.504385 -0.255726 0.233554 -6.054549 -0.000003 -0.000001 3.406046 -15.352743 0.562680 -4.244578 -0.000001 0.000012 1.790801 -11.746701 -0.678158 -2.732867 0.000004 0.000000 0.706651 -3.954967 -1.404826 -2.043405 0.000006 -0.000001 0.000562 -0.000210 0.000203 -2.933434 0.316848 -0.122046 -9.946568 -3.279347 -17.429487 -5.826602 -0.000005 -0.000000 4.145142 -13.851167 17.530575 -4.028100 -0.000000 0.000000 -0.605509 -13.450696 -0.122560 -2.443439 -0.000000 0.000000 0.869813 -15.290351 -7.203376 -1.786791 0.000003 0.000011 0.000012 -0.000755 -0.001072 -2.949983 1.545734 -0.540328 -13.554235 -13.611051 -17.035709 -5.116444 -0.000002 -0.000000 9.592466 -9.063331 18.852518 -2.915901 -0.000000 0.000012 -0.047497 -16.507425 -0.236436 -1.633906 0.000001 -0.000012 -0.272201 -10.686274 -10.390280 -1.819588 0.000000 -0.000001 0.002818 0.003381 0.000605 -8.517063 2.351946 11.888292 159.503967 -3.367263 -11.710987 42.799587 0.000001 0.000002 41.240025 0.739577 -5.981129 45.345985 0.000001 -0.000007 -94.166336 -8.265742 -2.232163 14.268355 0.000005 0.000000 -10.176432 0.644781 2.035371 6.980276 -0.121840 0.000001 -0.000210 0.000398 -0.000423 -8.535283 2.358025 -11.910014 -6.876760 -19.368484 -7.119344 -42.789711 -0.000003 -0.000003 19.694309 -3.864949 -4.178518 -45.345604 0.000000 0.000000 -65.814156 -5.406086 -18.584906 -14.268300 -0.000000 -0.000000 -10.470669 2.634548 0.421416 -6.981181 0.121853 -0.000003 0.000697 0.000360 -0.000335
0.000000 0.000000 0.000000 0.000000 0.000000 0.000000 -9.785078 105.780792 -6.919840 87.720184 5.778139 -76.067810 5.266023 0.261829 -0.008408 5.291971 -2.956208 1.910228 7.597601 -0.000001 0.000000 -5.709438 1.800867 0.889001 8.008073 -0.000000 -0.000000 16.344984 -0.364650 -0.120769 29.519594 -0.802532 0.014094 19.583363 6.561073 -2.210485 8.099053 -0.000000 0.000000 18.349146 11.088093 7.100465 6.860398 0.000000 0.000000 -21.513479 -3.155078 -17.283802 18.447189 0.760179 -0.003674 -0.000685 0.000328 -0.000107 0.200078 3.635073 -0.007852 0.142168 0.038496 0.130911 5.721212 9.287379 3.627303 6.806431 0.035463 3.342411 5.744883 9.302453 -3.630085 6.855836 0.034648 -2.514049 25.666941 5.953198 1.744820 -97.717216 -83.159843 113.712486 18.464344 -0.000002 -0.000012 59.520363 -42.350784 -29.988331 29.884953 0.000000 -0.000001 60.404465 5.175312 3.921314 27.413786 0.000000 0.000011 -7.076244 16.623899 -13.142338 2.094321 3.161254 0.799310 17.157288 -22.495447 65.462601 4.501803 -0.000008 -0.000000 -19.705034 -3.375425 18.813524 2.698064 0.000006 -0.000006 0.376217 -2.777693 -7.482193 3.118652 0.000000 -0.000012 0.000180 -0.000439 0.000775 3.181590 2.254555 0.120951 4.122027 4.928355 -1.947980 6.175169 -0.000002 0.000011 -2.256367 -24.007120 0.195442 3.387755 -0.000001 -0.000000 1.753146 -11.828133 -0.544820 2.120990 0.000003 -0.000000 0.992663 -6.160917 2.966671 2.529893 0.000000 0.000000 -0.000001 0.000061 -0.000550 3.178449 0.924150 -0.397349 -5.722267 -0.308204 -2.196261 6.049747 0.000000 -0.000001 2.584298 -19.869707 1.120975 4.242486 -0.000003 0.000000 0.502203 -13.133498 -1.244786 2.731824 -0.000001 0.000012 0.472589 -5.252665 -0.031933 2.041451 0.000003 0.000012 -0.000219 -0.000085 0.000341 2.932182 -0.316448 0.122310 -8.895473 -4.416431 -18.233597 5.821784 -0.000001 -0.000001 2.926078 -15.315329 17.954266 4.026133 0.000000 0.000000 -0.682359 -15.688860 -1.122716 2.442604 0.000002 -0.000012 0.508312 -16.154354 -5.181419 1.785016 0.000000 -0.000025 -0.000715 0.000666 -0.000019 2.948916 -1.544389 0.539792 -12.534050 -15.595009 -16.455914 5.112839 -0.000002 0.000011 8.106158 -10.356938 17.648441 2.914518 0.000000 0.000000 -0.437634 -16.659401 0.181085 1.632816 -0.000002 0.000000 0.104509 -11.507394 -8.245860 1.817514 -0.000003 -0.000001 -0.000071 -0.000332 0.000015 25.633276 5.994579 -1.761724 37.934135 -76.036095 160.808823 -18.544613 0.000003 0.000012 62.459423 -49.710438 -24.186764 -29.903347 0.000000 0.000001 55.071651 5.213487 3.543301 -27.414274 0.000012 0.000013 -7.851314 17.654423 -9.842013 -2.094768 -3.163312 -0.799955 11.467031 -33.889576 69.483551 -4.505661 0.000005 0.000000 -24.699181 -2.184223 16.050943 -2.700114 -0.000006 0.000006 -0.399775 -3.751926 -0.543616 -3.121519 -0.000000 0.000006 0.000432 0.000804 -0.000250 -3.183331 -2.255512 -0.121331 2.468812 3.180326 1.039767 -6.179836 0.000000 0.000000 -3.489259 -16.559757 -0.065011 -3.389430 -0.000001 -0.000012 2.144492 -8.295582 -0.126510 -2.123821 -0.000003 -0.000012 1.099524 -5.199743 0.586166 -2.529789 -0.000000 -0.000001 -0.000409 -0.000255 -0.000347 -3.179951 -0.924413 0.397693 -7.724420 -0.598329 0.401219 -6.054549 -0.000003 -0.000001 3.388214 -13.873718 0.690087 -4.244578 -0.000001 0.000012 1.457595 -10.730434 -0.559564 -2.732867 0.000004 0.000000 0.572646 -3.927551 -1.176746 -2.043405 0.000006 -0.000001 0.000785 -0.000024 0.000105 -2.933434 0.316848 -0.122046 -10.122128 -3.695784 -17.196003 -5.826602 -0.000005 -0.000000 4.166748 -12.397404 17.669861 -4.028100 -0.000000 0.000000 -0.496751 -12.371540 -0.108500 -2.443439 -0.000000 0.000000 0.749903 -14.923163 -6.982597 -1.786791 0.000003 0.000011 0.000938 -0.000368 -0.000909 -2.949983 1.545734 -0.540328 -13.994112 -13.854356 -16.606127 -5.116444 -0.000002 -0.000000 9.703515 -8.031825 18.741816 -2.915901 -0.000000 0.000012 -0.212858 -15.370906 -0.157928 -1.633906 0.000001 -0.000012 -0.403808 -10.193990 -9.791597 -1.819588 0.000000 -0.000001 0.003639 0.004035 0.000728 -8.517063 2.351946 11.888292 159.852005 -3.795562 -11.747808 42.799587 0.000001 0.000002 41.838665 0.600480 -6.072179 45.345985 0.000001 -0.000007 -94.283279 -8.582699 -2.669656 14.268355 0.000005 0.000000 -9.862085 0.677642 1.852221 6.980276 -0.121840 0.000001 -0.000237 0.000507 -0.000540 -8.535283 2.358025 -11.910014 -7.780764 -19.119276 -7.282049 -42.789711 -0.000003 -0.000003 21.480644 -3.691749 -4.041213 -45.345604 0.000000 0.000000 -66.545547 -5.869963 -18.051920 -14.268300 -0.000000 -0.000000 -10.230102 2.734921 0.364488 -6.981181 0.121853 -0.000003 -0.000182 0.000489 -0.000393
0.000000 0.000000 0.000000 0.000000 0.000000 0.000000 -9.171236 105.684128 -6.463970 87.613434 5.357894 -77.342682 5.266023 0.261829 -0.008408 5.133751 -2.862380 1.454533 7.597601 -0.000001 0.000000 -5.557213 1.530498 1.268733 8.008073 -0.000000 -0.000000 16.251690 -0.792636 -0.207433 29.519594 -0.802532 0.014094 19.861919 6.645059 -2.023054 8.099053 -0.000000 0.000000 18.665319 10.484416 7.018037 6.860398 0.000000 0.000000 -21.919592 -2.691891 -16.590782 18.447189 0.760179 -0.003674 -0.000749 0.000326 -0.000112 0.200078 3.635073 -0.007852 0.130108 -0.072488 0.100657 5.721212 9.287379 3.627303 6.808207 0.030572 3.305878 5.744883 9.302453 -3.630085 6.859121 0.029732 -2.549783 25.666941 5.953198 1.744820 -97.846840 -83.455696 114.180435 18.464344 -0.000002 -0.000012 61.969101 -43.594429 -29.397257 29.884953 0.000000 -0.000001 63.129093 4.555618 4.094099 27.413786 0.000000 0.000011 -6.771671 16.642406 -12.374152 2.094321 3.161254 0.799310 17.761131 -22.339045 65.469574 4.501803 -0.000008 -0.000000 -19.523184 -3.178807 19.051765 2.698064 0.000006 -0.000006 0.547225 -2.284873 -7.897347 3.118652 0.000000 -0.000012 0.000201 -0.000478 0.000733 3.181590 2.254555 0.120951 4.427575 4.848073 -1.720507 6.175169 -0.000002 0.000011 -2.149765 -23.583265 0.289758 3.387755 -0.000001 -0.000000 1.512780 -11.966834 -0.611676 2.120990 0.000003 -0.000000 1.077009 -6.122559 2.876837 2.529893 0.000000 0.000000 -0.000020 0.000090 -0.000583 3.178449 0.924150 -0.397349 -5.642619 -0.349620 -2.067919 6.049747 0.000000 -0.000001 2.697437 -19.762512 1.231777 4.242486 -0.000003 0.000000 0.437401 -13.123592 -1.186302 2.731824 -0.000001 0.000012 0.555701 -5.254481 0.097429 2.041451 0.000003 0.000012 -0.000165 -0.000033 0.000408 2.932182 -0.316448 0.122310 -8.824012 -4.514935 -18.218607 5.821784 -0.000001 -0.000001 2.726166 -15.362861 18.106596 4.026133 0.000000 0.000000 -0.659200 -15.544401 -1.105130 2.442604 0.000002 -0.000012 0.462285 -15.838858 -4.896199 1.785016 0.000000 -0.000025 -0.000680 0.000713 -0.000036 2.948916 -1.544389 0.539792 -12.802718 -15.559310 -16.333063 5.112839 -0.000002 0.000011 8.175282 -10.604061 17.723764 2.914518 0.000000 0.000000 -0.416806 -16.462435 0.136283 1.632816 -0.000002 0.000000 0.131531 -11.182598 -7.873109 1.817514 -0.000003 -0.000001 -0.000113 -0.000365 -0.000005 25.633276 5.994579 -1.761724 40.534412 -77.023148 158.422592 -18.544613 0.000003 0.000012 66.988762 -49.286079 -26.598673 -29.903347 0.000000 0.000001 60.028328 4.379569 4.135007 -27.414274 0.000012 0.000013 -8.353786 16.888367 -9.988876 -2.094768 -3.163312 -0.799955 12.138885 -33.825058 69.353401 -4.505661 0.000005 0.000000 -24.276989 -2.264524 16.274246 -2.700114 -0.000006 0.000006 -0.364375 -3.473340 -0.712541 -3.121519 -0.000000 0.000006 0.000363 0.000890 -0.000199 -3.183331 -2.255512 -0.121331 2.342618 2.716160 1.211934 -6.179836 0.000000 0.000000 -3.647072 -15.967031 0.031535 -3.389430 -0.000001 -0.000012 1.953675 -7.801306 -0.088666 -2.123821 -0.000003 -0.000012 1.092242 -5.009862 0.034925 -2.529789 -0.000000 -0.000001 -0.000398 -0.000278 -0.000292 -3.179951 -0.924413 0.397693 -7.919850 -0.901819 0.512367 -6.054549 -0.000003 -0.000001 3.302567 -13.367876 0.830538 -4.244578 -0.000001 0.000012 1.233960 -10.331885 -0.473465 -2.732867 0.000004 0.000000 0.539658 -3.923640 -1.033558 -2.043405 0.000006 -0.000001 0.000744 -0.000080 0.000079 -2.933434 0.316848 -0.122046 -10.369577 -4.030585 -17.017843 -5.826602 -0.000005 -0.000000 4.042347 -11.854879 17.802103 -4.028100 -0.000000 0.000000 -0.432489 -11.934820 -0.066881 -2.443439 -0.000000 0.000000 0.697256 -14.621818 -6.773301 -1.786791 0.000003 0.000011 0.000611 -0.000420 -0.000942 -2.949983 1.545734 -0.540328 -14.452682 -13.954926 -16.178915 -5.116444 -0.000002 -0.000000 9.673297 -7.866493 18.713245 -2.915901 -0.000000 0.000012 -0.304550 -14.811061 -0.112719 -1.633906 0.000001 -0.000012 -0.394546 -9.880489 -9.364595 -1.819588 0.000000 -0.000001 0.003321 0.003838 0.000644 -8.517063 2.351946 11.888292 159.918823 -4.206093 -11.865645 42.799587 0.000001 0.000002 42.202614 0.518340 -6.132895 45.345985 0.000001 -0.000007 -94.314888 -8.914143 -2.963735 14.268355 0.000005 0.000000 -9.439959 0.781907 1.613743 6.980276 -0.121840 0.000001 -0.000160 0.000552 -0.000568 -8.535283 2.358025 -11.910014 -9.329795 -19.122025 -7.171574 -42.789711 -0.000003 -0.000003 23.549511 -3.272403 -3.987438 -45.345604 0.000000 0.000000 -66.894135 -5.664650 -17.608530 -14.268300 -0.000000 -0.000000 -10.142734 2.720270 -0.034484 -6.981181 0.121853 -0.000003 0.000110 0.000557 -0.000422
0.000000 0.000000 0.000000 0.000000 0.000000 0.000000 -8.565141 105.586388 -6.181461 87.674873 5.155836 -78.159027 5.266023 0.261829 -0.008408 5.116774 -2.963904 1.175076 7.597601 -0.000001 0.000000 -5.481081 1.460160 1.649890 8.008073 -0.000000 -0.000000 16.143551 -1.111738 -0.243376 29.519594 -0.802532 0.014094 20.001619 6.696580 -1.896616 8.099053 -0.000000 0.000000 18.918114 10.120336 6.945835 6.860398 0.000000 0.000000 -21.872383 -2.323949 -15.883568 18.447189 0.760179 -0.003674 -0.000677 0.000275 -0.000137 0.200078 3.635073 -0.007852 0.121620 -0.140953 0.102298 5.721212 9.287379 3.627303 7.020210 0.033398 3.276439 5.744883 9.302453 -3.630085 7.074314 0.032765 -2.581912 25.666941 5.953198 1.744820 -95.233528 -83.649361 111.883316 18.464344 -0.000002 -0.000012 64.181274 -44.702274 -29.740231 29.884953 0.000000 -0.000001 66.157509 3.963435 4.447501 27.413786 0.000000 0.000011 -7.126171 17.024395 -10.548776 2.094321 3.161254 0.799310 17.640387 -22.616207 65.855560 4.501803 -0.000008 -0.000000 -19.567005 -3.050413 19.145056 2.698064 0.000006 -0.000006 0.498009 -2.130467 -7.941557 3.118652 0.000000 -0.000012 0.000254 -0.000460 0.000688 3.181590 2.254555 0.120951 4.541665 4.727417 -1.326236 6.175169 -0.000002 0.000011 -2.208212 -23.698193 0.414453 3.387755 -0.000001 -0.000000 1.305351 -12.105522 -0.530027 2.120990 0.000003 -0.000000 1.035990 -6.187062 2.875438 2.529893 0.000000 0.000000 -0.000048 0.000084 -0.000582 3.178449 0.924150 -0.397349 -5.595937 -0.264717 -1.850389 6.049747 0.000000 -0.000001 2.560594 -20.029278 1.512215 4.242486 -0.000003 0.000000 0.212950 -13.298203 -1.041953 2.731824 -0.000001 0.000012 0.544617 -5.416139 0.164951 2.041451 0.000003 0.000012 -0.000077 -0.000005 0.000447 2.932182 -0.316448 0.122310 -8.830204 -4.319114 -18.027185 5.821784 -0.000001 -0.000001 2.418128 -15.607753 18.349737 4.026133 0.000000 0.000000 -0.798321 -15.726048 -0.960808 2.442604 0.000002 -0.000012 0.432592 -15.910156 -4.784014 1.785016 0.000000 -0.000025 -0.000613 0.000768 -0.000034 2.948916 -1.544389 0.539792 -13.070824 -15.106977 -16.055672 5.112839 -0.000002 0.000011 8.048817 -10.931842 17.883307 2.914518 0.000000 0.000000 -0.477306 -16.703135 0.185139 1.632816 -0.000002 0.000000 0.131820 -11.243001 -7.714831 1.817514 -0.000003 -0.000001 -0.000099 -0.000357 0.000025 25.633276 5.994579 -1.761724 44.067802 -77.760712 155.132263 -18.544613 0.000003 0.000012 70.174614 -49.217484 -28.604206 -29.903347 0.000000 0.000001 64.349640 3.589845 4.584378 -27.414274 0.000012 0.000013 -8.751044 17.320246 -9.342704 -2.094768 -3.163312 -0.799955 12.466622 -33.725288 69.142014 -4.505661 0.000005 0.000000 -24.170454 -2.323366 16.350039 -2.700114 -0.000006 0.000006 -0.357134 -3.515758 -0.735969 -3.121519 -0.000000 0.000006 0.000356 0.000807 -0.000232 -3.183331 -2.255512 -0.121331 2.361896 2.603712 1.326635 -6.179836 0.000000 0.000000 -3.792212 -16.003435 0.082007 -3.389430 -0.000001 -0.000012 1.998527 -7.882889 -0.114919 -2.123821 -0.000003 -0.000012 1.157044 -5.131488 -0.229150 -2.529789 -0.000000 -0.000001 -0.000337 -0.000198 -0.000291 -3.179951 -0.924413 0.397693 -8.003890 -0.969001 0.587178 -6.054549 -0.000003 -0.000001 3.337596 -13.499471 0.953392 -4.244578 -0.000001 0.000012 1.260963 -10.528901 -0.497450 -2.732867 0.000004 0.000000 0.594224 -4.201000 -1.070326 -2.043405 0.000006 -0.000001 0.000840 -0.000024 0.000015 -2.933434 0.316848 -0.122046 -10.416440 -4.143013 -16.917912 -5.826602 -0.000005 -0.000000 3.949045 -11.988524 17.954882 -4.028100 -0.000000 0.000000 -0.375287 -12.076097 -0.118400 -2.443439 -0.000000 0.000000 0.748837 -14.775649 -6.809637 -1.786791 0.000003 0.000011 0.000951 -0.000277 -0.000920 -2.949983 1.545734 -0.540328 -14.572367 -13.993356 -16.100626 -5.116444 -0.000002 -0.000000 9.638806 -8.202803 18.722672 -2.915901 -0.000000 0.000012 -0.285675 -14.876253 -0.090235 -1.633906 0.000001 -0.000012 -0.324068 -9.986719 -9.386248 -1.819588 0.000000 -0.000001 0.003661 0.004089 0.000689 -8.517063 2.351946 11.888292 159.717743 -4.615080 -11.576962 42.799587 0.000001 0.000002 42.629894 0.421619 -5.953062 45.345985 0.000001 -0.000007 -94.219925 -8.797935 -2.986989 14.268355 0.000005 0.000000 -8.977098 0.928015 1.459394 6.980276 -0.121840 0.000001 -0.000141 0.000553 -0.000578 -8.535283 2.358025 -11.910014 -10.649467 -19.110683 -7.222010 -42.789711 -0.000003 -0.000003 25.436005 -2.597770 -4.269195 -45.345604 0.000000 0.000000 -66.356873 -5.999062 -17.025826 -14.268300 -0.000000 -0.000000 -10.048804 2.680379 -0.219391 -6.981181 0.121853 -0.000003 -0.000191 0.000565 -0.000377
0.000000 0.000000 0.000000 0.000000 0.000000 0.000000 -7.981973 105.498100 -6.088266 87.640884 4.703340 -78.966263 5.266023 0.261829 -0.008408 5.078470 -2.990652 0.868213 7.597601 -0.000001 0.000000 -5.209025 1.192852 1.913548 8.008073 -0.000000 -0.000000 16.164837 -1.447273 -0.308867 29.519594 -0.802532 0.014094 20.168455 6.702218 -1.746648 8.099053 -0.000000 0.000000 19.131981 9.768823 6.828753 6.860398 0.000000 0.000000 -22.407259 -1.968495 -15.126930 18.447189 0.760179 -0.003674 -0.000687 0.000288 -0.000116 0.200078 3.635073 -0.007852 0.105146 -0.200076 0.088190 5.721212 9.287379 3.627303 7.227289 0.036502 3.284353 5.744883 9.302453 -3.630085 7.281793 0.036027 -2.575013 25.666941 5.953198 1.744820 -93.757530 -83.553391 110.650642 18.464344 -0.000002 -0.000012 65.461472 -46.047581 -30.078621 29.884953 0.000000 -0.000001 71.453476 3.417182 5.184436 27.413786 0.000000 0.000011 -7.509645 16.934092 -11.726339 2.094321 3.161254 0.799310 17.393307 -22.318419 65.844818 4.501803 -0.000008 -0.000000 -19.691290 -2.867668 18.924896 2.698064 0.000006 -0.000006 0.498055 -2.215703 -7.901555 3.118652 0.000000 -0.000012 0.000266 -0.000438 0.000683 3.181590 2.254555 0.120951 4.337090 5.018767 -1.311346 6.175169 -0.000002 0.000011 -2.088163 -24.832365 0.443147 3.387755 -0.000001 -0.000000 1.607123 -12.833387 -0.596489 2.120990 0.000003 -0.000000 1.060836 -6.478905 2.553665 2.529893 0.000000 0.000000 -0.000100 0.000054 -0.000619 3.178449 0.924150 -0.397349 -5.779839 -0.183381 -1.794931 6.049747 0.000000 -0.000001 2.694376 -21.201427 1.585247 4.242486 -0.000003 0.000000 0.588638 -13.957672 -1.056920 2.731824 -0.000001 0.000012 0.619498 -5.704964 -0.144870 2.041451 0.000003 0.000012 -0.000053 0.000097 0.000500 2.932182 -0.316448 0.122310 -8.901348 -4.385280 -17.978487 5.821784 -0.000001 -0.000001 2.111933 -16.548628 18.540859 4.026133 0.000000 0.000000 -0.582373 -16.258291 -1.035946 2.442604 0.000002 -0.000012 0.532745 -16.280094 -4.935890 1.785016 0.000000 -0.000025 -0.000572 0.000786 -0.000088 2.948916 -1.544389 0.539792 -13.105221 -15.319890 -16.008827 5.112839 -0.000002 0.000011 7.910239 -11.765378 18.023130 2.914518 0.000000 0.000000 -0.311824 -17.216011 0.128540 1.632816 -0.000002 0.000000 0.243837 -11.622729 -7.797212 1.817514 -0.000003 -0.000001 -0.000145 -0.000446 0.000002 25.633276 5.994579 -1.761724 49.441719 -78.410477 150.003494 -18.544613 0.000003 0.000012 72.819664 -49.493206 -30.171188 -29.903347 0.000000 0.000001 71.412590 2.388211 5.088777 -27.414274 0.000012 0.000013 -8.492938 17.548384 -7.400419 -2.094768 -3.163312 -0.799955 12.609184 -33.742138 69.090912 -4.505661 0.000005 0.000000 -24.097565 -2.153720 16.268045 -2.700114 -0.000006 0.000006 -0.425217 -3.548043 -0.721295 -3.121519 -0.000000 0.000006 0.000337 0.000771 -0.000247 -3.183331 -2.255512 -0.121331 2.697914 2.572262 1.402333 -6.179836 0.000000 0.000000 -3.888109 -16.152935 0.149736 -3.389430 -0.000001 -0.000012 1.908609 -7.641998 -0.111143 -2.123821 -0.000003 -0.000012 1.158031 -5.160904 -0.248616 -2.529789 -0.000000 -0.000001 -0.000359 -0.000216 -0.000258 -3.179951 -0.924413 0.397693 -7.749267 -0.846601 0.551119 -6.054549 -0.000003 -0.000001 3.289838 -13.730264 1.058929 -4.244578 -0.000001 0.000012 1.080702 -10.373231 -0.401688 -2.732867 0.000004 0.000000 0.548375 -4.194563 -1.032765 -2.043405 0.000006 -0.000001 0.000861 -0.000084 -0.000004 -2.933434 0.316848 -0.122046 -10.260612 -4.072932 -16.918863 -5.826602 -0.000005 -0.000000 4.016782 -11.915483 18.018661 -4.028100 -0.000000 0.000000 -0.474270 -12.019114 -0.043729 -2.443439 -0.000000 0.000000 0.723469 -14.832671 -6.825543 -1.786791 0.000003 0.000011 0.001152 -0.000275 -0.000899 -2.949983 1.545734 -0.540328 -14.383533 -13.761603 -15.984953 -5.116444 -0.000002 -0.000000 9.534777 -8.181239 18.764931 -2.915901 -0.000000 0.000012 -0.415866 -14.852880 -0.063109 -1.633906 0.000001 -0.000012 -0.358374 -9.976007 -9.363729 -1.819588 0.000000 -0.000001 0.003785 0.004143 0.000603 -8.517063 2.351946 11.888292 159.828079 -5.194770 -11.592250 42.799587 0.000001 0.000002 43.272694 0.422672 -6.061184 45.345985 0.000001 -0.000007 -94.097572 -9.231866 -3.169661 14.268355 0.000005 0.000000 -8.536619 0.859460 1.186940 6.980276 -0.121840 0.000001 -0.000107 0.000619 -0.000588 -8.535283 2.358025 -11.910014 -12.260891 -19.267603 -7.463783 -42.789711 -0.000003 -0.000003 28.470821 -2.020435 -4.284950 -45.345604 0.000000 0.000000 -65.955162 -5.643412 -16.671421 -14.268300 -0.000000 -0.000000 -9.728914 2.611319 -0.508886 -6.981181 0.121853 -0.000003 -0.000227 0.000615 -0.000389
0.000000 0.000000 0.000000 0.000000 0.000000 0.000000 -7.442059 105.364311 -6.179962 87.842094 4.707372 -79.600594 5.266023 0.261829 -0.008408 5.496352 -3.212788 0.497946 7.597601 -0.000001 0.000000 -5.228444 1.228361 2.158541 8.008073 -0.000000 -0.000000 16.001064 -1.728989 -0.540108 29.519594 -0.802532 0.014094 20.335533 6.904620 -1.402521 8.099053 -0.000000 0.000000 19.500799 9.279203 6.637682 6.860398 0.000000 0.000000 -22.830549 -1.608693 -13.978015 18.447189 0.760179 -0.003674 -0.000740 0.000320 -0.000103 0.200078 3.635073 -0.007852 0.116932 -0.297030 0.080141 5.721212 9.287379 3.627303 7.414631 0.011624 3.066692 5.744883 9.302453 -3.630085 7.464301 0.011028 -2.790203 25.666941 5.953198 1.744820 -90.013588 -82.875778 107.389626 18.464344 -0.000002 -0.000012 65.802536 -47.150116 -30.016001 29.884953 0.000000 -0.000001 79.289902 2.120040 5.650208 27.413786 0.000000 0.000011 -6.809208 16.116674 -11.008534 2.094321 3.161254 0.799310 17.869493 -22.049782 65.309425 4.501803 -0.000008 -0.000000 -19.619219 -2.741699 18.892349 2.698064 0.000006 -0.000006 0.554937 -2.042444 -7.959198 3.118652 0.000000 -0.000012 0.000318 -0.000330 0.000701 3.181590 2.254555 0.120951 4.340396 5.078091 -1.500606 6.175169 -0.000002 0.000011 -1.963150 -25.929884 0.437675 3.387755 -0.000001 -0.000000 1.709497 -13.851797 -0.640592 2.120990 0.000003 -0.000000 1.079104 -6.536643 2.055950 2.529893 0.000000 0.000000 -0.000113 -0.000074 -0.000666 3.178449 0.924150 -0.397349 -5.854099 -0.348204 -1.823212 6.049747 0.000000 -0.000001 2.891560 -22.320395 1.543733 4.242486 -0.000003 0.000000 0.829633 -14.951249 -0.921686 2.731824 -0.000001 0.000012 0.682676 -5.951295 -0.468534 2.041451 0.000003 0.000012 -0.000017 0.000193 0.000525 2.932182 -0.316448 0.122310 -8.897988 -4.692224 -18.068840 5.821784 -0.000001 -0.000001 1.687840 -17.644690 18.811178 4.026133 0.000000 0.000000 -0.365182 -16.963495 -1.007652 2.442604 0.000002 -0.000012 0.526849 -16.290817 -4.798853 1.785016 0.000000 -0.000025 -0.000527 0.000799 -0.000160 2.948916 -1.544389 0.539792 -13.189122 -15.718632 -15.961653 5.112839 -0.000002 0.000011 7.764127 -12.673903 18.131517 2.914518 0.000000 0.000000 -0.114318 -17.739092 0.150160 1.632816 -0.000002 0.000000 0.270171 -11.699352 -7.617533 1.817514 -0.000003 -0.000001 -0.000177 -0.000563 0.000003 25.633276 5.994579 -1.761724 56.680416 -78.855934 143.218506 -18.544613 0.000003 0.000012 74.456894 -49.769039 -31.405470 -29.903347 0.000000 0.000001 80.198105 0.811831 5.243900 -27.414274 0.000012 0.000013 -7.453259 16.076145 -5.287429 -2.094768 -3.163312 -0.799955 13.697615 -33.483051 68.414146 -4.505661 0.000005 0.000000 -23.583878 -2.355853 16.327511 -2.700114 -0.000006 0.000006 -0.304269 -3.581367 -0.776900 -3.121519 -0.000000 0.000006 0.000289 0.000832 -0.000231 -3.183331 -2.255512 -0.121331 2.777095 2.055731 1.381352 -6.179836 0.000000 0.000000 -4.059029 -16.866310 0.141063 -3.389430 -0.000001 -0.000012 1.809020 -7.840461 -0.200545 -2.123821 -0.000003 -0.000012 1.204903 -5.035963 -0.740918 -2.529789 -0.000000 -0.000001 -0.000365 -0.000329 -0.000190 -3.179951 -0.924413 0.397693 -7.843133 -1.364992 0.350156 -6.054549 -0.000003 -0.000001 3.239071 -14.504021 1.097291 -4.244578 -0.000001 0.000012 0.887379 -10.766288 -0.273703 -2.732867 0.000004 0.000000 0.584135 -4.401199 -0.827155 -2.043405 0.000006 -0.000001 0.000796 -0.000321 -0.000014 -2.933434 0.316848 -0.122046 -10.479532 -4.646784 -16.749687 -5.826602 -0.000005 -0.000000 3.892129 -12.585190 18.053953 -4.028100 -0.000000 0.000000 -0.484529 -12.591865 -0.002225 -2.443439 -0.000000 0.000000 0.716640 -14.797654 -6.628656 -1.786791 0.000003 0.000011 0.001026 -0.000384 -0.000903 -2.949983 1.545734 -0.540328 -14.688442 -14.156773 -15.267145 -5.116444 -0.000002 -0.000000 9.464677 -8.956276 18.640547 -2.915901 -0.000000 0.000012 -0.321397 -15.131538 -0.018463 -1.633906 0.000001 -0.000012 -0.210548 -10.148948 -9.217037 -1.819588 0.000000 -0.000001 0.003587 0.004025 0.000439 -8.517063 2.351946 11.888292 159.687286 -5.940286 -11.510063 42.799587 0.000001 0.000002 43.696522 0.519918 -5.956939 45.345985 0.000001 -0.000007 -93.931190 -9.760620 -3.637542 14.268355 0.000005 0.000000 -8.453224 0.870995 1.038091 6.980276 -0.121840 0.000001 -0.000145 0.000708 -0.000596 -8.535283 2.358025 -11.910014 -14.572153 -19.361618 -7.730517 -42.789711 -0.000003 -0.000003 32.193008 -1.420646 -4.350881 -45.345604 0.000000 0.000000 -65.644989 -4.550406 -16.011305 -14.268300 -0.000000 -0.000000 -9.344290 2.587860 -0.725973 -6.981181 0.121853 -0.000003 0.000012 0.000623 -0.000309
0.000000 0.000000 0.000000 0.000000 0.000000 0.000000 -6.968065 105.165878 -6.435352 87.792633 4.963646 -79.922417 5.266023 0.261829 -0.008408 6.089500 -3.477932 -0.052808 7.597601 -0.000001 0.000000 -5.360551 1.174958 2.464758 8.008073 -0.000000 -0.000000 15.993539 -2.103779 -0.905568 29.519594 -0.802532 0.014094 20.499098 7.318328 -1.166530 8.099053 -0.000000 0.000000 20.015907 8.969911 6.673918 6.860398 0.000000 0.000000 -23.404760 -1.591611 -12.738299 18.447189 0.760179 -0.003674 -0.000841 0.000228 -0.000029 0.200078 3.635073 -0.007852 0.214425 -0.424254 0.079086 5.721212 9.287379 3.627303 7.462420 -0.004431 2.719204 5.744883 9.302453 -3.630085 7.504336 -0.005222 -3.133151 25.666941 5.953198 1.744820 -84.792236 -82.071320 102.616257 18.464344 -0.000002 -0.000012 65.187813 -48.466412 -30.094757 29.884953 0.000000 -0.000001 87.909973 0.446492 5.708941 27.413786 0.000000 0.000011 -6.032305 15.560538 -12.056430 2.094321 3.161254 0.799310 17.334139 -21.136108 65.082687 4.501803 -0.000008 -0.000000 -19.562681 -2.651295 18.491808 2.698064 0.000006 -0.000006 0.504523 -2.479489 -7.647082 3.118652 0.000000 -0.000012 0.000283 -0.000259 0.000703 3.181590 2.254555 0.120951 3.977789 5.599865 -1.900182 6.175169 -0.000002 0.000011 -1.732858 -28.413628 0.172966 3.387755 -0.000001 -0.000000 2.550371 -15.481090 -0.785508 2.120990 0.000003 -0.000000 0.950368 -7.405727 1.379193 2.529893 0.000000 0.000000 -0.000082 -0.000107 -0.000644 3.178449 0.924150 -0.397349 -6.073728 -0.205631 -1.917973 6.049747 0.000000 -0.000001 3.338782 -24.473173 1.187877 4.242486 -0.000003 0.000000 1.672123 -16.542870 -1.048710 2.731824 -0.000001 0.000012 0.752120 -6.897456 -1.172795 2.041451 0.000003 0.000012 -0.000038 0.000183 0.000460 2.932182 -0.316448 0.122310 -8.917639 -4.773906 -18.353779 5.821784 -0.000001 -0.000001 1.450209 -19.279190 18.826452 4.026133 0.000000 0.000000 0.065777 -18.309317 -1.200679 2.442604 0.000002 -0.000012 0.707354 -17.453547 -5.296266 1.785016 0.000000 -0.000025 -0.000501 0.000754 -0.000104 2.948916 -1.544389 0.539792 -12.957121 -16.107927 -16.055300 5.112839 -0.000002 0.000011 7.683174 -13.882012 18.046476 2.914518 0.000000 0.000000 0.268105 -18.966141 0.056261 1.632816 -0.000002 0.000000 0.482938 -12.910716 -8.132169 1.817514 -0.000003 -0.000001 -0.000106 -0.000572 0.000081 25.633276 5.994579 -1.761724 65.775215 -78.737152 134.448700 -18.544613 0.000003 0.000012 74.943977 -49.780617 -31.291950 -29.903347 0.000000 0.000001 89.398384 -1.364442 4.520368 -27.414274 0.000012 0.000013 -6.090574 14.731312 -1.567767 -2.094768 -3.163312 -0.799955 13.232455 -33.457748 68.749763 -4.505661 0.000005 0.000000 -23.402847 -2.664805 16.036415 -2.700114 -0.000006 0.000006 -0.285104 -4.081353 -0.460711 -3.121519 -0.000000 0.000006 0.000200 0.000999 -0.000166 -3.183331 -2.255512 -0.121331 3.008155 2.049126 1.520486 -6.179836 0.000000 0.000000 -4.196252 -18.302584 0.220165 -3.389430 -0.000001 -0.000012 2.013414 -8.700965 -0.308415 -2.123821 -0.000003 -0.000012 1.248692 -5.663038 -0.726833 -2.529789 -0.000000 -0.000001 -0.000275 -0.000374 -0.000135 -3.179951 -0.924413 0.397693 -7.650011 -1.274238 0.295013 -6.054549 -0.000003 -0.000001 3.158673 -15.854234 1.259000 -4.244578 -0.000001 0.000012 1.044144 -11.890050 -0.138579 -2.732867 0.000004 0.000000 0.615661 -5.263185 -1.153098 -2.043405 0.000006 -0.000001 0.000658 -0.000499 0.000054 -2.933434 0.316848 -0.122046 -10.485157 -4.510462 -16.637653 -5.826602 -0.000005 -0.000000 3.823139 -13.616447 18.159197 -4.028100 -0.000000 0.000000 -0.198805 -13.994917 0.045658 -2.443439 -0.000000 0.000000 0.918794 -15.900647 -7.172787 -1.786791 0.000003 0.000011 0.000539 -0.000596 -0.000976 -2.949983 1.545734 -0.540328 -14.694451 -13.793273 -14.800909 -5.116444 -0.000002 -0.000000 9.340561 -10.032110 18.705858 -2.915901 -0.000000 0.000012 0.187517 -16.317787 -0.078629 -1.633906 0.000001 -0.000012 0.106252 -11.391037 -10.093072 -1.819588 0.000000 -0.000001 0.002990 0.003638 0.000308 -8.517063 2.351946 11.888292 159.505753 -6.871897 -12.096646 42.799587 0.000001 0.000002 44.136063 1.079406 -5.875059 45.345985 0.000001 -0.000007 -93.647995 -10.259613 -4.165658 14.268355 0.000005 0.000000 -8.108301 0.822430 0.854414 6.980276 -0.121840 0.000001 -0.000231 0.000662 -0.000584 -8.535283 2.358025 -11.910014 -17.156923 -19.734550 -7.955172 -42.789711 -0.000003 -0.000003 36.243259 -0.952708 -4.467912 -45.345604 0.000000 0.000000 -64.951996 -2.705133 -15.412741 -14.268300 -0.000000 -0.000000 -9.134040 2.609471 -0.536866 -6.981181 0.121853 -0.000003 0.000549 0.000562 -0.000278
0.000000 0.000000 0.000000 0.000000 0.000000 0.000000 -6.576814 104.896751 -6.822880 88.282875 5.595776 -80.383316 5.266023 0.261829 -0.008408 7.215569 -3.901902 -0.698192 7.597601 -0.000001 0.000000 -5.667442 1.288023 2.802520 8.008073 -0.000000 -0.000000 15.856012 -2.402215 -1.154144 29.519594 -0.802532 0.014094 20.268848 7.462612 -0.895570 8.099053 -0.000000 0.000000 20.551144 8.690234 6.729490 6.860398 0.000000 0.000000 -23.736679 -1.499726 -11.550233 18.447189 0.760179 -0.003674 -0.001007 0.000093 0.000100 0.200078 3.635073 -0.007852 0.225675 -0.533998 0.138040 5.721212 9.287379 3.627303 7.702504 -0.019128 2.455948 5.744883 9.302453 -3.630085 7.733732 -0.020350 -3.388209 25.666941 5.953198 1.744820 -77.823669 -81.066292 96.055084 18.464344 -0.000002 -0.000012 63.579826 -49.650871 -29.910387 29.884953 0.000000 -0.000001 97.411598 -1.940055 4.416927 27.413786 0.000000 0.000011 -3.414402 17.087652 -12.655480 2.094321 3.161254 0.799310 17.673603 -20.584049 64.514977 4.501803 -0.000008 -0.000000 -19.391733 -2.343870 18.257633 2.698064 0.000006 -0.000006 0.427013 -2.581626 -7.431341 3.118652 0.000000 -0.000012 0.000242 -0.000132 0.000654 3.181590 2.254555 0.120951 4.473234 6.349338 -2.446230 6.175169 -0.000002 0.000011 -1.058835 -30.735014 -0.226015 3.387755 -0.000001 -0.000000 3.884366 -17.505219 -1.014626 2.120990 0.000003 -0.000000 0.873128 -7.800625 -0.112722 2.529893 0.000000 0.000000 -0.000053 -0.000174 -0.000560 3.178449 0.924150 -0.397349 -5.585468 0.278658 -2.378910 6.049747 0.000000 -0.000001 4.427721 -26.305349 0.604334 4.242486 -0.000003 0.000000 2.905615 -18.569399 -1.173127 2.731824 -0.000001 0.000012 0.812627 -7.545795 -2.501425 2.041451 0.000003 0.000012 -0.000057 0.000160 0.000316 2.932182 -0.316448 0.122310 -8.195109 -4.527702 -19.084442 5.821784 -0.000001 -0.000001 1.645364 -20.745506 18.736759 4.026133 0.000000 0.000000 0.672393 -19.975370 -1.370881 2.442604 0.000002 -0.000012 0.881800 -18.248690 -5.940071 1.785016 0.000000 -0.000025 -0.000404 0.000627 0.000023 2.948916 -1.544389 0.539792 -11.996789 -16.114307 -16.832956 5.112839 -0.000002 0.000011 7.913630 -14.788293 17.828426 2.914518 0.000000 0.000000 0.738777 -20.238899 0.015980 1.632816 -0.000002 0.000000 0.714638 -13.844577 -8.610774 1.817514 -0.000003 -0.000001 0.000031 -0.000513 0.000150 25.633276 5.994579 -1.761724 75.071953 -78.190193 125.365814 -18.544613 0.000003 0.000012 74.001686 -49.941116 -31.085009 -29.903347 0.000000 0.000001 99.603943 -3.445190 2.870032 -27.414274 0.000012 0.000013 -3.399638 13.203821 1.167563 -2.094768 -3.163312 -0.799955 13.497865 -33.225616 68.572571 -4.505661 0.000005 0.000000 -22.701635 -2.848333 15.828019 -2.700114 -0.000006 0.000006 -0.143838 -4.130337 -0.234806 -3.121519 -0.000000 0.000006 0.000047 0.001284 -0.000062 -3.183331 -2.255512 -0.121331 3.547035 1.611093 1.319532 -6.179836 0.000000 0.000000 -4.204393 -19.072706 0.069709 -3.389430 -0.000001 -0.000012 2.020237 -9.109293 -0.407193 -2.123821 -0.000003 -0.000012 1.207408 -5.449963 -0.985793 -2.529789 -0.000000 -0.000001 -0.000114 -0.000339 -0.000070 -3.179951 -0.924413 0.397693 -7.277146 -1.605957 -0.080829 -6.054549 -0.000003 -0.000001 3.336584 -16.473680 1.120344 -4.244578 -0.000001 0.000012 0.910315 -12.497275 0.043765 -2.732867 0.000004 0.000000 0.560283 -5.467444 -1.279088 -2.043405 0.000006 -0.000001 0.000434 -0.000684 0.000155 -2.933434 0.316848 -0.122046 -10.226145 -4.752274 -16.788088 -5.826602 -0.000005 -0.000000 3.779945 -14.091662 18.188442 -4.028100 -0.000000 0.000000 -0.038488 -14.749249 0.068425 -2.443439 -0.000000 0.000000 1.034780 -16.164158 -7.301389 -1.786791 0.000003 0.000011 -0.000457 -0.001020 -0.001116 -2.949983 1.545734 -0.540328 -14.580593 -13.777484 -14.517572 -5.116444 -0.000002 -0.000000 9.372470 -10.526993 18.605534 -2.915901 -0.000000 0.000012 0.531863 -16.693697 -0.061238 -1.633906 0.000001 -0.000012 0.368243 -11.896086 -10.413848 -1.819588 0.000000 -0.000001 0.001920 0.002969 0.000126 -8.517063 2.351946 11.888292 158.710754 -8.075721 -12.489733 42.799587 0.000001 0.000002 45.000877 1.271204 -5.372255 45.345985 0.000001 -0.000007 -93.294800 -10.814115 -4.947666 14.268355 0.000005 0.000000 -7.880658 0.925019 0.615840 6.980276 -0.121840 0.000001 -0.000316 0.000538 -0.000513 -8.535283 2.358025 -11.910014 -20.705685 -20.182106 -8.151300 -42.789711 -0.000003 -0.000003 41.231304 0.045649 -4.783971 -45.345604 0.000000 0.000000 -63.236645 -0.768173 -14.570073 -14.268300 -0.000000 -0.000000 -8.848495 2.710287 -0.410674 -6.981181 0.121853 -0.000003 0.001543 0.000392 -0.000159
0.000000 0.000000 0.000000 0.000000 0.000000 0.000000 -6.270059 104.749611 -7.307942 89.204346 6.142659 -80.508873 5.266023 0.261829 -0.008408 8.321599 -4.206122 -1.101677 7.597601 -0.000001 0.000000 -5.930594 1.255580 3.136243 8.008073 -0.000000 -0.000000 16.089727 -2.673499 -1.427759 29.519594 -0.802532 0.014094 20.128426 7.645184 -0.947874 8.099053 -0.000000 0.000000 20.962986 8.756969 7.091280 6.860398 0.000000 0.000000 -24.276209 -1.532378 -10.475711 18.447189 0.760179 -0.003674 -0.001226 -0.000134 0.000292 0.200078 3.635073 -0.007852 0.309625 -0.594228 0.164364 5.721212 9.287379 3.627303 7.931912 -0.045026 2.106431 5.744883 9.302453 -3.630085 7.951447 -0.046936 -3.727019 25.666941 5.953198 1.744820 -72.219841 -80.126938 90.693939 18.464344 -0.000002 -0.000012 61.459362 -50.425564 -30.063122 29.884953 0.000000 -0.000001 106.921562 -3.864814 2.834622 27.413786 0.000000 0.000011 -1.289729 17.923948 -9.053711 2.094321 3.161254 0.799310 17.581516 -20.810200 64.586060 4.501803 -0.000008 -0.000000 -19.301487 -2.347047 18.301104 2.698064 0.000006 -0.000006 0.433286 -2.416201 -7.474410 3.118652 0.000000 -0.000012 0.000110 -0.000004 0.000557 3.181590 2.254555 0.120951 4.216396 6.369771 -2.150506 6.175169 -0.000002 0.000011 -1.501387 -31.509806 -0.184446 3.387755 -0.000001 -0.000000 3.774803 -18.611320 -0.887673 2.120990 0.000003 -0.000000 0.626195 -8.000181 -0.627473 2.529893 0.000000 0.000000 0.000002 -0.000173 -0.000431 3.178449 0.924150 -0.397349 -6.021665 0.535116 -2.013424 6.049747 0.000000 -0.000001 4.003883 -27.326382 0.542630 4.242486 -0.000003 0.000000 2.831121 -19.798805 -1.048828 2.731824 -0.000001 0.000012 0.670763 -8.001396 -2.713883 2.041451 0.000003 0.000012 -0.000132 0.000057 0.000058 2.932182 -0.316448 0.122310 -8.706764 -4.343860 -18.946655 5.821784 -0.000001 -0.000001 0.746508 -21.392338 18.810467 4.026133 0.000000 0.000000 0.388542 -21.173822 -1.147374 2.442604 0.000002 -0.000012 0.650355 -18.573006 -5.574941 1.785016 0.000000 -0.000025 -0.000296 0.000399 0.000260 2.948916 -1.544389 0.539792 -12.796354 -15.584188 -16.673573 5.112839 -0.000002 0.000011 7.144373 -15.661456 17.889517 2.914518 0.000000 0.000000 0.669296 -21.143700 0.204891 1.632816 -0.000002 0.000000 0.576366 -14.183824 -8.312671 1.817514 -0.000003 -0.000001 0.000249 -0.000381 0.000297 25.633276 5.994579 -1.761724 85.504959 -77.197792 114.892464 -18.544613 0.000003 0.000012 73.135735 -50.909046 -32.064518 -29.903347 0.000000 0.000001 108.741409 -4.913494 1.184714 -27.414274 0.000012 0.000013 -0.795269 13.529069 2.664681 -2.094768 -3.163312 -0.799955 14.441628 -32.920578 67.961632 -4.505661 0.000005 0.000000 -22.194885 -2.979879 15.810733 -2.700114 -0.000006 0.000006 0.005341 -4.231490 -0.138330 -3.121519 -0.000000 0.000006 -0.000195 0.001653 0.000088 -3.183331 -2.255512 -0.121331 3.752792 1.427153 0.889856 -6.179836 0.000000 0.000000 -4.304470 -20.526888 0.261809 -3.389430 -0.000001 -0.000012 2.424565 -10.683605 -0.662683 -2.123821 -0.000003 -0.000012 1.323319 -5.936883 -2.348027 -2.529789 -0.000000 -0.000001 0.000118 -0.000231 0.000015 -3.179951 -0.924413 0.397693 -7.196881 -1.796507 -0.460528 -6.054549 -0.000003 -0.000001 3.431822 -17.983038 1.075096 -4.244578 -0.000001 0.000012 1.484619 -14.584653 -0.010065 -2.732867 0.000004 0.000000 0.792896 -6.708507 -1.850800 -2.043405 0.000006 -0.000001 0.000105 -0.000822 0.000324 -2.933434 0.316848 -0.122046 -10.258746 -5.037147 -16.919096 -5.826602 -0.000005 -0.000000 3.387007 -15.625424 18.275730 -4.028100 -0.000000 0.000000 0.547403 -16.817123 -0.095497 -2.443439 -0.000000 0.000000 1.378126 -17.312128 -7.811467 -1.786791 0.000003 0.000011 -0.001980 -0.001619 -0.001342 -2.949983 1.545734 -0.540328 -14.742915 -13.974206 -14.326628 -5.116444 -0.000002 -0.000000 9.098129 -12.110713 18.587250 -2.915901 -0.000000 0.000012 1.561952 -18.107767 -0.179265 -1.633906 0.000001 -0.000012 1.065025 -13.365133 -11.318614 -1.819588 0.000000 -0.000001 0.000397 0.001934 -0.000047 -8.517063 2.351946 11.888292 157.841339 -9.713293 -13.005947 42.799587 0.000001 0.000002 46.001320 1.295156 -4.906625 45.345985 0.000001 -0.000007 -92.862350 -10.967793 -5.377586 14.268355 0.000005 0.000000 -7.884604 0.917104 0.359016 6.980276 -0.121840 0.000001 -0.000400 0.000300 -0.000395 -8.535283 2.358025 -11.910014 -23.843693 -20.653353 -8.372581 -42.789711 -0.000003 -0.000003 45.566841 1.219653 -5.069479 -45.345604 0.000000 0.000000 -60.836914 1.477604 -13.795093 -14.268300 -0.000000 -0.000000 -8.824423 2.542296 -0.264537 -6.981181 0.121853 -0.000003 0.002999 0.000108 -0.000061
0.000000 0.000000 0.000000 0.000000 0.000000 0.000000 -6.029765 104.844872 -7.858925 89.973328 6.390241 -80.280701 5.266023 0.261829 -0.008408 8.923039 -4.462642 -1.351730 7.597601 -0.000001 0.000000 -6.134446 1.202487 3.313575 8.008073 -0.000000 -0.000000 16.580652 -2.802276 -1.615261 29.519594 -0.802532 0.014094 20.192095 7.904286 -0.974931 8.099053 -0.000000 0.000000 21.490950 8.941320 7.487344 6.860398 0.000000 0.000000 -25.089025 -1.563533 -9.822424 18.447189 0.760179 -0.003674 -0.001290 -0.000201 0.000425 0.200078 3.635073 -0.007852 0.267597 -0.674834 0.157016 5.721212 9.287379 3.627303 8.061699 -0.050233 1.868866 5.744883 9.302453 -3.630085 8.076616 -0.052466 -3.959774 25.666941 5.953198 1.744820 -64.963860 -79.208580 83.452950 18.464344 -0.000002 -0.000012 60.302486 -50.885735 -30.777773 29.884953 0.000000 -0.000001 112.930695 -5.044082 1.529614 27.413786 0.000000 0.000011 0.084510 19.036186 -8.148197 2.094321 3.161254 0.799310 16.892118 -21.096832 64.775085 4.501803 -0.000008 -0.000000 -19.371611 -2.376429 17.975595 2.698064 0.000006 -0.000006 0.345269 -2.549265 -7.249235 3.118652 0.000000 -0.000012 0.000043 0.000141 0.000515 3.181590 2.254555 0.120951 3.816547 6.510991 -2.059405 6.175169 -0.000002 0.000011 -1.363274 -33.182640 -0.217820 3.387755 -0.000001 -0.000000 4.414836 -19.717346 -0.834441 2.120990 0.000003 -0.000000 0.491492 -8.336238 -1.324163 2.529893 0.000000 0.000000 0.000019 -0.000279 -0.000413 3.178449 0.924150 -0.397349 -6.322571 0.699967 -1.858563 6.049747 0.000000 -0.000001 4.128428 -28.840387 0.502153 4.242486 -0.000003 0.000000 3.395902 -21.011534 -0.991855 2.731824 -0.000001 0.000012 0.653753 -8.411556 -3.374204 2.041451 0.000003 0.000012 -0.000164 0.000066 -0.000101 2.932182 -0.316448 0.122310 -8.914893 -4.175955 -18.913557 5.821784 -0.000001 -0.000001 0.278137 -22.572592 19.088936 4.026133 0.000000 0.000000 0.551320 -22.356293 -1.106950 2.442604 0.000002 -0.000012 0.719588 -19.273695 -5.901981 1.785016 0.000000 -0.000025 -0.000210 0.000223 0.000339 2.948916 -1.544389 0.539792 -12.969510 -15.300843 -16.679392 5.112839 -0.000002 0.000011 6.698186 -17.017019 18.008024 2.914518 0.000000 0.000000 0.770935 -22.136801 0.295942 1.632816 -0.000002 0.000000 0.677834 -14.912389 -8.589624 1.817514 -0.000003 -0.000001 0.000324 -0.000396 0.000321 25.633276 5.994579 -1.761724 91.228668 -76.186401 109.075325 -18.544613 0.000003 0.000012 72.384644 -51.418617 -33.054741 -29.903347 0.000000 0.000001 114.871902 -5.796431 -0.265142 -27.414274 0.000012 0.000013 0.740101 13.851873 3.519400 -2.094768 -3.163312 -0.799955 13.819289 -32.748314 68.168808 -4.505661 0.000005 0.000000 -22.133589 -2.999575 15.485085 -2.700114 -0.000006 0.000006 0.081451 -4.352110 0.025939 -3.121519 -0.000000 0.000006 -0.000326 0.001741 0.000129 -3.183331 -2.255512 -0.121331 3.702347 1.582782 0.740558 -6.179836 0.000000 0.000000 -4.243467 -21.424295 0.270647 -3.389430 -0.000001 -0.000012 2.618173 -11.292757 -0.709466 -2.123821 -0.000003 -0.000012 1.309200 -6.083873 -2.512591 -2.529789 -0.000000 -0.000001 0.000180 -0.000138 0.000070 -3.179951 -0.924413 0.397693 -7.229244 -1.700296 -0.596371 -6.054549 -0.000003 -0.000001 3.509847 -18.919893 1.021505 -4.244578 -0.000001 0.000012 1.679505 -15.329452 0.075814 -2.732867 0.000004 0.000000 0.845291 -7.026448 -2.185505 -2.043405 0.000006 -0.000001 -0.000047 -0.000897 0.000376 -2.933434 0.316848 -0.122046 -10.242024 -4.950015 -16.971226 -5.826602 -0.000005 -0.000000 3.160062 -16.380922 18.414579 -4.028100 -0.000000 0.000000 0.796015 -17.688663 -0.079743 -2.443439 -0.000000 0.000000 1.580642 -17.879128 -8.201375 -1.786791 0.000003 0.000011 -0.002463 -0.001938 -0.001450 -2.949983 1.545734 -0.540328 -14.682648 -13.873487 -14.310345 -5.116444 -0.000002 -0.000000 8.897079 -12.964334 18.741158 -2.915901 -0.000000 0.000012 2.036002 -18.711655 -0.181581 -1.633906 0.000001 -0.000012 1.376281 -13.985767 -11.946169 -1.819588 0.000000 -0.000001 -0.000085 0.001605 -0.000170 -8.517063 2.351946 11.888292 157.491196 -10.801595 -13.247983 42.799587 0.000001 0.000002 46.358398 1.025233 -4.827442 45.345985 0.000001 -0.000007 -92.286377 -11.104101 -5.830418 14.268355 0.000005 0.000000 -7.744519 0.839642 0.305759 6.980276 -0.121840 0.000001 -0.000394 0.000227 -0.000292 -8.535283 2.358025 -11.910014 -25.525999 -20.816723 -8.546155 -42.789711 -0.000003 -0.000003 47.643650 1.780808 -5.415629 -45.345604 0.000000 0.000000 -59.170620 2.278327 -13.586089 -14.268300 -0.000000 -0.000000 -8.512759 2.471961 -0.190679 -6.981181 0.121853 -0.000003 0.003526 -0.000081 0.000065
0.000000 0.000000 0.000000 0.000000 0.000000 0.000000 -5.820961 104.850266 -8.450139 91.091148 7.146968 -80.253365 5.266023 0.261829 -0.008408 9.890683 -4.857464 -1.663740 7.597601 -0.000001 0.000000 -6.225675 1.220399 3.398983 8.008073 -0.000000 -0.000000 16.777548 -2.994236 -1.851240 29.519594 -0.802532 0.014094 19.998440 8.231277 -0.883127 8.099053 -0.000000 0.000000 21.964804 9.074142 7.925302 6.860398 0.000000 0.000000 -25.535788 -1.814957 -8.895707 18.447189 0.760179 -0.003674 -0.001303 -0.000357 0.000430 0.200078 3.635073 -0.007852 0.182004 -0.741566 0.200767 5.721212 9.287379 3.627303 8.164161 -0.078191 1.461203 5.744883 9.302453 -3.630085 8.173237 -0.080575 -4.363467 25.666941 5.953198 1.744820 -56.672604 -77.519287 75.023880 18.464344 -0.000002 -0.000012 58.453957 -50.348835 -31.819427 29.884953 0.000000 -0.000001 120.586868 -5.946505 -0.776651 27.413786 0.000000 0.000011 2.980572 18.253920 -7.245205 2.094321 3.161254 0.799310 16.583822 -22.321756 64.702271 4.501803 -0.000008 -0.000000 -19.222115 -2.922801 17.671843 2.698064 0.000006 -0.000006 0.412875 -2.997549 -6.421972 3.118652 0.000000 -0.000012 0.000051 0.000326 0.000408 3.181590 2.254555 0.120951 3.615873 6.418310 -2.310823 6.175169 -0.000002 0.000011 -1.488025 -35.727982 -0.322197 3.387755 -0.000001 -0.000000 4.901912 -21.107092 -0.801558 2.120990 0.000003 -0.000000 0.367400 -8.220792 -2.015117 2.529893 0.000000 0.000000 0.000060 -0.000371 -0.000296 3.178449 0.924150 -0.397349 -6.617481 0.653627 -1.788600 6.049747 0.000000 -0.000001 4.379958 -31.154194 0.188518 4.242486 -0.000003 0.000000 3.985372 -22.346458 -0.804374 2.731824 -0.000001 0.000012 0.554994 -8.260046 -4.102657 2.041451 0.000003 0.000012 -0.000115 0.000079 -0.000237 2.932182 -0.316448 0.122310 -9.228976 -4.210929 -18.936666 5.821784 -0.000001 -0.000001 -0.392789 -24.591196 19.349764 4.026133 0.000000 0.000000 0.705280 -23.368034 -0.923136 2.442604 0.000002 -0.000012 0.706181 -19.284575 -6.133536 1.785016 0.000000 -0.000025 -0.000062 0.000117 0.000413 2.948916 -1.544389 0.539792 -13.386625 -15.329093 -16.613861 5.112839 -0.000002 0.000011 6.103909 -19.046684 18.145386 2.914518 0.000000 0.000000 0.955688 -22.683619 0.473399 1.632816 -0.000002 0.000000 0.669824 -14.988134 -8.756642 1.817514 -0.000003 -0.000001 0.000464 -0.000355 0.000394 25.633276 5.994579 -1.761724 97.554649 -74.428322 102.690941 -18.544613 0.000003 0.000012 70.391014 -51.732941 -34.789040 -29.903347 0.000000 0.000001 122.903351 -6.604749 -2.470039 -27.414274 0.000012 0.000013 3.119827 12.610488 3.784338 -2.094768 -3.163312 -0.799955 13.383247 -33.201488 68.149239 -4.505661 0.000005 0.000000 -21.901291 -3.487798 15.098481 -2.700114 -0.000006 0.000006 0.278992 -4.495030 0.333367 -3.121519 -0.000000 0.000006 -0.000434 0.001762 0.000149 -3.183331 -2.255512 -0.121331 3.709652 1.286491 0.117655 -6.179836 0.000000 0.000000 -4.397348 -22.958775 0.214508 -3.389430 -0.000001 -0.000012 2.395248 -11.670471 -0.718721 -2.123821 -0.000003 -0.000012 1.258234 -5.338377 -2.320997 -2.529789 -0.000000 -0.000001 0.000300 -0.000023 0.000105 -3.179951 -0.924413 0.397693 -7.384568 -2.132366 -1.051256 -6.054549 -0.000003 -0.000001 3.542882 -20.425102 0.783406 -4.244578 -0.000001 0.000012 1.488564 -15.781160 0.215058 -2.732867 0.000004 0.000000 0.846395 -6.532611 -2.217822 -2.043405 0.000006 -0.000001 -0.000107 -0.000946 0.000388 -2.933434 0.316848 -0.122046 -10.441086 -5.283335 -17.134407 -5.826602 -0.000005 -0.000000 2.798173 -17.902327 18.412720 -4.028100 -0.000000 0.000000 0.679436 -18.243549 0.080556 -2.443439 -0.000000 0.000000 1.650194 -17.739511 -8.187626 -1.786791 0.000003 0.000011 -0.002779 -0.002086 -0.001494 -2.949983 1.545734 -0.540328 -14.981202 -14.315127 -14.079779 -5.116444 -0.000002 -0.000000 8.676075 -14.387685 18.756327 -2.915901 -0.000000 0.000012 2.185043 -19.038147 -0.120448 -1.633906 0.000001 -0.000012 1.567394 -14.047357 -12.203964 -1.819588 0.000000 -0.000001 -0.000494 0.001429 -0.000232 -8.517063 2.351946 11.888292 156.660645 -12.586782 -13.921724 42.799587 0.000001 0.000002 46.867535 1.078719 -4.457446 45.345985 0.000001 -0.000007 -91.474266 -11.402923 -6.663073 14.268355 0.000005 0.000000 -7.650593 0.840342 -0.089994 6.980276 -0.121840 0.000001 -0.000428 0.000124 -0.000212 -8.535283 2.358025 -11.910014 -28.012474 -21.341543 -8.770694 -42.789711 -0.000003 -0.000003 50.472652 2.563655 -5.690501 -45.345604 0.000000 0.000000 -57.610691 3.320110 -13.327324 -14.268300 -0.000000 -0.000000 -8.164577 2.432851 -0.079655 -6.981181 0.121853 -0.000003 0.003957 -0.000282 0.000186
0.000000 0.000000 0.000000 0.000000 0.000000 0.000000 -5.600934 105.013344 -9.061752 92.051231 7.972801 -79.926445 5.266023 0.261829 -0.008408 10.655164 -5.179334 -1.753017 7.597601 -0.000001 0.000000 -6.120728 1.174053 3.443461 8.008073 -0.000000 -0.000000 16.829000 -3.029465 -2.067310 29.519594 -0.802532 0.014094 20.066931 8.527246 -0.749602 8.099053 -0.000000 0.000000 22.947273 9.536031 8.610948 6.860398 0.000000 0.000000 -26.019024 -2.031316 -8.557894 18.447189 0.760179 -0.003674 -0.001350 -0.000426 0.000423 0.200078 3.635073 -0.007852 0.095396 -0.766786 0.265196 5.721212 9.287379 3.627303 8.015747 -0.100874 1.199365 5.744883 9.302453 -3.630085 8.020891 -0.103621 -4.619929 25.666941 5.953198 1.744820 -48.578541 -75.158813 66.646927 18.464344 -0.000002 -0.000012 57.484909 -49.545673 -33.885628 29.884953 0.000000 -0.000001 127.361259 -6.447464 -3.128584 27.413786 0.000000 0.000011 5.586692 17.889257 -5.115718 2.094321 3.161254 0.799310 16.419147 -23.448381 64.731865 4.501803 -0.000008 -0.000000 -19.158684 -3.273886 17.633991 2.698064 0.000006 -0.000006 0.579383 -2.733486 -6.298655 3.118652 0.000000 -0.000012 0.000039 0.000481 0.000341 3.181590 2.254555 0.120951 3.122943 6.112487 -2.267146 6.175169 -0.000002 0.000011 -1.874935 -36.968540 0.002724 3.387755 -0.000001 -0.000000 5.113017 -22.325151 -0.701386 2.120990 0.000003 -0.000000 0.271431 -8.218456 -2.845947 2.529893 0.000000 0.000000 0.000127 -0.000473 -0.000223 3.178449 0.924150 -0.397349 -7.262883 0.660359 -1.409455 6.049747 0.000000 -0.000001 4.140442 -32.822285 0.257266 4.242486 -0.000003 0.000000 4.335403 -23.590673 -0.544824 2.731824 -0.000001 0.000012 0.474107 -8.372528 -4.655052 2.041451 0.000003 0.000012 -0.000106 0.000103 -0.000345 2.932182 -0.316448 0.122310 -9.921463 -4.107460 -18.676147 5.821784 -0.000001 -0.000001 -1.734124 -26.252748 20.108677 4.026133 0.000000 0.000000 0.782245 -24.464903 -0.709709 2.442604 0.000002 -0.000012 0.574921 -19.351709 -5.953289 1.785016 0.000000 -0.000025 0.000018 0.000021 0.000429 2.948916 -1.544389 0.539792 -14.561527 -14.936879 -16.117479 5.112839 -0.000002 0.000011 5.291098 -21.225861 18.433195 2.914518 0.000000 0.000000 1.084008 -23.381958 0.662764 1.632816 -0.000002 0.000000 0.657478 -15.132221 -8.518274 1.817514 -0.000003 -0.000001 0.000522 -0.000376 0.000445 25.633276 5.994579 -1.761724 103.805389 -72.463066 96.192841 -18.544613 0.000003 0.000012 67.915794 -51.550022 -36.699341 -29.903347 0.000000 0.000001 129.785889 -7.203881 -5.159086 -27.414274 0.000012 0.000013 5.664958 11.846524 3.435456 -2.094768 -3.163312 -0.799955 13.740139 -33.218151 67.790260 -4.505661 0.000005 0.000000 -21.461756 -3.579381 15.058818 -2.700114 -0.000006 0.000006 0.501277 -4.101591 0.343764 -3.121519 -0.000000 0.000006 -0.000546 0.001832 0.000210 -3.183331 -2.255512 -0.121331 3.580896 0.965270 -0.478805 -6.179836 0.000000 0.000000 -4.325603 -24.133862 0.167796 -3.389430 -0.000001 -0.000012 2.575343 -12.414216 -0.841316 -2.123821 -0.000003 -0.000012 1.174344 -5.086342 -3.216626 -2.529789 -0.000000 -0.000001 0.000327 -0.000081 0.000175 -3.179951 -0.924413 0.397693 -7.608947 -2.536515 -1.500486 -6.054549 -0.000003 -0.000001 3.774280 -21.822336 0.467848 -4.244578 -0.000001 0.000012 1.696257 -16.749628 0.257146 -2.732867 0.000004 0.000000 0.915037 -6.734083 -2.471725 -2.043405 0.000006 -0.000001 -0.000251 -0.001138 0.000421 -2.933434 0.316848 -0.122046 -10.736693 -5.686433 -17.344086 -5.826602 -0.000005 -0.000000 2.482259 -19.507959 18.411592 -4.028100 -0.000000 0.000000 1.048514 -19.274553 0.077230 -2.443439 -0.000000 0.000000 1.802361 -18.024897 -8.339631 -1.786791 0.000003 0.000011 -0.003314 -0.002313 -0.001557 -2.949983 1.545734 -0.540328 -15.371479 -14.605854 -13.801819 -5.116444 -0.000002 -0.000000 8.392056 -16.204111 18.627533 -2.915901 -0.000000 0.000012 2.997158 -19.513407 -0.187199 -1.633906 0.000001 -0.000012 2.029712 -14.589472 -12.584598 -1.819588 0.000000 -0.000001 -0.001093 0.001130 -0.000367 -8.517063 2.351946 11.888292 156.142517 -14.324025 -14.832240 42.799587 0.000001 0.000002 46.666096 1.454554 -4.372573 45.345985 0.000001 -0.000007 -90.512154 -11.803564 -7.599194 14.268355 0.000005 0.000000 -7.490103 0.870953 -0.368217 6.980276 -0.121840 0.000001 -0.000436 0.000099 -0.000161 -8.535283 2.358025 -11.910014 -29.835642 -21.846500 -8.807817 -42.789711 -0.000003 -0.000003 52.218105 3.071506 -5.929428 -45.345604 0.000000 0.000000 -56.633492 3.924064 -13.258255 -14.268300 -0.000000 -0.000000 -7.877030 2.285648 0.025264 -6.981181 0.121853 -0.000003 0.004552 -0.000434 0.000268
0.000000 0.000000 0.000000 0.000000 0.000000 0.000000 -5.329986 105.271194 -9.677926 92.720184 8.405412 -79.474640 5.266023 0.261829 -0.008408 11.097056 -5.484147 -1.612111 7.597601 -0.000001 0.000000 -6.008484 1.147107 3.369563 8.008073 -0.000000 -0.000000 16.920521 -3.008540 -2.070507 29.519594 -0.802532 0.014094 20.376846 8.833462 -0.793780 8.099053 -0.000000 0.000000 24.190647 10.167643 9.374099 6.860398 0.000000 0.000000 -26.758097 -2.284167 -8.426295 18.447189 0.760179 -0.003674 -0.001350 -0.000473 0.000341 0.200078 3.635073 -0.007852 0.049111 -0.804097 0.313512 5.721212 9.287379 3.627303 7.942582 -0.120726 0.976838 5.744883 9.302453 -3.630085 7.944752 -0.123811 -4.839200 25.666941 5.953198 1.744820 -42.931194 -72.587669 60.708450 18.464344 -0.000002 -0.000012 57.453037 -48.383377 -36.074032 29.884953 0.000000 -0.000001 131.945114 -6.451842 -4.857883 27.413786 0.000000 0.000011 6.638492 17.388920 -3.936797 2.094321 3.161254 0.799310 15.333795 -24.385286 65.073029 4.501803 -0.000008 -0.000000 -19.219023 -3.670479 17.399839 2.698064 0.000006 -0.000006 0.514599 -3.012832 -5.879614 3.118652 0.000000 -0.000012 0.000077 0.000639 0.000241 3.181590 2.254555 0.120951 2.338424 5.910371 -2.124045 6.175169 -0.000002 0.000011 -2.328778 -38.942253 0.286460 3.387755 -0.000001 -0.000000 5.437779 -23.569712 -0.567979 2.120990 0.000003 -0.000000 0.173119 -8.666423 -3.377458 2.529893 0.000000 0.000000 0.000168 -0.000583 -0.000192 3.178449 0.924150 -0.397349 -8.038217 0.747732 -0.932221 6.049747 0.000000 -0.000001 3.907623 -34.890335 0.305260 4.242486 -0.000003 0.000000 4.724638 -24.962574 -0.353253 2.731824 -0.000001 0.000012 0.422511 -8.807210 -5.164803 2.041451 0.000003 0.000012 -0.000021 0.000184 -0.000387 2.932182 -0.316448 0.122310 -10.720832 -3.840586 -18.320597 5.821784 -0.000001 -0.000001 -2.876160 -28.103432 20.791267 4.026133 0.000000 0.000000 0.892745 -25.808899 -0.588345 2.442604 0.000002 -0.000012 0.610906 -20.024216 -6.119115 1.785016 0.000000 -0.000025 0.000140 -0.000028 0.000369 2.948916 -1.544389 0.539792 -15.659964 -14.494921 -15.507626 5.112839 -0.000002 0.000011 4.687106 -23.468355 18.735212 2.914518 0.000000 0.000000 1.204518 -24.549648 0.788833 1.632816 -0.000002 0.000000 0.758652 -15.809471 -8.660292 1.817514 -0.000003 -0.000001 0.000526 -0.000455 0.000459 25.633276 5.994579 -1.761724 107.710480 -70.385017 92.073517 -18.544613 0.000003 0.000012 65.002281 -51.398247 -38.239147 -29.903347 0.000000 0.000001 134.580566 -7.655636 -7.525407 -27.414274 0.000012 0.000013 7.647223 11.990836 2.318748 -2.094768 -3.163312 -0.799955 13.238895 -33.078682 67.775627 -4.505661 0.000005 0.000000 -21.419470 -3.711687 14.818432 -2.700114 -0.000006 0.000006 0.658794 -4.242220 0.533590 -3.121519 -0.000000 0.000006 -0.000676 0.001820 0.000251 -3.183331 -2.255512 -0.121331 3.173514 1.092832 -0.986978 -6.179836 0.000000 0.000000 -4.182535 -25.579311 0.030798 -3.389430 -0.000001 -0.000012 2.969959 -13.389367 -1.005275 -2.123821 -0.000003 -0.000012 1.176926 -5.338938 -3.486699 -2.529789 -0.000000 -0.000001 0.000317 -0.000110 0.000290 -3.179951 -0.924413 0.397693 -7.957973 -2.629220 -1.863315 -6.054549 -0.000003 -0.000001 4.109958 -23.397409 0.170652 -4.244578 -0.000001 0.000012 2.046332 -17.881451 0.220663 -2.732867 0.000004 0.000000 1.076622 -7.189406 -2.919651 -2.043405 0.000006 -0.000001 -0.000314 -0.001309 0.000366 -2.933434 0.316848 -0.122046 -11.028757 -5.807948 -17.550333 -5.826602 -0.000005 -0.000000 2.367698 -21.204880 18.333075 -4.028100 -0.000000 0.000000 1.481475 -20.480078 0.008327 -2.443439 -0.000000 0.000000 2.083055 -18.750076 -8.858052 -1.786791 0.000003 0.000011 -0.003514 -0.002400 -0.001596 -2.949983 1.545734 -0.540328 -15.540035 -14.834731 -13.689506 -5.116444 -0.000002 -0.000000 8.296456 -18.019875 18.448044 -2.915901 -0.000000 0.000012 3.734996 -20.273014 -0.307637 -1.633906 0.000001 -0.000012 2.538680 -15.384779 -13.452311 -1.819588 0.000000 -0.000001 -0.001331 0.001080 -0.000488 -8.517063 2.351946 11.888292 156.117538 -15.528371 -15.441597 42.799587 0.000001 0.000002 46.148945 1.665396 -4.310315 45.345985 0.000001 -0.000007 -89.765556 -11.953428 -8.380824 14.268355 0.000005 0.000000 -7.127277 0.788508 -0.818876 6.980276 -0.121840 0.000001 -0.000376 0.000136 -0.000106 -8.535283 2.358025 -11.910014 -31.088837 -22.383028 -8.812490 -42.789711 -0.000003 -0.000003 53.769341 3.307446 -6.120248 -45.345604 0.000000 0.000000 -56.275425 2.649191 -13.199650 -14.268300 -0.000000 -0.000000 -7.679990 2.078435 0.137513 -6.981181 0.121853 -0.000003 0.004811 -0.000537 0.000372
0.000000 0.000000 0.000000 0.000000 0.000000 0.000000 -4.979188 105.397781 -10.285107 93.139305 9.015300 -79.191002 5.266023 0.261829 -0.008408 11.373405 -5.747603 -1.468225 7.597601 -0.000001 0.000000 -5.936179 1.208003 3.241943 8.008073 -0.000000 -0.000000 16.840553 -2.882837 -1.933240 29.519594 -0.802532 0.014094 20.645004 9.185575 -0.856190 8.099053 -0.000000 0.000000 25.567879 10.722326 9.804896 6.860398 0.000000 0.000000 -27.149538 -2.535233 -8.345476 18.447189 0.760179 -0.003674 -0.001363 -0.000510 0.000326 0.200078 3.635073 -0.007852 0.061836 -0.826086 0.352067 5.721212 9.287379 3.627303 7.748246 -0.146077 0.801134 5.744883 9.302453 -3.630085 7.746347 -0.149578 -5.010989 25.666941 5.953198 1.744820 -38.130741 -70.056076 55.722580 18.464344 -0.000002 -0.000012 57.352234 -47.246952 -37.684311 29.884953 0.000000 -0.000001 134.844986 -6.270499 -6.276483 27.413786 0.000000 0.000011 7.081778 17.617786 -3.521859 2.094321 3.161254 0.799310 14.175374 -24.761475 65.426552 4.501803 -0.000008 -0.000000 -19.436132 -3.878268 17.082541 2.698064 0.000006 -0.000006 0.322417 -3.348079 -5.593842 3.118652 0.000000 -0.000012 0.000073 0.000788 0.000187 3.181590 2.254555 0.120951 1.642395 5.970453 -2.044156 6.175169 -0.000002 0.000011 -2.354284 -40.866344 0.398937 3.387755 -0.000001 -0.000000 6.143237 -24.795322 -0.496009 2.120990 0.000003 -0.000000 0.151577 -9.409066 -3.964773 2.529893 0.000000 0.000000 0.000193 -0.000679 -0.000151 3.178449 0.924150 -0.397349 -8.616542 0.931389 -0.595729 6.049747 0.000000 -0.000001 4.015788 -36.625286 0.204417 4.242486 -0.000003 0.000000 5.383496 -26.403814 -0.281479 2.731824 -0.000001 0.000012 0.484985 -9.600579 -5.772168 2.041451 0.000003 0.000012 -0.000005 0.000203 -0.000479 2.932182 -0.316448 0.122310 -11.279971 -3.496512 -18.155546 5.821784 -0.000001 -0.000001 -3.551248 -29.623087 21.251232 4.026133 0.000000 0.000000 1.198442 -27.266527 -0.624985 2.442604 0.000002 -0.000012 0.809384 -21.196745 -6.545900 1.785016 0.000000 -0.000025 0.000219 -0.000112 0.000378 2.948916 -1.544389 0.539792 -16.342833 -14.157374 -15.072029 5.112839 -0.000002 0.000011 4.446093 -25.036222 18.865484 2.914518 0.000000 0.000000 1.428521 -25.940769 0.817230 1.632816 -0.000002 0.000000 1.040619 -16.994087 -9.055977 1.817514 -0.000003 -0.000001 0.000560 -0.000489 0.000471 25.633276 5.994579 -1.761724 110.346924 -68.804916 89.329636 -18.544613 0.000003 0.000012 61.935459 -50.847519 -39.137932 -29.903347 0.000000 0.000001 137.596527 -8.014270 -9.484582 -27.414274 0.000012 0.000013 9.022895 13.143957 0.648429 -2.094768 -3.163312 -0.799955 12.528243 -32.879097 67.800140 -4.505661 0.000005 0.000000 -21.509382 -3.745311 14.505463 -2.700114 -0.000006 0.000006 0.729494 -4.515869 0.775655 -3.121519 -0.000000 0.000006 -0.000761 0.001856 0.000291 -3.183331 -2.255512 -0.121331 2.730600 1.404230 -1.341405 -6.179836 0.000000 0.000000 -3.833813 -26.891331 -0.148424 -3.389430 -0.000001 -0.000012 3.630183 -14.705530 -1.224364 -2.123821 -0.000003 -0.000012 1.174842 -6.084338 -3.732338 -2.529789 -0.000000 -0.000001 0.000320 -0.000145 0.000349 -3.179951 -0.924413 0.397693 -8.315179 -2.563606 -2.083056 -6.054549 -0.000003 -0.000001 4.573977 -24.824896 -0.070026 -4.244578 -0.000001 0.000012 2.718552 -19.327433 0.128247 -2.732867 0.000004 0.000000 1.301007 -8.121087 -3.640040 -2.043405 0.000006 -0.000001 -0.000404 -0.001453 0.000369 -2.933434 0.316848 -0.122046 -11.267964 -5.812862 -17.682886 -5.826602 -0.000005 -0.000000 2.351515 -22.708605 18.233274 -4.028100 -0.000000 0.000000 2.233296 -22.049112 -0.153353 -2.443439 -0.000000 0.000000 2.550024 -20.005432 -9.771694 -1.786791 0.000003 0.000011 -0.003829 -0.002528 -0.001637 -2.949983 1.545734 -0.540328 -15.661767 -15.065551 -13.703717 -5.116444 -0.000002 -0.000000 8.301129 -19.598106 18.343393 -2.915901 -0.000000 0.000012 4.813972 -21.391266 -0.421342 -1.633906 0.000001 -0.000012 3.277806 -16.672714 -14.812287 -1.819588 0.000000 -0.000001 -0.001668 0.000982 -0.000579 -8.517063 2.351946 11.888292 156.111755 -16.330210 -15.719557 42.799587 0.000001 0.000002 45.405781 1.945842 -4.449601 45.345985 0.000001 -0.000007 -89.308060 -12.319224 -9.225499 14.268355 0.000005 0.000000 -7.120444 0.678781 -1.037935 6.980276 -0.121840 0.000001 -0.000384 0.000121 -0.000069 -8.535283 2.358025 -11.910014 -32.091702 -22.948673 -8.946025 -42.789711 -0.000003 -0.000003 54.693108 3.471580 -6.368405 -45.345604 0.000000 0.000000 -55.997185 1.319450 -13.286936 -14.268300 -0.000000 -0.000000 -7.433522 1.852876 0.110027 -6.981181 0.121853 -0.000003 0.005102 -0.000656 0.000443
0.000000 0.000000 0.000000 0.000000 0.000000 0.000000 -4.532867 105.527153 -10.871248 93.454170 9.276370 -79.116119 5.266023 0.261829 -0.008408 11.502009 -6.030213 -1.345155 7.597601 -0.000001 0.000000 -5.936876 1.294162 3.134047 8.008073 -0.000000 -0.000000 16.931547 -2.734846 -1.806040 29.519594 -0.802532 0.014094 20.871607 9.443937 -0.932375 8.099053 -0.000000 0.000000 26.929918 11.200056 10.139769 6.860398 0.000000 0.000000 -27.657139 -2.807880 -8.139619 18.447189 0.760179 -0.003674 -0.001316 -0.000536 0.000324 0.200078 3.635073 -0.007852 0.080086 -0.850805 0.381397 5.721212 9.287379 3.627303 7.443470 -0.162461 0.652111 5.744883 9.302453 -3.630085 7.441707 -0.165997 -5.159110 25.666941 5.953198 1.744820 -34.766552 -68.101723 52.170776 18.464344 -0.000002 -0.000012 57.075642 -45.757931 -38.574474 29.884953 0.000000 -0.000001 136.238388 -6.033363 -7.063859 27.413786 0.000000 0.000011 6.673992 18.175230 -3.797631 2.094321 3.161254 0.799310 12.436963 -25.468351 66.137405 4.501803 -0.000008 -0.000000 -19.972273 -4.204766 16.584627 2.698064 0.000006 -0.000006 -0.001375 -4.033313 -5.056890 3.118652 0.000000 -0.000012 0.000035 0.000824 0.000169 3.181590 2.254555 0.120951 0.781779 6.017217 -1.822103 6.175169 -0.000002 0.000011 -2.687580 -43.295082 0.646049 3.387755 -0.000001 -0.000000 6.809205 -25.970112 -0.369009 2.120990 0.000003 -0.000000 0.188698 -10.294087 -4.338811 2.529893 0.000000 0.000000 0.000214 -0.000681 -0.000099 3.178449 0.924150 -0.397349 -9.304041 1.082717 -0.147878 6.049747 0.000000 -0.000001 3.916452 -38.805046 0.246516 4.242486 -0.000003 0.000000 5.971090 -27.815441 -0.220611 2.731824 -0.000001 0.000012 0.623596 -10.414667 -6.378061 2.041451 0.000003 0.000012 -0.000023 0.000184 -0.000526 2.932182 -0.316448 0.122310 -11.935275 -3.167498 -17.874666 5.821784 -0.000001 -0.000001 -4.441556 -31.374941 21.728693 4.026133 0.000000 0.000000 1.333666 -28.779228 -0.658453 2.442604 0.000002 -0.000012 1.170277 -22.658628 -7.261442 1.785016 0.000000 -0.000025 0.000228 -0.000157 0.000399 2.948916 -1.544389 0.539792 -17.083645 -13.905200 -14.564383 5.112839 -0.000002 0.000011 3.988647 -26.914330 19.089775 2.914518 0.000000 0.000000 1.659854 -27.538061 0.806030 1.632816 -0.000002 0.000000 1.423570 -18.457174 -9.722042 1.817514 -0.000003 -0.000001 0.000580 -0.000472 0.000502 25.633276 5.994579 -1.761724 111.756516 -67.662857 87.690933 -18.544613 0.000003 0.000012 60.113503 -49.947552 -39.383751 -29.903347 0.000000 0.000001 139.048523 -8.286087 -10.818215 -27.414274 0.000012 0.000013 9.606733 15.308741 0.320438 -2.094768 -3.163312 -0.799955 10.583014 -33.199852 68.701912 -4.505661 0.000005 0.000000 -22.222681 -3.670109 14.041952 -2.700114 -0.000006 0.000006 0.606550 -4.875280 1.087791 -3.121519 -0.000000 0.000006 -0.000743 0.001804 0.000286 -3.183331 -2.255512 -0.121331 2.173258 2.091810 -1.386830 -6.179836 0.000000 0.000000 -3.566351 -28.065348 -0.174363 -3.389430 -0.000001 -0.000012 4.258752 -15.754497 -1.292493 -2.123821 -0.000003 -0.000012 1.228634 -6.869982 -3.268481 -2.529789 -0.000000 -0.000001 0.000332 -0.000144 0.000339 -3.179951 -0.924413 0.397693 -8.604843 -1.914909 -2.047722 -6.054549 -0.000003 -0.000001 4.810683 -26.202835 -0.098509 -4.244578 -0.000001 0.000012 3.307506 -20.415474 0.097276 -2.732867 0.000004 0.000000 1.493175 -8.797889 -4.385172 -2.043405 0.000006 -0.000001 -0.000404 -0.001450 0.000387 -2.933434 0.316848 -0.122046 -11.526324 -5.238268 -17.797747 -5.826602 -0.000005 -0.000000 2.473086 -23.897882 18.246052 -4.028100 -0.000000 0.000000 2.791970 -23.352842 -0.251660 -2.443439 -0.000000 0.000000 3.029934 -21.266405 -10.816120 -1.786791 0.000003 0.000011 -0.003742 -0.002513 -0.001626 -2.949983 1.545734 -0.540328 -15.704590 -14.691452 -13.998971 -5.116444 -0.000002 -0.000000 8.263660 -20.802738 18.385979 -2.915901 -0.000000 0.000012 5.583010 -22.595413 -0.521080 -1.633906 0.000001 -0.000012 3.887861 -17.783070 -16.317055 -1.819588 0.000000 -0.000001 -0.001597 0.001121 -0.000542 -8.517063 2.351946 11.888292 156.359100 -17.100918 -16.038172 42.799587 0.000001 0.000002 44.867725 2.022858 -4.618619 45.345985 0.000001 -0.000007 -89.025017 -12.666919 -9.894222 14.268355 0.000005 0.000000 -6.742268 0.645725 -1.213874 6.980276 -0.121840 0.000001 -0.000404 0.000072 0.000004 -8.535283 2.358025 -11.910014 -32.882584 -23.495617 -8.724131 -42.789711 -0.000003 -0.000003 55.414066 3.514079 -6.454718 -45.345604 0.000000 0.000000 -55.891502 0.820401 -13.590569 -14.268300 -0.000000 -0.000000 -7.107988 1.587140 0.032960 -6.981181 0.121853 -0.000003 0.005013 -0.000711 0.000470
0.000000 0.000000 0.000000 0.000000 0.000000 0.000000 -3.986919 105.600182 -11.425899 93.738129 9.790277 -79.191055 5.266023 0.261829 -0.008408 11.722511 -6.095111 -1.347764 7.597601 -0.000001 0.000000 -5.813048 1.337033 3.114810 8.008073 -0.000000 -0.000000 16.742937 -2.632303 -1.763478 29.519594 -0.802532 0.014094 20.994650 9.693175 -1.005730 8.099053 -0.000000 0.000000 27.628633 11.408786 10.417907 6.860398 0.000000 0.000000 -27.880396 -3.004258 -8.051994 18.447189 0.760179 -0.003674 -0.001322 -0.000567 0.000315 0.200078 3.635073 -0.007852 0.128767 -0.910719 0.385356 5.721212 9.287379 3.627303 7.303592 -0.171061 0.538200 5.744883 9.302453 -3.630085 7.301770 -0.174785 -5.270663 25.666941 5.953198 1.744820 -33.309563 -66.842804 50.567410 18.464344 -0.000002 -0.000012 57.215302 -45.098331 -38.975651 29.884953 0.000000 -0.000001 137.062836 -6.087614 -7.743388 27.413786 0.000000 0.000011 6.941077 18.865971 -2.628634 2.094321 3.161254 0.799310 11.753700 -25.575592 66.405930 4.501803 -0.000008 -0.000000 -20.184481 -4.210418 16.530579 2.698064 0.000006 -0.000006 -0.165695 -4.136954 -4.994211 3.118652 0.000000 -0.000012 0.000048 0.000885 0.000134 3.181590 2.254555 0.120951 0.427913 6.074152 -1.642175 6.175169 -0.000002 0.000011 -2.807583 -43.938671 0.745890 3.387755 -0.000001 -0.000000 7.114167 -26.604275 -0.332900 2.120990 0.000003 -0.000000 0.186880 -10.769711 -4.659036 2.529893 0.000000 0.000000 0.000257 -0.000719 -0.000066 3.178449 0.924150 -0.397349 -9.567547 1.321373 0.090295 6.049747 0.000000 -0.000001 3.914268 -39.415352 0.184585 4.242486 -0.000003 0.000000 6.239129 -28.606298 -0.236126 2.731824 -0.000001 0.000012 0.664640 -10.928792 -6.678410 2.041451 0.000003 0.000012 0.000005 0.000185 -0.000560 2.932182 -0.316448 0.122310 -12.210947 -2.813627 -17.852751 5.821784 -0.000001 -0.000001 -4.716088 -31.866556 21.854841 4.026133 0.000000 0.000000 1.407068 -29.692202 -0.674783 2.442604 0.000002 -0.000012 1.239159 -23.350172 -7.457469 1.785016 0.000000 -0.000025 0.000267 -0.000182 0.000405 2.948916 -1.544389 0.539792 -17.394758 -13.442080 -14.394657 5.112839 -0.000002 0.000011 3.914049 -27.483477 19.109089 2.914518 0.000000 0.000000 1.717435 -28.415466 0.832039 1.632816 -0.000002 0.000000 1.561319 -19.184431 -9.926527 1.817514 -0.000003 -0.000001 0.000612 -0.000467 0.000528 25.633276 5.994579 -1.761724 112.553864 -66.951691 86.788383 -18.544613 0.000003 0.000012 59.454926 -49.306805 -40.077854 -29.903347 0.000000 0.000001 139.987350 -8.520086 -11.729446 -27.414274 0.000012 0.000013 9.949854 15.961578 0.556643 -2.094768 -3.163312 -0.799955 9.825645 -33.226368 68.967575 -4.505661 0.000005 0.000000 -22.317131 -3.639274 13.961426 -2.700114 -0.000006 0.000006 0.584921 -4.970804 1.197171 -3.121519 -0.000000 0.000006 -0.000793 0.001833 0.000315 -3.183331 -2.255512 -0.121331 1.822156 2.134186 -1.351058 -6.179836 0.000000 0.000000 -3.565450 -28.559381 -0.138847 -3.389430 -0.000001 -0.000012 4.512012 -16.478661 -1.343004 -2.123821 -0.000003 -0.000012 1.228840 -7.447990 -3.417161 -2.529789 -0.000000 -0.000001 0.000365 -0.000152 0.000376 -3.179951 -0.924413 0.397693 -8.868902 -1.790130 -2.010654 -6.054549 -0.000003 -0.000001 4.816180 -26.813160 -0.078946 -4.244578 -0.000001 0.000012 3.557986 -21.236839 0.128175 -2.732867 0.000004 0.000000 1.604284 -9.403741 -4.700536 -2.043405 0.000006 -0.000001 -0.000451 -0.001531 0.000378 -2.933434 0.316848 -0.122046 -11.792159 -5.048186 -17.733625 -5.826602 -0.000005 -0.000000 2.337162 -24.523771 18.347586 -4.028100 -0.000000 0.000000 3.065519 -24.277689 -0.312069 -2.443439 -0.000000 0.000000 3.245924 -21.931808 -11.210382 -1.786791 0.000003 0.000011 -0.003884 -0.002573 -0.001657 -2.949983 1.545734 -0.540328 -16.011971 -14.415678 -13.865786 -5.116444 -0.000002 -0.000000 8.146114 -21.546865 18.446056 -2.915901 -0.000000 0.000012 6.063262 -23.327991 -0.559032 -1.633906 0.000001 -0.000012 4.240846 -18.452518 -16.897953 -1.819588 0.000000 -0.000001 -0.001751 0.001044 -0.000582 -8.517063 2.351946 11.888292 156.377579 -17.836775 -16.241440 42.799587 0.000001 0.000002 44.316444 2.175758 -4.684605 45.345985 0.000001 -0.000007 -88.630119 -12.705218 -10.374998 14.268355 0.000005 0.000000 -6.563615 0.584028 -1.314009 6.980276 -0.121840 0.000001 -0.000411 0.000052 0.000028 -8.535283 2.358025 -11.910014 -33.119991 -23.914948 -8.942374 -42.789711 -0.000003 -0.000003 55.168045 3.560003 -6.666494 -45.345604 0.000000 0.000000 -55.435230 0.240541 -13.760344 -14.268300 -0.000000 -0.000000 -7.016429 1.427797 0.110937 -6.981181 0.121853 -0.000003 0.005144 -0.000764 0.000515
0.000000 0.000000 0.000000 0.000000 0.000000 0.000000 -3.345651 105.642822 -11.939950 93.876793 10.020852 -79.454269 5.266023 0.261829 -0.008408 11.714372 -6.110238 -1.425038 7.597601 -0.000001 0.000000 -5.786100 1.323942 3.083672 8.008073 -0.000000 -0.000000 16.782980 -2.517932 -1.731775 29.519594 -0.802532 0.014094 21.216669 9.819729 -1.014004 8.099053 -0.000000 0.000000 28.233799 11.533632 10.472286 6.860398 0.000000 0.000000 -28.294662 -3.052381 -7.635887 18.447189 0.760179 -0.003674 -0.001298 -0.000600 0.000337 0.200078 3.635073 -0.007852 0.131852 -0.953935 0.388528 5.721212 9.287379 3.627303 7.168529 -0.173107 0.445828 5.744883 9.302453 -3.630085 7.167700 -0.176859 -5.362147 25.666941 5.953198 1.744820 -31.958170 -66.027313 49.167255 18.464344 -0.000002 -0.000012 57.028419 -44.337776 -38.818787 29.884953 0.000000 -0.000001 137.355347 -6.011769 -8.181705 27.413786 0.000000 0.000011 6.585738 19.227169 -1.526881 2.094321 3.161254 0.799310 10.444054 -26.112606 66.983795 4.501803 -0.000008 -0.000000 -20.573500 -4.357590 16.220861 2.698064 0.000006 -0.000006 -0.459273 -4.666733 -4.508364 3.118652 0.000000 -0.000012 0.000006 0.000872 0.000143 3.181590 2.254555 0.120951 0.067190 6.079254 -1.423223 6.175169 -0.000002 0.000011 -3.145964 -45.493114 0.881794 3.387755 -0.000001 -0.000000 7.471970 -27.326105 -0.284633 2.120990 0.000003 -0.000000 0.248701 -11.368828 -4.768404 2.529893 0.000000 0.000000 0.000287 -0.000679 -0.000009 3.178449 0.924150 -0.397349 -9.798992 1.506191 0.347706 6.049747 0.000000 -0.000001 3.784008 -40.798279 0.249248 4.242486 -0.000003 0.000000 6.560886 -29.484301 -0.259870 2.731824 -0.000001 0.000012 0.755954 -11.437349 -7.006881 2.041451 0.000003 0.000012 -0.000033 0.000123 -0.000605 2.932182 -0.316448 0.122310 -12.461333 -2.484395 -17.707739 5.821784 -0.000001 -0.000001 -5.167936 -32.849754 22.065277 4.026133 0.000000 0.000000 1.484725 -30.670000 -0.728582 2.442604 0.000002 -0.000012 1.492857 -24.278803 -7.945357 1.785016 0.000000 -0.000025 0.000236 -0.000199 0.000466 2.948916 -1.544389 0.539792 -17.687710 -13.072654 -14.208457 5.112839 -0.000002 0.000011 3.710131 -28.553192 19.223595 2.914518 0.000000 0.000000 1.784889 -29.496429 0.814620 1.632816 -0.000002 0.000000 1.805541 -20.094522 -10.374837 1.817514 -0.000003 -0.000001 0.000646 -0.000405 0.000576 25.633276 5.994579 -1.761724 113.076744 -66.591217 86.190010 -18.544613 0.000003 0.000012 59.107441 -48.589474 -40.292553 -29.903347 0.000000 0.000001 140.116318 -8.634539 -12.153387 -27.414274 0.000012 0.000013 10.030071 17.423317 0.647367 -2.094768 -3.163312 -0.799955 8.627379 -33.424622 69.492134 -4.505661 0.000005 0.000000 -22.847136 -3.556400 13.645733 -2.700114 -0.000006 0.000006 0.499101 -5.304506 1.413052 -3.121519 -0.000000 0.000006 -0.000751 0.001853 0.000316 -3.183331 -2.255512 -0.121331 1.559185 2.618179 -1.374065 -6.179836 0.000000 0.000000 -3.415682 -29.246212 -0.169978 -3.389430 -0.000001 -0.000012 4.858186 -17.084892 -1.394714 -2.123821 -0.000003 -0.000012 1.239032 -7.934377 -2.918067 -2.529789 -0.000000 -0.000001 0.000408 -0.000140 0.000336 -3.179951 -0.924413 0.397693 -8.980622 -1.339370 -1.966437 -6.054549 -0.000003 -0.000001 4.884987 -27.572668 -0.124914 -4.244578 -0.000001 0.000012 3.884806 -21.798185 0.107283 -2.732867 0.000004 0.000000 1.731736 -9.735101 -5.139669 -2.043405 0.000006 -0.000001 -0.000456 -0.001486 0.000420 -2.933434 0.316848 -0.122046 -11.902125 -4.675480 -17.763472 -5.826602 -0.000005 -0.000000 2.416943 -25.084620 18.367914 -4.028100 -0.000000 0.000000 3.338557 -24.936811 -0.399019 -2.443439 -0.000000 0.000000 3.564731 -22.621458 -11.850991 -1.786791 0.000003 0.000011 -0.003958 -0.002551 -0.001652 -2.949983 1.545734 -0.540328 -16.020132 -14.225696 -14.012072 -5.116444 -0.000002 -0.000000 8.127303 -22.087616 18.481951 -2.915901 -0.000000 0.000012 6.406624 -23.954224 -0.581887 -1.633906 0.000001 -0.000012 4.584702 -19.007917 -17.787813 -1.819588 0.000000 -0.000001 -0.001823 0.001061 -0.000524 -8.517063 2.351946 11.888292 156.592072 -18.340349 -16.248026 42.799587 0.000001 0.000002 43.895435 2.051713 -4.934906 45.345985 0.000001 -0.000007 -88.576180 -12.989560 -10.782382 14.268355 0.000005 0.000000 -6.499634 0.524640 -1.316567 6.980276 -0.121840 0.000001 -0.000470 -0.000028 0.000077 -8.535283 2.358025 -11.910014 -33.041706 -24.068274 -8.623113 -42.789711 -0.000003 -0.000003 54.340214 3.352671 -6.887907 -45.345604 0.000000 0.000000 -55.224731 -0.207418 -14.000739 -14.268300 -0.000000 -0.000000 -6.827211 1.164201 -0.064069 -6.981181 0.121853 -0.000003 0.005171 -0.000801 0.000511
0.000000 0.000000 0.000000 0.000000 0.000000 0.000000 -2.619101 105.445900 -12.404349 93.666786 10.590456 -80.159424 5.266023 0.261829 -0.008408 11.826116 -5.939015 -1.500306 7.597601 -0.000001 0.000000 -5.834682 1.294516 3.019866 8.008073 -0.000000 -0.000000 16.743433 -2.459145 -1.723539 29.519594 -0.802532 0.014094 21.105942 9.927719 -1.029907 8.099053 -0.000000 0.000000 28.175865 11.446164 10.257493 6.860398 0.000000 0.000000 -28.217651 -3.144339 -7.048258 18.447189 0.760179 -0.003674 -0.001252 -0.000644 0.000345 0.200078 3.635073 -0.007852 0.160073 -0.974125 0.371162 5.721212 9.287379 3.627303 7.295014 -0.171181 0.314306 5.744883 9.302453 -3.630085 7.293635 -0.174889 -5.493001 25.666941 5.953198 1.744820 -31.347433 -66.035339 48.654343 18.464344 -0.000002 -0.000012 55.895054 -43.648197 -37.106274 29.884953 0.000000 -0.000001 137.332642 -5.973064 -8.702980 27.413786 0.000000 0.000011 6.672943 18.790857 0.215843 2.094321 3.161254 0.799310 10.407826 -26.313520 67.119972 4.501803 -0.000008 -0.000000 -20.740578 -4.204783 16.284582 2.698064 0.000006 -0.000006 -0.646527 -4.794302 -4.470074 3.118652 0.000000 -0.000012 -0.000017 0.000824 0.000168 3.181590 2.254555 0.120951 0.385478 6.091164 -1.166180 6.175169 -0.000002 0.000011 -3.411274 -45.634247 0.991610 3.387755 -0.000001 -0.000000 7.400662 -27.486269 -0.216983 2.120990 0.000003 -0.000000 0.202302 -11.613648 -4.713613 2.529893 0.000000 0.000000 0.000317 -0.000608 0.000027 3.178449 0.924150 -0.397349 -9.620255 1.696841 0.390137 6.049747 0.000000 -0.000001 3.534253 -40.875401 0.394757 4.242486 -0.000003 0.000000 6.470181 -29.769800 -0.247524 2.731824 -0.000001 0.000012 0.722472 -11.716488 -6.990237 2.041451 0.000003 0.000012 -0.000065 0.000051 -0.000609 2.932182 -0.316448 0.122310 -12.398061 -2.191630 -17.645973 5.821784 -0.000001 -0.000001 -5.126143 -32.721016 21.935772 4.026133 0.000000 0.000000 1.374179 -31.083244 -0.680353 2.442604 0.000002 -0.000012 1.478828 -24.726763 -7.992724 1.785016 0.000000 -0.000025 0.000176 -0.000169 0.000520 2.948916 -1.544389 0.539792 -17.715227 -12.657637 -14.266124 5.112839 -0.000002 0.000011 3.670058 -28.349705 19.229721 2.914518 0.000000 0.000000 1.656165 -29.980110 0.917387 1.632816 -0.000002 0.000000 1.837511 -20.595701 -10.496752 1.817514 -0.000003 -0.000001 0.000682 -0.000357 0.000640 25.633276 5.994579 -1.761724 113.457527 -66.537163 85.910011 -18.544613 0.000003 0.000012 59.358337 -48.160919 -40.223984 -29.903347 0.000000 0.000001 139.765839 -8.732685 -12.132388 -27.414274 0.000012 0.000013 9.855722 18.398941 1.111542 -2.094768 -3.163312 -0.799955 8.391973 -33.625057 69.581741 -4.505661 0.000005 0.000000 -23.109632 -3.481154 13.613940 -2.700114 -0.000006 0.000006 0.381478 -5.449394 1.450364 -3.121519 -0.000000 0.000006 -0.000666 0.001837 0.000295 -3.183331 -2.255512 -0.121331 1.446847 2.621986 -1.268235 -6.179836 0.000000 0.000000 -3.464978 -29.426718 -0.058462 -3.389430 -0.000001 -0.000012 4.971899 -17.500542 -1.420140 -2.123821 -0.000003 -0.000012 1.222511 -8.353841 -2.900154 -2.529789 -0.000000 -0.000001 0.000458 -0.000103 0.000269 -3.179951 -0.924413 0.397693 -9.049222 -1.258046 -1.883153 -6.054549 -0.000003 -0.000001 4.680609 -27.839300 -0.024223 -4.244578 -0.000001 0.000012 4.021755 -22.124779 0.170538 -2.732867 0.000004 0.000000 1.763684 -10.097947 -5.253097 -2.043405 0.000006 -0.000001 -0.000416 -0.001401 0.000452 -2.933434 0.316848 -0.122046 -12.062264 -4.617199 -17.686335 -5.826602 -0.000005 -0.000000 2.377658 -25.210428 18.452398 -4.028100 -0.000000 0.000000 3.427455 -25.348944 -0.406522 -2.443439 -0.000000 0.000000 3.625465 -22.979534 -12.012115 -1.786791 0.000003 0.000011 -0.003869 -0.002444 -0.001612 -2.949983 1.545734 -0.540328 -16.217838 -14.295332 -14.015034 -5.116444 -0.000002 -0.000000 8.052318 -21.968178 18.595432 -2.915901 -0.000000 0.000012 6.587552 -24.401423 -0.583864 -1.633906 0.000001 -0.000012 4.691609 -19.378702 -18.045546 -1.819588 0.000000 -0.000001 -0.001726 0.001202 -0.000420 -8.517063 2.351946 11.888292 156.547241 -18.521173 -16.103518 42.799587 0.000001 0.000002 43.727505 2.029483 -5.141053 45.345985 0.000001 -0.000007 -88.583176 -13.324683 -11.157720 14.268355 0.000005 0.000000 -6.707009 0.483072 -1.383161 6.980276 -0.121840 0.000001 -0.000572 -0.000099 0.000112 -8.535283 2.358025 -11.910014 -32.661423 -24.218973 -8.204773 -42.789711 -0.000003 -0.000003 52.637352 3.042941 -7.239666 -45.345604 0.000000 0.000000 -54.769299 -0.319996 -14.213240 -14.268300 -0.000000 -0.000000 -6.854181 1.160728 -0.143777 -6.981181 0.121853 -0.000003 0.005046 -0.000782 0.000500
0.000000 0.000000 0.000000 0.000000 0.000000 0.000000 -1.821262 105.219330 -12.807113 93.233917 10.825803 -80.691643 5.266023 0.261829 -0.008408 11.799977 -5.658160 -1.533909 7.597601 -0.000001 0.000000 -5.878011 1.209206 2.997554 8.008073 -0.000000 -0.000000 16.751719 -2.371419 -1.746889 29.519594 -0.802532 0.014094 20.982199 9.904706 -1.046675 8.099053 -0.000000 0.000000 27.838642 11.348935 10.078790 6.860398 0.000000 0.000000 -28.039610 -3.316252 -6.681695 18.447189 0.760179 -0.003674 -0.001173 -0.000677 0.000296 0.200078 3.635073 -0.007852 0.158441 -0.990117 0.351677 5.721212 9.287379 3.627303 7.397100 -0.160680 0.275061 5.744883 9.302453 -3.630085 7.400234 -0.164192 -5.534442 25.666941 5.953198 1.744820 -30.894964 -66.965866 48.274872 18.464344 -0.000002 -0.000012 55.406254 -42.528786 -35.082100 29.884953 0.000000 -0.000001 136.400772 -5.862119 -8.839912 27.413786 0.000000 0.000011 7.015111 18.122818 2.150534 2.094321 3.161254 0.799310 10.511717 -26.530195 67.299179 4.501803 -0.000008 -0.000000 -20.946796 -3.893759 16.337847 2.698064 0.000006 -0.000006 -0.875353 -4.848454 -4.374676 3.118652 0.000000 -0.000012 -0.000003 0.000756 0.000157 3.181590 2.254555 0.120951 1.000628 6.117215 -1.041631 6.175169 -0.000002 0.000011 -3.559042 -45.582520 1.026820 3.387755 -0.000001 -0.000000 7.446454 -27.423159 -0.215861 2.120990 0.000003 -0.000000 0.170181 -11.946012 -4.633003 2.529893 0.000000 0.000000 0.000357 -0.000529 0.000078 3.178449 0.924150 -0.397349 -9.114287 1.884923 0.349028 6.049747 0.000000 -0.000001 3.414404 -40.728683 0.509485 4.242486 -0.000003 0.000000 6.407363 -29.848370 -0.300121 2.731824 -0.000001 0.000012 0.754559 -12.086209 -6.993906 2.041451 0.000003 0.000012 -0.000059 -0.000002 -0.000580 2.932182 -0.316448 0.122310 -11.993689 -1.874026 -17.593576 5.821784 -0.000001 -0.000001 -4.901132 -32.347542 21.762142 4.026133 0.000000 0.000000 1.347303 -31.303169 -0.717960 2.442604 0.000002 -0.000012 1.555238 -25.312410 -8.165329 1.785016 0.000000 -0.000025 0.000125 -0.000106 0.000529 2.948916 -1.544389 0.539792 -17.402105 -12.255936 -14.324689 5.112839 -0.000002 0.000011 3.846144 -27.726042 19.167196 2.914518 0.000000 0.000000 1.639817 -30.291002 0.936701 1.632816 -0.000002 0.000000 1.971756 -21.280407 -10.723792 1.817514 -0.000003 -0.000001 0.000706 -0.000303 0.000653 25.633276 5.994579 -1.761724 112.869476 -67.058197 86.636795 -18.544613 0.000003 0.000012 59.879765 -47.655899 -39.575336 -29.903347 0.000000 0.000001 138.746811 -8.797772 -11.604810 -27.414274 0.000012 0.000013 9.614425 18.923437 2.010075 -2.094768 -3.163312 -0.799955 7.753338 -33.875401 69.966621 -4.505661 0.000005 0.000000 -23.491552 -3.274279 13.585546 -2.700114 -0.000006 0.000006 0.227161 -5.497631 1.487760 -3.121519 -0.000000 0.000006 -0.000589 0.001755 0.000254 -3.183331 -2.255512 -0.121331 1.451171 2.756838 -1.090253 -6.179836 0.000000 0.000000 -3.600911 -29.261251 0.070292 -3.389430 -0.000001 -0.000012 5.107164 -17.704039 -1.448747 -2.123821 -0.000003 -0.000012 1.217675 -8.869569 -2.778445 -2.529789 -0.000000 -0.000001 0.000482 -0.000065 0.000216 -3.179951 -0.924413 0.397693 -9.025126 -0.929274 -1.799248 -6.054549 -0.000003 -0.000001 4.381008 -27.890217 0.165879 -4.244578 -0.000001 0.000012 4.124035 -22.195475 0.204694 -2.732867 0.000004 0.000000 1.758279 -10.441917 -5.452972 -2.043405 0.000006 -0.000001 -0.000298 -0.001270 0.000444 -2.933434 0.316848 -0.122046 -12.141969 -4.312739 -17.689405 -5.826602 -0.000005 -0.000000 2.340085 -24.985374 18.625097 -4.028100 -0.000000 0.000000 3.479570 -25.503719 -0.426379 -2.443439 -0.000000 0.000000 3.731927 -23.415560 -12.293889 -1.786791 0.000003 0.000011 -0.003461 -0.002224 -0.001561 -2.949983 1.545734 -0.540328 -16.319080 -14.025922 -14.076757 -5.116444 -0.000002 -0.000000 7.960398 -21.526993 18.805922 -2.915901 -0.000000 0.000012 6.693967 -24.712379 -0.618284 -1.633906 0.000001 -0.000012 4.781938 -19.812193 -18.377691 -1.819588 0.000000 -0.000001 -0.001337 0.001469 -0.000294 -8.517063 2.351946 11.888292 156.668152 -18.793131 -16.172928 42.799587 0.000001 0.000002 43.871494 2.160871 -5.244051 45.345985 0.000001 -0.000007 -88.443016 -13.117770 -11.423086 14.268355 0.000005 0.000000 -6.605321 0.523122 -1.272734 6.980276 -0.121840 0.000001 -0.000612 -0.000150 0.000113 -8.535283 2.358025 -11.910014 -31.264303 -24.342810 -8.290718 -42.789711 -0.000003 -0.000003 49.604595 2.643129 -7.657063 -45.345604 0.000000 0.000000 -54.450447 -0.552529 -14.619629 -14.268300 -0.000000 -0.000000 -7.076503 1.159845 -0.060656 -6.981181 0.121853 -0.000003 0.004663 -0.000738 0.000467
0.000000 0.000000 0.000000 0.000000 0.000000 0.000000 -0.968384 104.910889 -13.128983 92.690605 11.202497 -81.532242 5.266023 0.261829 -0.008408 11.856153 -5.350624 -1.531474 7.597601 -0.000001 0.000000 -5.909522 1.126875 2.949687 8.008073 -0.000000 -0.000000 16.688263 -2.291528 -1.701013 29.519594 -0.802532 0.014094 20.633986 9.744458 -1.117148 8.099053 -0.000000 0.000000 26.927422 11.059835 9.767338 6.860398 0.000000 0.000000 -27.648016 -3.365102 -6.319565 18.447189 0.760179 -0.003674 -0.001124 -0.000743 0.000319 0.200078 3.635073 -0.007852 0.166371 -1.006419 0.336631 5.721212 9.287379 3.627303 7.744853 -0.153176 0.285812 5.744883 9.302453 -3.630085 7.751493 -0.156582 -5.524492 25.666941 5.953198 1.744820 -31.031330 -68.381432 48.455013 18.464344 -0.000002 -0.000012 55.267048 -41.894825 -33.213451 29.884953 0.000000 -0.000001 135.158447 -5.856208 -8.714561 27.413786 0.000000 0.000011 7.010023 17.866184 4.279855 2.094321 3.161254 0.799310 10.662434 -26.911304 67.565384 4.501803 -0.000008 -0.000000 -21.226583 -3.525191 16.446413 2.698064 0.000006 -0.000006 -1.075322 -4.689704 -4.428664 3.118652 0.000000 -0.000012 -0.000088 0.000656 0.000160 3.181590 2.254555 0.120951 1.641872 6.144710 -0.826631 6.175169 -0.000002 0.000011 -3.769449 -45.291813 1.104422 3.387755 -0.000001 -0.000000 7.364374 -27.447649 -0.176538 2.120990 0.000003 -0.000000 0.113152 -12.304030 -4.589891 2.529893 0.000000 0.000000 0.000414 -0.000375 0.000165 3.178449 0.924150 -0.397349 -8.591865 2.122040 0.361688 6.049747 0.000000 -0.000001 3.168834 -40.482208 0.662672 4.242486 -0.000003 0.000000 6.344816 -30.026720 -0.328765 2.731824 -0.000001 0.000012 0.762107 -12.540146 -6.941641 2.041451 0.000003 0.000012 -0.000129 -0.000123 -0.000622 2.932182 -0.316448 0.122310 -11.610395 -1.480665 -17.514719 5.821784 -0.000001 -0.000001 -4.780446 -32.021412 21.568825 4.026133 0.000000 0.000000 1.257983 -31.674889 -0.749344 2.442604 0.000002 -0.000012 1.569195 -25.947992 -8.218431 1.785016 0.000000 -0.000025 0.000046 -0.000114 0.000619 2.948916 -1.544389 0.539792 -17.081400 -11.699805 -14.444077 5.112839 -0.000002 0.000011 3.852496 -27.225780 19.180571 2.914518 0.000000 0.000000 1.598812 -30.750477 0.930057 1.632816 -0.000002 0.000000 2.092532 -22.046104 -10.837963 1.817514 -0.000003 -0.000001 0.000777 -0.000205 0.000711 25.633276 5.994579 -1.761724 111.973114 -67.996101 87.674347 -18.544613 0.000003 0.000012 60.848736 -47.768703 -39.208378 -29.903347 0.000000 0.000001 137.451172 -8.923308 -10.846273 -27.414274 0.000012 0.000013 9.448008 19.894588 3.269709 -2.094768 -3.163312 -0.799955 7.280497 -34.256092 70.320923 -4.505661 0.000005 0.000000 -23.829130 -3.039439 13.611927 -2.700114 -0.000006 0.000006 0.064227 -5.382351 1.428563 -3.121519 -0.000000 0.000006 -0.000520 0.001715 0.000231 -3.183331 -2.255512 -0.121331 1.406385 2.821007 -0.888930 -6.179836 0.000000 0.000000 -3.816077 -29.019714 0.318623 -3.389430 -0.000001 -0.000012 5.260100 -17.969036 -1.475850 -2.123821 -0.000003 -0.000012 1.237730 -9.515670 -2.992105 -2.529789 -0.000000 -0.000001 0.000542 -0.000017 0.000150 -3.179951 -0.924413 0.397693 -9.025013 -0.623758 -1.679267 -6.054549 -0.000003 -0.000001 3.979825 -27.886110 0.425255 -4.244578 -0.000001 0.000012 4.294822 -22.334316 0.195673 -2.732867 0.000004 0.000000 1.789487 -10.906734 -5.684998 -2.043405 0.000006 -0.000001 -0.000231 -0.001106 0.000512 -2.933434 0.316848 -0.122046 -12.280682 -3.997836 -17.629416 -5.826602 -0.000005 -0.000000 2.247254 -24.774925 18.799921 -4.028100 -0.000000 0.000000 3.566647 -25.698359 -0.506832 -2.443439 -0.000000 0.000000 3.857532 -23.858688 -12.606165 -1.786791 0.000003 0.000011 -0.003202 -0.002110 -0.001565 -2.949983 1.545734 -0.540328 -16.482613 -13.673210 -14.057679 -5.116444 -0.000002 -0.000000 7.778278 -21.150549 19.015638 -2.915901 -0.000000 0.000012 6.856068 -24.987715 -0.719287 -1.633906 0.000001 -0.000012 4.875209 -20.250828 -18.653467 -1.819588 0.000000 -0.000001 -0.001082 0.001586 -0.000147 -8.517063 2.351946 11.888292 156.707199 -18.934347 -16.103249 42.799587 0.000001 0.000002 44.025757 2.329825 -5.364334 45.345985 0.000001 -0.000007 -88.296188 -12.729260 -11.588181 14.268355 0.000005 0.000000 -6.523019 0.562714 -1.194092 6.980276 -0.121840 0.000001 -0.000677 -0.000292 0.000166 -8.535283 2.358025 -11.910014 -29.815638 -24.526213 -8.678375 -42.789711 -0.000003 -0.000003 46.623344 2.339334 -7.998333 -45.345604 0.000000 0.000000 -54.870964 -0.308185 -15.007226 -14.268300 -0.000000 -0.000000 -7.277183 1.186849 0.026228 -6.981181 0.121853 -0.000003 0.004406 -0.000753 0.000410
0.000000 0.000000 0.000000 0.000000 0.000000 0.000000 -0.076568 104.536568 -13.339347 91.947250 11.468781 -82.242378 5.266023 0.261829 -0.008408 11.854979 -5.014860 -1.451587 7.597601 -0.000001 0.000000 -6.021830 1.027362 2.924901 8.008073 -0.000000 -0.000000 16.651840 -2.217799 -1.683441 29.519594 -0.802532 0.014094 20.149446 9.493133 -1.220968 8.099053 -0.000000 0.000000 25.547764 10.718711 9.402002 6.860398 0.000000 0.000000 -26.742130 -3.241905 -6.130080 18.447189 0.760179 -0.003674 -0.001095 -0.000778 0.000347 0.200078 3.635073 -0.007852 0.220800 -0.996976 0.308668 5.721212 9.287379 3.627303 8.122989 -0.138148 0.387420 5.744883 9.302453 -3.630085 8.132893 -0.141473 -5.424629 25.666941 5.953198 1.744820 -31.996210 -70.525475 49.325554 18.464344 -0.000002 -0.000012 55.342987 -40.690468 -30.986980 29.884953 0.000000 -0.000001 133.240845 -5.663260 -8.260557 27.413786 0.000000 0.000011 6.617812 17.648869 6.509589 2.094321 3.161254 0.799310 10.610599 -27.378302 67.950615 4.501803 -0.000008 -0.000000 -21.597481 -3.207079 16.525761 2.698064 0.000006 -0.000006 -1.309422 -4.664978 -4.368376 3.118652 0.000000 -0.000012 -0.000176 0.000524 0.000157 3.181590 2.254555 0.120951 2.370496 6.168620 -0.473662 6.175169 -0.000002 0.000011 -4.099505 -45.228477 1.226365 3.387755 -0.000001 -0.000000 7.247267 -27.518333 -0.085309 2.120990 0.000003 -0.000000 0.023367 -12.863934 -4.483843 2.529893 0.000000 0.000000 0.000423 -0.000204 0.000219 3.178449 0.924150 -0.397349 -7.993644 2.363103 0.475777 6.049747 0.000000 -0.000001 2.902394 -40.348579 0.870118 4.242486 -0.000003 0.000000 6.143903 -30.397520 -0.338704 2.731824 -0.000001 0.000012 0.794658 -13.196515 -6.886588 2.041451 0.000003 0.000012 -0.000206 -0.000197 -0.000621 2.932182 -0.316448 0.122310 -11.162684 -1.064281 -17.411077 5.821784 -0.000001 -0.000001 -4.653884 -31.679438 21.375128 4.026133 0.000000 0.000000 1.027877 -32.350662 -0.705947 2.442604 0.000002 -0.000012 1.639018 -26.933823 -8.399909 1.785016 0.000000 -0.000025 -0.000039 -0.000105 0.000665 2.948916 -1.544389 0.539792 -16.682087 -11.104151 -14.614103 5.112839 -0.000002 0.000011 3.862300 -26.648451 19.274134 2.914518 0.000000 0.000000 1.493849 -31.641232 0.967158 1.632816 -0.000002 0.000000 2.287809 -23.236990 -11.112028 1.817514 -0.000003 -0.000001 0.000805 -0.000161 0.000707 25.633276 5.994579 -1.761724 110.803658 -69.253494 88.937477 -18.544613 0.000003 0.000012 62.005051 -47.793003 -38.487617 -29.903347 0.000000 0.000001 135.576385 -9.013582 -9.859473 -27.414274 0.000012 0.000013 9.506962 21.373369 4.190013 -2.094768 -3.163312 -0.799955 6.920588 -34.535278 70.678268 -4.505661 0.000005 0.000000 -24.395426 -2.693068 13.635201 -2.700114 -0.000006 0.000006 -0.155752 -5.335994 1.395342 -3.121519 -0.000000 0.000006 -0.000448 0.001682 0.000206 -3.183331 -2.255512 -0.121331 1.654966 3.188353 -0.590631 -6.179836 0.000000 0.000000 -3.967222 -28.627209 0.604851 -3.389430 -0.000001 -0.000012 5.577229 -18.380268 -1.531858 -2.123821 -0.000003 -0.000012 1.292596 -10.480348 -3.139950 -2.529789 -0.000000 -0.000001 0.000543 0.000013 0.000093 -3.179951 -0.924413 0.397693 -8.790289 -0.047612 -1.557939 -6.054549 -0.000003 -0.000001 3.738954 -27.714659 0.655478 -4.244578 -0.000001 0.000012 4.613760 -22.544397 0.170323 -2.732867 0.000004 0.000000 1.866257 -11.558325 -6.096915 -2.043405 0.000006 -0.000001 -0.000172 -0.000937 0.000563 -2.933434 0.316848 -0.122046 -12.131722 -3.483581 -17.677189 -5.826602 -0.000005 -0.000000 2.356165 -24.263487 18.940372 -4.028100 -0.000000 0.000000 3.784770 -25.992229 -0.645233 -2.443439 -0.000000 0.000000 4.107268 -24.550186 -13.155402 -1.786791 0.000003 0.000011 -0.003001 -0.001998 -0.001556 -2.949983 1.545734 -0.540328 -16.257492 -13.194945 -14.247832 -5.116444 -0.000002 -0.000000 7.722306 -20.372641 19.150110 -2.915901 -0.000000 0.000012 7.073504 -25.405493 -0.912236 -1.633906 0.000001 -0.000012 5.070692 -20.884663 -19.195208 -1.819588 0.000000 -0.000001 -0.000858 0.001681 -0.000038 -8.517063 2.351946 11.888292 156.645096 -18.768524 -15.813289 42.799587 0.000001 0.000002 44.340416 2.384627 -5.484118 45.345985 0.000001 -0.000007 -88.166252 -12.323350 -11.523761 14.268355 0.000005 0.000000 -6.325675 0.668404 -1.102885 6.980276 -0.121840 0.000001 -0.000696 -0.000391 0.000235 -8.535283 2.358025 -11.910014 -27.940689 -24.407436 -9.098058 -42.789711 -0.000003 -0.000003 43.226700 1.917182 -8.259763 -45.345604 0.000000 0.000000 -55.697754 -0.635236 -15.283291 -14.268300 -0.000000 -0.000000 -7.541272 1.278666 0.128516 -6.981181 0.121853 -0.000003 0.004193 -0.000713 0.000346
0.000000 0.000000 0.000000 0.000000 0.000000 0.000000 0.840734 104.237488 -13.395126 91.636551 11.993337 -83.026863 5.266023 0.261829 -0.008408 11.962881 -4.771482 -1.403624 7.597601 -0.000001 0.000000 -6.002775 1.012523 2.815048 8.008073 -0.000000 -0.000000 16.365322 -2.013940 -1.679961 29.519594 -0.802532 0.014094 19.608614 9.102440 -1.089810 8.099053 -0.000000 0.000000 24.066774 10.364680 8.783553 6.860398 0.000000 0.000000 -25.948343 -3.167589 -5.974315 18.447189 0.760179 -0.003674 -0.001189 -0.000903 0.000407 0.200078 3.635073 -0.007852 0.262011 -0.949616 0.326802 5.721212 9.287379 3.627303 8.503233 -0.118731 0.574302 5.744883 9.302453 -3.630085 8.512473 -0.122337 -5.235310 25.666941 5.953198 1.744820 -33.366730 -72.301140 50.625767 18.464344 -0.000002 -0.000012 56.051006 -40.614323 -30.029598 29.884953 0.000000 -0.000001 131.198364 -5.495568 -7.756428 27.413786 0.000000 0.000011 6.191867 17.833529 7.898185 2.094321 3.161254 0.799310 10.929530 -27.860786 68.106979 4.501803 -0.000008 -0.000000 -21.627090 -3.054572 16.510170 2.698064 0.000006 -0.000006 -1.390409 -4.644532 -4.208477 3.118652 0.000000 -0.000012 -0.000291 0.000479 0.000106 3.181590 2.254555 0.120951 3.251476 6.150198 -0.388925 6.175169 -0.000002 0.000011 -4.176286 -44.823872 1.116120 3.387755 -0.000001 -0.000000 7.063048 -27.252628 -0.047839 2.120990 0.000003 -0.000000 -0.027017 -12.836965 -4.366424 2.529893 0.000000 0.000000 0.000490 -0.000069 0.000358 3.178449 0.924150 -0.397349 -7.246768 2.414519 0.359201 6.049747 0.000000 -0.000001 2.791485 -39.840317 0.883421 4.242486 -0.000003 0.000000 5.913476 -30.217255 -0.337259 2.731824 -0.000001 0.000012 0.745604 -13.198307 -6.823073 2.041451 0.000003 0.000012 -0.000282 -0.000355 -0.000757 2.932182 -0.316448 0.122310 -10.586676 -0.948980 -17.478809 5.821784 -0.000001 -0.000001 -4.357801 -31.119085 21.119837 4.026133 0.000000 0.000000 0.884452 -32.177780 -0.658801 2.442604 0.000002 -0.000012 1.658114 -27.032379 -8.488872 1.785016 0.000000 -0.000025 -0.000064 -0.000188 0.000825 2.948916 -1.544389 0.539792 -16.112747 -10.960584 -14.899629 5.112839 -0.000002 0.000011 3.982444 -25.881214 19.288134 2.914518 0.000000 0.000000 1.349487 -31.552214 0.969972 1.632816 -0.000002 0.000000 2.291564 -23.354343 -11.106549 1.817514 -0.000003 -0.000001 0.000929 0.000002 0.000794 25.633276 5.994579 -1.761724 108.077530 -70.544594 91.604164 -18.544613 0.000003 0.000012 62.731171 -47.836655 -37.997276 -29.903347 0.000000 0.000001 133.715897 -8.896580 -8.744336 -27.414274 0.000012 0.000013 9.275249 21.708504 4.598438 -2.094768 -3.163312 -0.799955 6.803519 -34.956081 70.805634 -4.505661 0.000005 0.000000 -24.415621 -2.697900 13.552760 -2.700114 -0.000006 0.000006 -0.148079 -5.202915 1.402827 -3.121519 -0.000000 0.000006 -0.000520 0.001882 0.000288 -3.183331 -2.255512 -0.121331 2.013884 3.266721 -0.421221 -6.179836 0.000000 0.000000 -4.066368 -28.132427 0.641972 -3.389430 -0.000001 -0.000012 5.567008 -18.089542 -1.592771 -2.123821 -0.000003 -0.000012 1.254303 -10.413603 -2.923835 -2.529789 -0.000000 -0.000001 0.000663 0.000052 0.000095 -3.179951 -0.924413 0.397693 -8.511830 0.109408 -1.523147 -6.054549 -0.000003 -0.000001 3.639298 -27.104710 0.662457 -4.244578 -0.000001 0.000012 4.607619 -22.055670 0.082576 -2.732867 0.000004 0.000000 1.826650 -11.351783 -6.153461 -2.043405 0.000006 -0.000001 -0.000274 -0.000873 0.000675 -2.933434 0.316848 -0.122046 -11.900442 -3.298991 -17.681932 -5.826602 -0.000005 -0.000000 2.491179 -23.572687 18.896120 -4.028100 -0.000000 0.000000 3.712859 -25.444731 -0.738344 -2.443439 -0.000000 0.000000 4.127396 -24.384153 -13.241737 -1.786791 0.000003 0.000011 -0.003642 -0.002175 -0.001687 -2.949983 1.545734 -0.540328 -16.041836 -13.058801 -14.381025 -5.116444 -0.000002 -0.000000 7.782683 -19.580137 19.123962 -2.915901 -0.000000 0.000012 6.875924 -24.895216 -0.894219 -1.633906 0.000001 -0.000012 4.914603 -20.677443 -19.160662 -1.819588 0.000000 -0.000001 -0.001407 0.001223 -0.000007 -8.517063 2.351946 11.888292 156.329453 -18.964930 -15.652480 42.799587 0.000001 0.000002 44.341709 2.302810 -5.569227 45.345985 0.000001 -0.000007 -88.288040 -12.345908 -11.753203 14.268355 0.000005 0.000000 -6.622608 0.700091 -0.957604 6.980276 -0.121840 0.000001 -0.000728 -0.000596 0.000312 -8.535283 2.358025 -11.910014 -26.969889 -24.232368 -9.210546 -42.789711 -0.000003 -0.000003 41.510063 1.680634 -8.329247 -45.345604 0.000000 0.000000 -55.807545 -0.582197 -15.402075 -14.268300 -0.000000 -0.000000 -7.655885 1.351303 -0.095409 -6.981181 0.121853 -0.000003 0.004714 -0.000842 0.000329
0.000000 0.000000 0.000000 0.000000 0.000000 0.000000 1.774656 103.712212 -13.245100 91.017250 12.324877 -83.548477 5.266023 0.261829 -0.008408 12.071166 -4.462494 -1.441853 7.597601 -0.000001 0.000000 -6.029587 0.940850 2.788761 8.008073 -0.000000 -0.000000 16.177031 -1.867494 -1.668577 29.519594 -0.802532 0.014094 18.684477 8.774323 -1.094331 8.099053 -0.000000 0.000000 21.893192 9.665021 8.005530 6.860398 0.000000 0.000000 -24.599621 -2.836987 -5.258874 18.447189 0.760179 -0.003674 -0.001139 -0.001002 0.000520 0.200078 3.635073 -0.007852 0.346309 -0.912340 0.331872 5.721212 9.287379 3.627303 8.980995 -0.099868 0.642766 5.744883 9.302453 -3.630085 8.991974 -0.103269 -5.167641 25.666941 5.953198 1.744820 -35.950863 -75.124451 53.045921 18.464344 -0.000002 -0.000012 56.705734 -40.114727 -28.289301 29.884953 0.000000 -0.000001 128.101303 -5.059398 -6.688228 27.413786 0.000000 0.000011 5.609371 17.455935 9.806377 2.094321 3.161254 0.799310 11.324059 -28.517433 68.217148 4.501803 -0.000008 -0.000000 -22.018982 -2.719459 16.560249 2.698064 0.000006 -0.000006 -1.558316 -4.564742 -3.999180 3.118652 0.000000 -0.000012 -0.000480 0.000281 0.000155 3.181590 2.254555 0.120951 4.281865 6.264418 -0.219642 6.175169 -0.000002 0.000011 -4.464010 -44.792629 0.971883 3.387755 -0.000001 -0.000000 7.154337 -27.400459 -0.000812 2.120990 0.000003 -0.000000 -0.093275 -13.004022 -4.444275 2.529893 0.000000 0.000000 0.000530 0.000203 0.000471 3.178449 0.924150 -0.397349 -6.392064 2.658329 0.297107 6.049747 0.000000 -0.000001 2.611706 -39.746822 0.881401 4.242486 -0.000003 0.000000 5.962091 -30.541048 -0.389449 2.731824 -0.000001 0.000012 0.740968 -13.417493 -6.935299 2.041451 0.000003 0.000012 -0.000446 -0.000537 -0.000827 2.932182 -0.316448 0.122310 -9.905673 -0.599685 -17.496172 5.821784 -0.000001 -0.000001 -4.220130 -30.951324 20.944105 4.026133 0.000000 0.000000 0.834860 -32.563046 -0.704522 2.442604 0.000002 -0.000012 1.751035 -27.493809 -8.699353 1.785016 0.000000 -0.000025 -0.000224 -0.000222 0.001000 2.948916 -1.544389 0.539792 -15.471567 -10.479497 -15.273897 5.112839 -0.000002 0.000011 3.886650 -25.600161 19.404827 2.914518 0.000000 0.000000 1.331178 -32.031418 0.947490 1.632816 -0.000002 0.000000 2.438970 -23.912004 -11.248597 1.817514 -0.000003 -0.000001 0.000995 0.000163 0.000927 25.633276 5.994579 -1.761724 103.392334 -72.336670 96.137093 -18.544613 0.000003 0.000012 64.757385 -48.022419 -38.031178 -29.903347 0.000000 0.000001 130.740494 -8.695856 -6.880167 -27.414274 0.000012 0.000013 8.388127 22.490746 5.944739 -2.094768 -3.163312 -0.799955 6.280207 -35.781929 71.139458 -4.505661 0.000005 0.000000 -24.703724 -2.529300 13.502955 -2.700114 -0.000006 0.000006 -0.298761 -4.999115 1.397781 -3.121519 -0.000000 0.000006 -0.000379 0.001867 0.000251 -3.183331 -2.255512 -0.121331 2.308335 3.237552 -0.024234 -6.179836 0.000000 0.000000 -4.472780 -27.820162 0.870706 -3.389430 -0.000001 -0.000012 5.477098 -17.977209 -1.533547 -2.123821 -0.000003 -0.000012 1.116736 -10.620251 -2.726330 -2.529789 -0.000000 -0.000001 0.000766 0.000156 -0.000044 -3.179951 -0.924413 0.397693 -8.342998 0.330887 -1.212997 -6.054549 -0.000003 -0.000001 3.327507 -26.884089 0.805620 -4.244578 -0.000001 0.000012 4.604253 -21.577824 0.080114 -2.732867 0.000004 0.000000 1.706559 -11.332673 -6.220040 -2.043405 0.000006 -0.000001 -0.000199 -0.000563 0.000807 -2.933434 0.316848 -0.122046 -11.780793 -3.010274 -17.546648 -5.826602 -0.000005 -0.000000 2.332622 -23.154699 19.094284 -4.028100 -0.000000 0.000000 3.556311 -25.003206 -0.742511 -2.443439 -0.000000 0.000000 4.096312 -24.401768 -13.368806 -1.786791 0.000003 0.000011 -0.003432 -0.002041 -0.001684 -2.949983 1.545734 -0.540328 -15.943879 -12.742147 -14.438477 -5.116444 -0.000002 -0.000000 7.519909 -18.958363 19.390514 -2.915901 -0.000000 0.000012 6.672691 -24.665277 -0.922213 -1.633906 0.000001 -0.000012 4.734026 -20.631245 -19.160688 -1.819588 0.000000 -0.000001 -0.001137 0.001326 0.000221 -8.517063 2.351946 11.888292 155.796280 -18.854910 -15.055891 42.799587 0.000001 0.000002 44.833614 2.341881 -5.822829 45.345985 0.000001 -0.000007 -88.414894 -12.285310 -11.673463 14.268355 0.000005 0.000000 -6.940200 0.815063 -0.873753 6.980276 -0.121840 0.000001 -0.000845 -0.000823 0.000420 -8.535283 2.358025 -11.910014 -25.358292 -23.890076 -9.271331 -42.789711 -0.000003 -0.000003 38.738121 1.146516 -8.307741 -45.345604 0.000000 0.000000 -56.655468 -0.515321 -15.843667 -14.268300 -0.000000 -0.000000 -7.879607 1.485227 -0.290788 -6.981181 0.121853 -0.000003 0.004439 -0.000859 0.000203
0.000000 0.000000 0.000000 0.000000 0.000000 0.000000 2.721563 103.107361 -12.840557 90.365013 12.568511 -84.231689 5.266023 0.261829 -0.008408 11.896521 -4.241298 -1.343098 7.597601 -0.000001 0.000000 -6.195939 1.024696 2.696089 8.008073 -0.000000 -0.000000 16.076180 -1.655817 -1.585891 29.519594 -0.802532 0.014094 17.802877 8.279069 -1.075147 8.099053 -0.000000 0.000000 19.599607 8.610275 6.761755 6.860398 0.000000 0.000000 -23.098192 -2.457047 -4.713987 18.447189 0.760179 -0.003674 -0.001033 -0.001028 0.000608 0.200078 3.635073 -0.007852 0.458364 -0.800758 0.310145 5.721212 9.287379 3.627303 9.316347 -0.069190 0.869673 5.744883 9.302453 -3.630085 9.332882 -0.072094 -4.946154 25.666941 5.953198 1.744820 -39.641129 -78.208694 56.596188 18.464344 -0.000002 -0.000012 58.230145 -39.787003 -26.811335 29.884953 0.000000 -0.000001 123.052681 -4.396869 -5.231667 27.413786 0.000000 0.000011 5.408899 17.657747 11.040883 2.094321 3.161254 0.799310 11.905434 -28.871489 68.132088 4.501803 -0.000008 -0.000000 -22.381714 -2.298373 16.589954 2.698064 0.000006 -0.000006 -1.673322 -4.451971 -3.807467 3.118652 0.000000 -0.000012 -0.000601 0.000064 0.000190 3.181590 2.254555 0.120951 5.443398 6.544670 -0.179855 6.175169 -0.000002 0.000011 -4.310769 -44.577263 0.623937 3.387755 -0.000001 -0.000000 7.567218 -27.115519 -0.042034 2.120990 0.000003 -0.000000 -0.142609 -13.159732 -4.439322 2.529893 0.000000 0.000000 0.000498 0.000435 0.000504 3.178449 0.924150 -0.397349 -5.270758 2.962545 0.005405 6.049747 0.000000 -0.000001 2.702002 -39.306877 0.803977 4.242486 -0.000003 0.000000 6.232666 -30.517771 -0.591591 2.731824 -0.000001 0.000012 0.800752 -13.591446 -7.046126 2.041451 0.000003 0.000012 -0.000543 -0.000644 -0.000813 2.932182 -0.316448 0.122310 -8.908691 -0.224869 -17.695967 5.821784 -0.000001 -0.000001 -3.659173 -30.510206 20.592911 4.026133 0.000000 0.000000 0.970943 -32.620708 -0.857036 2.442604 0.000002 -0.000012 1.961456 -27.936230 -9.046057 1.785016 0.000000 -0.000025 -0.000347 -0.000205 0.001112 2.948916 -1.544389 0.539792 -14.324639 -10.040756 -15.822040 5.112839 -0.000002 0.000011 3.995297 -24.880648 19.404301 2.914518 0.000000 0.000000 1.548108 -32.188866 0.796592 1.632816 -0.000002 0.000000 2.691592 -24.461250 -11.576421 1.817514 -0.000003 -0.000001 0.001015 0.000294 0.000949 25.633276 5.994579 -1.761724 95.815193 -74.556419 103.483009 -18.544613 0.000003 0.000012 67.412415 -47.951164 -37.863529 -29.903347 0.000000 0.000001 126.219604 -8.258420 -4.293920 -27.414274 0.000012 0.000013 7.461953 23.869911 7.241303 -2.094768 -3.163312 -0.799955 5.453547 -36.630962 71.634201 -4.505661 0.000005 0.000000 -25.022455 -2.244014 13.410575 -2.700114 -0.000006 0.000006 -0.540974 -4.680429 1.467032 -3.121519 -0.000000 0.000006 -0.000234 0.001746 0.000185 -3.183331 -2.255512 -0.121331 2.801373 3.369823 0.314236 -6.179836 0.000000 0.000000 -4.768823 -27.363573 1.115917 -3.389430 -0.000001 -0.000012 5.504547 -17.922516 -1.486084 -2.123821 -0.000003 -0.000012 0.975503 -10.873887 -2.513706 -2.529789 -0.000000 -0.000001 0.000817 0.000305 -0.000174 -3.179951 -0.924413 0.397693 -7.962032 0.783605 -0.934117 -6.054549 -0.000003 -0.000001 3.110915 -26.519384 1.044185 -4.244578 -0.000001 0.000012 4.865187 -21.236401 -0.005400 -2.732867 0.000004 0.000000 1.630360 -11.401006 -6.431346 -2.043405 0.000006 -0.000001 -0.000022 -0.000176 0.000851 -2.933434 0.316848 -0.122046 -11.384811 -2.446978 -17.528658 -5.826602 -0.000005 -0.000000 2.231897 -22.581551 19.343164 -4.028100 -0.000000 0.000000 3.603210 -24.737062 -0.798169 -2.443439 -0.000000 0.000000 4.158975 -24.629734 -13.668459 -1.786791 0.000003 0.000011 -0.002807 -0.001784 -0.001652 -2.949983 1.545734 -0.540328 -15.605037 -12.092431 -14.752349 -5.116444 -0.000002 -0.000000 7.405594 -18.197935 19.732548 -2.915901 -0.000000 0.000012 6.630353 -24.728861 -1.060669 -1.633906 0.000001 -0.000012 4.673203 -20.821943 -19.377346 -1.819588 0.000000 -0.000001 -0.000473 0.001663 0.000454 -8.517063 2.351946 11.888292 155.105560 -18.646595 -14.198084 42.799587 0.000001 0.000002 45.548542 2.327880 -5.958244 45.345985 0.000001 -0.000007 -88.698425 -12.021868 -11.397287 14.268355 0.000005 0.000000 -7.182132 1.011827 -0.590472 6.980276 -0.121840 0.000001 -0.000852 -0.000966 0.000485 -8.535283 2.358025 -11.910014 -23.085064 -23.234585 -9.734214 -42.789711 -0.000003 -0.000003 35.103775 0.784636 -8.177702 -45.345604 0.000000 0.000000 -58.737804 -0.924499 -16.075630 -14.268300 -0.000000 -0.000000 -8.236319 1.610220 -0.433438 -6.981181 0.121853 -0.000003 0.003791 -0.000799 0.000099
0.000000 0.000000 0.000000 0.000000 0.000000 0.000000 3.682481 103.000763 -12.150381 89.689537 12.267215 -85.092468 5.266023 0.261829 -0.008408 11.476713 -3.992247 -1.223852 7.597601 -0.000001 0.000000 -6.281653 1.142856 2.740242 8.008073 -0.000000 -0.000000 16.055281 -1.413468 -1.538288 29.519594 -0.802532 0.014094 17.013018 7.462749 -1.076596 8.099053 -0.000000 0.000000 17.249405 7.690434 5.619145 6.860398 0.000000 0.000000 -22.024061 -2.061712 -4.456894 18.447189 0.760179 -0.003674 -0.001071 -0.000935 0.000677 0.200078 3.635073 -0.007852 0.472247 -0.677580 0.272903 5.721212 9.287379 3.627303 9.443525 -0.040553 1.207961 5.744883 9.302453 -3.630085 9.465800 -0.043294 -4.611104 25.666941 5.953198 1.744820 -46.666721 -81.394547 63.428135 18.464344 -0.000002 -0.000012 60.501141 -40.389664 -26.285633 29.884953 0.000000 -0.000001 116.706589 -3.718231 -3.147412 27.413786 0.000000 0.000011 5.006575 19.307661 12.347944 2.094321 3.161254 0.799310 11.571690 -29.442858 68.496445 4.501803 -0.000008 -0.000000 -22.833961 -1.915069 16.490561 2.698064 0.000006 -0.000006 -1.777499 -4.267985 -3.676259 3.118652 0.000000 -0.000012 -0.000697 -0.000131 0.000265 3.181590 2.254555 0.120951 6.051446 6.825347 0.000461 6.175169 -0.000002 0.000011 -4.229563 -44.402233 0.657850 3.387755 -0.000001 -0.000000 7.865062 -26.603218 -0.015515 2.120990 0.000003 -0.000000 -0.114991 -13.364656 -4.234714 2.529893 0.000000 0.000000 0.000450 0.000591 0.000459 3.178449 0.924150 -0.397349 -4.479076 3.340322 -0.147926 6.049747 0.000000 -0.000001 2.616834 -38.976078 1.016576 4.242486 -0.000003 0.000000 6.386289 -30.267208 -0.773801 2.731824 -0.000001 0.000012 0.893978 -13.763627 -6.975305 2.041451 0.000003 0.000012 -0.000639 -0.000672 -0.000767 2.932182 -0.316448 0.122310 -8.102634 0.283874 -17.830315 5.821784 -0.000001 -0.000001 -3.402342 -30.211485 20.553493 4.026133 0.000000 0.000000 1.003104 -32.596741 -1.108045 2.442604 0.000002 -0.000012 2.151498 -28.373203 -9.312638 1.785016 0.000000 -0.000025 -0.000497 -0.000197 0.001106 2.948916 -1.544389 0.539792 -13.292862 -9.425629 -16.219507 5.112839 -0.000002 0.000011 4.058064 -24.438391 19.421513 2.914518 0.000000 0.000000 1.532983 -32.420486 0.547524 1.632816 -0.000002 0.000000 2.894603 -24.905083 -11.736959 1.817514 -0.000003 -0.000001 0.000935 0.000301 0.000891 25.633276 5.994579 -1.761724 85.183327 -76.656441 113.784752 -18.544613 0.000003 0.000012 69.712708 -47.743488 -37.103558 -29.903347 0.000000 0.000001 120.557426 -7.439431 -1.650025 -27.414274 0.000012 0.000013 6.239520 25.611389 8.460670 -2.094768 -3.163312 -0.799955 4.002444 -37.444683 72.633224 -4.505661 0.000005 0.000000 -25.384296 -1.875827 13.257503 -2.700114 -0.000006 0.000006 -0.750267 -4.220726 1.498267 -3.121519 -0.000000 0.000006 -0.000189 0.001763 0.000198 -3.183331 -2.255512 -0.121331 3.073489 3.608922 0.799534 -6.179836 0.000000 0.000000 -4.923289 -26.740261 1.364113 -3.389430 -0.000001 -0.000012 5.601689 -17.731867 -1.373254 -2.123821 -0.000003 -0.000012 0.891500 -11.266057 -2.205504 -2.529789 -0.000000 -0.000001 0.000736 0.000252 -0.000198 -3.179951 -0.924413 0.397693 -7.584569 1.336293 -0.643800 -6.054549 -0.000003 -0.000001 2.886712 -25.959846 1.323402 -4.244578 -0.000001 0.000012 5.076418 -20.729496 -0.119386 -2.732867 0.000004 0.000000 1.588757 -11.463453 -6.592434 -2.043405 0.000006 -0.000001 -0.000007 -0.000083 0.000886 -2.933434 0.316848 -0.122046 -10.899323 -1.700662 -17.552122 -5.826602 -0.000005 -0.000000 2.120538 -21.841116 19.517586 -4.028100 -0.000000 0.000000 3.563969 -24.346354 -0.885167 -2.443439 -0.000000 0.000000 4.213628 -24.827528 -13.940481 -1.786791 0.000003 0.000011 -0.002695 -0.001767 -0.001679 -2.949983 1.545734 -0.540328 -15.067083 -11.138783 -15.169177 -5.116444 -0.000002 -0.000000 7.271860 -17.495667 19.958975 -2.915901 -0.000000 0.000012 6.499110 -24.569889 -1.174054 -1.633906 0.000001 -0.000012 4.501486 -20.794069 -19.439421 -1.819588 0.000000 -0.000001 -0.000287 0.001558 0.000479 -8.517063 2.351946 11.888292 155.253326 -18.190182 -13.514746 42.799587 0.000001 0.000002 45.260506 2.115979 -6.074029 45.345985 0.000001 -0.000007 -88.747696 -11.653067 -11.279058 14.268355 0.000005 0.000000 -7.220639 1.034615 -0.208395 6.980276 -0.121840 0.000001 -0.000791 -0.000967 0.000476 -8.535283 2.358025 -11.910014 -20.866951 -22.674307 -10.631044 -42.789711 -0.000003 -0.000003 31.866995 0.505258 -7.759442 -45.345604 0.000000 0.000000 -61.346882 -1.604889 -16.462788 -14.268300 -0.000000 -0.000000 -8.464979 1.557782 -0.572285 -6.981181 0.121853 -0.000003 0.003658 -0.000692 -0.000050
0.000000 0.000000 0.000000 0.000000 0.000000 0.000000 4.661802 103.051689 -11.175941 89.367249 11.018971 -85.119102 5.266023 0.261829 -0.008408 10.611685 -3.705375 -0.825689 7.597601 -0.000001 0.000000 -6.262555 1.301464 2.502354 8.008073 -0.000000 -0.000000 16.387804 -1.090188 -1.390397 29.519594 -0.802532 0.014094 16.453592 6.685301 -1.091711 8.099053 -0.000000 0.000000 15.364347 6.957212 4.717556 6.860398 0.000000 0.000000 -21.229710 -1.748373 -3.969115 18.447189 0.760179 -0.003674 -0.001023 -0.000813 0.000678 0.200078 3.635073 -0.007852 0.586988 -0.523868 0.223657 5.721212 9.287379 3.627303 9.604383 -0.030991 1.401774 5.744883 9.302453 -3.630085 9.634593 -0.033120 -4.423170 25.666941 5.953198 1.744820 -58.557659 -83.802986 75.102272 18.464344 -0.000002 -0.000012 63.747833 -40.607315 -26.183485 29.884953 0.000000 -0.000001 108.996078 -2.675852 -1.045689 27.413786 0.000000 0.000011 3.717552 20.208557 11.788453 2.094321 3.161254 0.799310 11.338280 -29.693661 68.835442 4.501803 -0.000008 -0.000000 -23.062462 -1.631308 16.416269 2.698064 0.000006 -0.000006 -1.801684 -4.222888 -3.712116 3.118652 0.000000 -0.000012 -0.000689 -0.000293 0.000324 3.181590 2.254555 0.120951 6.345085 6.953826 0.044621 6.175169 -0.000002 0.000011 -4.175207 -43.957104 0.814010 3.387755 -0.000001 -0.000000 7.916962 -25.863045 -0.055596 2.120990 0.000003 -0.000000 -0.118929 -13.565662 -3.739106 2.529893 0.000000 0.000000 0.000388 0.000668 0.000350 3.178449 0.924150 -0.397349 -4.026158 3.432608 -0.357592 6.049747 0.000000 -0.000001 2.398839 -38.419117 1.271606 4.242486 -0.000003 0.000000 6.405108 -29.625799 -0.909475 2.731824 -0.000001 0.000012 0.920313 -13.828211 -6.675072 2.041451 0.000003 0.000012 -0.000604 -0.000601 -0.000626 2.932182 -0.316448 0.122310 -7.645709 0.354453 -17.924713 5.821784 -0.000001 -0.000001 -2.964437 -29.623158 20.335447 4.026133 0.000000 0.000000 0.936808 -32.238335 -1.296937 2.442604 0.000002 -0.000012 2.314978 -28.595404 -9.541583 1.785016 0.000000 -0.000025 -0.000547 -0.000132 0.001023 2.948916 -1.544389 0.539792 -12.544232 -9.353072 -16.522066 5.112839 -0.000002 0.000011 4.139058 -23.920633 19.385359 2.914518 0.000000 0.000000 1.429367 -32.218853 0.319103 1.632816 -0.000002 0.000000 3.011986 -24.997528 -11.914535 1.817514 -0.000003 -0.000001 0.000822 0.000262 0.000798 25.633276 5.994579 -1.761724 71.903893 -78.133110 126.686440 -18.544613 0.000003 0.000012 71.542526 -47.440632 -35.686466 -29.903347 0.000000 0.000001 113.779648 -5.884971 1.141994 -27.414274 0.000012 0.000013 5.025823 26.780584 9.097959 -2.094768 -3.163312 -0.799955 2.780133 -38.137638 73.586433 -4.505661 0.000005 0.000000 -25.644165 -1.547595 13.189865 -2.700114 -0.000006 0.000006 -0.997728 -3.896824 1.513249 -3.121519 -0.000000 0.000006 -0.000102 0.001627 0.000145 -3.183331 -2.255512 -0.121331 3.445235 3.863953 1.124949 -6.179836 0.000000 0.000000 -5.191864 -26.101713 1.655213 -3.389430 -0.000001 -0.000012 5.494935 -17.392361 -1.202172 -2.123821 -0.000003 -0.000012 0.773837 -11.532488 -1.643093 -2.529789 -0.000000 -0.000001 0.000649 0.000305 -0.000219 -3.179951 -0.924413 0.397693 -7.199871 1.883104 -0.325544 -6.054549 -0.000003 -0.000001 2.660038 -25.312782 1.576879 -4.244578 -0.000001 0.000012 5.167170 -20.184618 -0.207240 -2.732867 0.000004 0.000000 1.483840 -11.353854 -6.623158 -2.043405 0.000006 -0.000001 0.000155 0.000124 0.000794 -2.933434 0.316848 -0.122046 -10.452354 -1.015522 -17.536562 -5.826602 -0.000005 -0.000000 2.123109 -21.016893 19.648062 -4.028100 -0.000000 0.000000 3.371804 -23.805069 -0.915251 -2.443439 -0.000000 0.000000 4.144858 -24.877384 -14.087771 -1.786791 0.000003 0.000011 -0.002017 -0.001571 -0.001629 -2.949983 1.545734 -0.540328 -14.607237 -10.244484 -15.620409 -5.116444 -0.000002 -0.000000 7.148565 -16.859325 20.130438 -2.915901 -0.000000 0.000012 6.072126 -24.343969 -1.210606 -1.633906 0.000001 -0.000012 4.181665 -20.572411 -19.335506 -1.819588 0.000000 -0.000001 0.000422 0.001846 0.000547 -8.517063 2.351946 11.888292 155.646881 -18.113548 -12.782102 42.799587 0.000001 0.000002 45.311993 1.715389 -5.844753 45.345985 0.000001 -0.000007 -88.709572 -10.790434 -11.161066 14.268355 0.000005 0.000000 -7.436102 1.032416 0.045768 6.980276 -0.121840 0.000001 -0.000657 -0.000883 0.000454 -8.535283 2.358025 -11.910014 -18.960062 -22.124172 -11.699464 -42.789711 -0.000003 -0.000003 30.294889 0.446459 -7.174057 -45.345604 0.000000 0.000000 -64.744728 -2.426508 -16.509520 -14.268300 -0.000000 -0.000000 -8.570576 1.555299 -0.748506 -6.981181 0.121853 -0.000003 0.003021 -0.000545 -0.000126
0.000000 0.000000 0.000000 0.000000 0.000000 0.000000 5.665727 103.363213 -9.960134 89.106552 9.334489 -85.502151 5.266023 0.261829 -0.008408 9.513882 -3.383223 -0.508466 7.597601 -0.000001 0.000000 -6.167668 1.481048 2.336806 8.008073 -0.000000 -0.000000 16.674397 -0.876212 -1.218645 29.519594 -0.802532 0.014094 16.614513 5.873886 -1.097647 8.099053 -0.000000 0.000000 14.280425 6.364116 4.141834 6.860398 0.000000 0.000000 -21.332359 -1.528132 -3.882820 18.447189 0.760179 -0.003674 -0.000996 -0.000655 0.000730 0.200078 3.635073 -0.007852 0.583073 -0.428804 0.180263 5.721212 9.287379 3.627303 9.533994 -0.025113 1.636087 5.744883 9.302453 -3.630085 9.568989 -0.026796 -4.193497 25.666941 5.953198 1.744820 -66.534340 -85.424782 82.855408 18.464344 -0.000002 -0.000012 68.609985 -40.749931 -27.449579 29.884953 0.000000 -0.000001 99.650909 -1.726297 0.668638 27.413786 0.000000 0.000011 2.026131 21.864836 10.635004 2.094321 3.161254 0.799310 10.390829 -29.924105 69.430771 4.501803 -0.000008 -0.000000 -23.259579 -1.510173 16.331686 2.698064 0.000006 -0.000006 -1.949611 -4.417078 -3.567978 3.118652 0.000000 -0.000012 -0.000695 -0.000452 0.000458 3.181590 2.254555 0.120951 6.429731 7.026609 0.280408 6.175169 -0.000002 0.000011 -4.182854 -43.766361 1.230203 3.387755 -0.000001 -0.000000 7.691259 -24.969894 -0.082118 2.120990 0.000003 -0.000000 -0.059371 -13.764949 -3.158690 2.529893 0.000000 0.000000 0.000363 0.000715 0.000200 3.178449 0.924150 -0.397349 -3.751109 3.601837 -0.310157 6.049747 0.000000 -0.000001 2.383116 -37.977890 1.683322 4.242486 -0.000003 0.000000 6.203381 -28.959558 -0.994455 2.731824 -0.000001 0.000012 0.993294 -13.831126 -6.364088 2.041451 0.000003 0.000012 -0.000626 -0.000546 -0.000507 2.932182 -0.316448 0.122310 -7.343538 0.654925 -17.723000 5.821784 -0.000001 -0.000001 -2.361987 -29.251652 20.302835 4.026133 0.000000 0.000000 0.788427 -31.862303 -1.393137 2.442604 0.000002 -0.000012 2.517394 -28.726683 -9.832781 1.785016 0.000000 -0.000025 -0.000660 -0.000088 0.000935 2.948916 -1.544389 0.539792 -12.012406 -8.988877 -16.425913 5.112839 -0.000002 0.000011 4.519254 -23.474920 19.494734 2.914518 0.000000 0.000000 1.200185 -32.182106 0.141365 1.632816 -0.000002 0.000000 3.100408 -25.064329 -12.066234 1.817514 -0.000003 -0.000001 0.000685 0.000191 0.000750 25.633276 5.994579 -1.761724 61.698082 -79.630424 136.613388 -18.544613 0.000003 0.000012 74.312462 -46.600204 -34.789276 -29.903347 0.000000 0.000001 105.482323 -4.232718 3.077443 -27.414274 0.000012 0.000013 3.061746 27.972498 7.812936 -2.094768 -3.163312 -0.799955 2.121758 -38.104485 74.301872 -4.505661 0.000005 0.000000 -26.078491 -1.215506 13.233572 -2.700114 -0.000006 0.000006 -1.160208 -3.703037 1.415321 -3.121519 -0.000000 0.000006 0.000002 0.001541 0.000095 -3.183331 -2.255512 -0.121331 3.841122 4.455500 1.385732 -6.179836 0.000000 0.000000 -5.114402 -24.855829 1.736719 -3.389430 -0.000001 -0.000012 5.201753 -16.164434 -1.006497 -2.123821 -0.000003 -0.000012 0.709248 -11.497402 -0.509755 -2.529789 -0.000000 -0.000001 0.000522 0.000255 -0.000254 -3.179951 -0.924413 0.397693 -6.688751 2.549071 -0.252549 -6.054549 -0.000003 -0.000001 2.620014 -23.821196 1.783742 -4.244578 -0.000001 0.000012 4.836323 -18.509073 -0.222234 -2.732867 0.000004 0.000000 1.258044 -10.631664 -6.180449 -2.043405 0.000006 -0.000001 0.000233 0.000202 0.000743 -2.933434 0.316848 -0.122046 -9.826170 -0.284368 -17.638697 -5.826602 -0.000005 -0.000000 2.642021 -19.377623 19.493366 -4.028100 -0.000000 0.000000 2.817226 -22.051388 -0.870377 -2.443439 -0.000000 0.000000 3.757599 -24.148283 -13.693136 -1.786791 0.000003 0.000011 -0.001520 -0.001477 -0.001582 -2.949983 1.545734 -0.540328 -13.830376 -9.417608 -16.220150 -5.116444 -0.000002 -0.000000 7.438752 -15.343638 20.008018 -2.915901 -0.000000 0.000012 4.875313 -22.955219 -1.089163 -1.633906 0.000001 -0.000012 3.266215 -19.432974 -18.387278 -1.819588 0.000000 -0.000001 0.000922 0.002037 0.000566 -8.517063 2.351946 11.888292 156.592560 -17.957422 -12.107691 42.799587 0.000001 0.000002 44.954983 1.116110 -5.838824 45.345985 0.000001 -0.000007 -88.582535 -10.286505 -11.177229 14.268355 0.000005 0.000000 -7.224836 0.982219 0.117481 6.980276 -0.121840 0.000001 -0.000607 -0.000763 0.000380 -8.535283 2.358025 -11.910014 -17.534037 -21.732141 -12.648311 -42.789711 -0.000003 -0.000003 29.331638 0.526292 -6.592410 -45.345604 0.000000 0.000000 -67.122101 -3.952132 -16.423328 -14.268300 -0.000000 -0.000000 -8.343933 1.558023 -1.057519 -6.981181 0.121853 -0.000003 0.002553 -0.000388 -0.000258
0.000000 0.000000 0.000000 0.000000 0.000000 0.000000 6.700410 103.060638 -8.585934 88.628548 8.496829 -85.887901 5.266023 0.261829 -0.008408 8.864791 -3.126948 -0.271008 7.597601 -0.000001 0.000000 -5.920506 1.567781 2.172005 8.008073 -0.000000 -0.000000 16.491123 -0.612962 -0.991438 29.519594 -0.802532 0.014094 16.720623 5.292419 -1.155830 8.099053 -0.000000 0.000000 13.469451 6.119292 3.795913 6.860398 0.000000 0.000000 -20.997059 -1.485365 -3.731413 18.447189 0.760179 -0.003674 -0.001006 -0.000593 0.000691 0.200078 3.635073 -0.007852 0.564755 -0.320652 0.175251 5.721212 9.287379 3.627303 9.550814 -0.031712 1.686781 5.744883 9.302453 -3.630085 9.586737 -0.033174 -4.144859 25.666941 5.953198 1.744820 -73.236839 -86.447815 89.325050 18.464344 -0.000002 -0.000012 71.882545 -40.337811 -28.046829 29.884953 0.000000 -0.000001 93.187920 -0.698460 1.419068 27.413786 0.000000 0.000011 0.937074 21.983271 8.955563 2.094321 3.161254 0.799310 10.631450 -29.876955 69.223457 4.501803 -0.000008 -0.000000 -23.183382 -1.512314 16.473898 2.698064 0.000006 -0.000006 -1.919589 -4.615424 -3.515537 3.118652 0.000000 -0.000012 -0.000649 -0.000504 0.000474 3.181590 2.254555 0.120951 6.598153 7.027011 0.266796 6.175169 -0.000002 0.000011 -4.313650 -43.596054 1.485497 3.387755 -0.000001 -0.000000 7.020016 -24.007313 -0.114221 2.120990 0.000003 -0.000000 0.014927 -13.226112 -2.459739 2.529893 0.000000 0.000000 0.000348 0.000720 0.000168 3.178449 0.924150 -0.397349 -3.580800 3.603780 -0.334969 6.049747 0.000000 -0.000001 2.338234 -37.595993 1.876942 4.242486 -0.000003 0.000000 5.714462 -27.930828 -0.928296 2.731824 -0.000001 0.000012 0.937327 -13.166647 -5.832739 2.041451 0.000003 0.000012 -0.000576 -0.000520 -0.000437 2.932182 -0.316448 0.122310 -7.250176 0.673764 -17.673889 5.821784 -0.000001 -0.000001 -1.974334 -29.000692 20.260048 4.026133 0.000000 0.000000 0.620494 -30.814734 -1.349644 2.442604 0.000002 -0.000012 2.317850 -27.740788 -9.502310 1.785016 0.000000 -0.000025 -0.000631 -0.000053 0.000883 2.948916 -1.544389 0.539792 -11.874992 -9.037729 -16.402435 5.112839 -0.000002 0.000011 4.887106 -23.023556 19.552904 2.914518 0.000000 0.000000 1.031545 -31.299328 0.091405 1.632816 -0.000002 0.000000 2.779860 -23.928940 -11.755009 1.817514 -0.000003 -0.000001 0.000626 0.000208 0.000733 25.633276 5.994579 -1.761724 52.544857 -80.605164 145.457001 -18.544613 0.000003 0.000012 75.599800 -45.724499 -34.215015 -29.903347 0.000000 0.000001 99.505249 -2.644575 4.074992 -27.414274 0.000012 0.000013 2.331922 27.981314 6.802555 -2.094768 -3.163312 -0.799955 2.841094 -38.098698 73.943176 -4.505661 0.000005 0.000000 -26.077173 -1.178429 13.505695 -2.700114 -0.000006 0.000006 -1.179629 -3.850501 1.343733 -3.121519 -0.000000 0.000006 0.000006 0.001533 0.000102 -3.183331 -2.255512 -0.121331 4.188012 4.415212 1.323067 -6.179836 0.000000 0.000000 -5.134974 -24.352654 1.698573 -3.389430 -0.000001 -0.000012 4.593171 -15.066155 -0.874086 -2.123821 -0.000003 -0.000012 0.721606 -10.686010 0.190812 -2.529789 -0.000000 -0.000001 0.000509 0.000250 -0.000241 -3.179951 -0.924413 0.397693 -6.311437 2.631168 -0.423118 -6.054549 -0.000003 -0.000001 2.576288 -23.171804 1.765569 -4.244578 -0.000001 0.000012 4.136261 -17.334848 -0.209989 -2.732867 0.000004 0.000000 1.048134 -9.661819 -5.411873 -2.043405 0.000006 -0.000001 0.000278 0.000247 0.000688 -2.933434 0.316848 -0.122046 -9.438999 -0.162012 -17.781591 -5.826602 -0.000005 -0.000000 2.903889 -18.704449 19.247280 -4.028100 -0.000000 0.000000 2.042886 -20.784945 -0.734737 -2.443439 -0.000000 0.000000 3.191445 -23.008118 -12.768225 -1.786791 0.000003 0.000011 -0.001418 -0.001449 -0.001592 -2.949983 1.545734 -0.540328 -13.376966 -9.200103 -16.520988 -5.116444 -0.000002 -0.000000 7.589591 -14.736712 19.788448 -2.915901 -0.000000 0.000012 3.700437 -21.990786 -0.926592 -1.633906 0.000001 -0.000012 2.480296 -18.220741 -17.165201 -1.819588 0.000000 -0.000001 0.001055 0.002058 0.000574 -8.517063 2.351946 11.888292 156.437546 -18.249130 -11.784297 42.799587 0.000001 0.000002 45.380875 1.242798 -5.837005 45.345985 0.000001 -0.000007 -88.488449 -9.988923 -11.245812 14.268355 0.000005 0.000000 -7.397029 1.053766 0.129227 6.980276 -0.121840 0.000001 -0.000547 -0.000701 0.000298 -8.535283 2.358025 -11.910014 -17.143480 -21.693430 -12.925409 -42.789711 -0.000003 -0.000003 29.175556 0.731027 -6.187414 -45.345604 0.000000 0.000000 -68.975029 -4.501656 -16.444202 -14.268300 -0.000000 -0.000000 -8.165282 1.576027 -1.502794 -6.981181 0.121853 -0.000003 0.002442 -0.000323 -0.000331
0.000000 0.000000 0.000000 0.000000 0.000000 0.000000 7.769695 103.293518 -7.162222 88.459465 6.488777 -86.270515 5.266023 0.261829 -0.008408 7.773952 -2.638433 0.036289 7.597601 -0.000001 0.000000 -5.780284 1.521161 1.898455 8.008073 -0.000000 -0.000000 16.551554 -0.328634 -0.772386 29.519594 -0.802532 0.014094 17.303501 4.194212 -1.085025 8.099053 -0.000000 0.000000 13.169743 5.665781 3.302138 6.860398 0.000000 0.000000 -21.172321 -1.483826 -3.818821 18.447189 0.760179 -0.003674 -0.000990 -0.000482 0.000659 0.200078 3.635073 -0.007852 0.384210 -0.243295 0.155440 5.721212 9.287379 3.627303 9.263009 -0.018695 1.951860 5.744883 9.302453 -3.630085 9.301575 -0.020049 -3.883628 25.666941 5.953198 1.744820 -71.171188 -87.515968 86.734962 18.464344 -0.000002 -0.000012 77.550720 -40.617332 -30.910278 29.884953 0.000000 -0.000001 81.437607 1.019461 2.801595 27.413786 0.000000 0.000011 -1.376318 23.745968 4.652825 2.094321 3.161254 0.799310 10.082718 -30.268745 69.601639 4.501803 -0.000008 -0.000000 -23.324167 -1.443831 16.521721 2.698064 0.000006 -0.000006 -2.001444 -4.751642 -3.439589 3.118652 0.000000 -0.000012 -0.000554 -0.000473 0.000521 3.181590 2.254555 0.120951 6.409956 6.912333 0.351659 6.175169 -0.000002 0.000011 -4.091372 -43.964001 1.962696 3.387755 -0.000001 -0.000000 6.964841 -23.715277 -0.147714 2.120990 0.000003 -0.000000 0.235587 -13.156982 -2.291511 2.529893 0.000000 0.000000 0.000371 0.000605 0.000091 3.178449 0.924150 -0.397349 -3.634022 3.513431 -0.360857 6.049747 0.000000 -0.000001 2.624769 -37.769203 2.354259 4.242486 -0.000003 0.000000 5.834121 -27.624308 -0.906097 2.731824 -0.000001 0.000012 1.082613 -12.950018 -5.819989 2.041451 0.000003 0.000012 -0.000500 -0.000446 -0.000362 2.932182 -0.316448 0.122310 -7.158173 0.711549 -17.559353 5.821784 -0.000001 -0.000001 -1.722149 -29.394665 20.545979 4.026133 0.000000 0.000000 0.748339 -30.640549 -1.346223 2.442604 0.000002 -0.000012 2.444757 -27.418406 -9.623559 1.785016 0.000000 -0.000025 -0.000639 -0.000017 0.000753 2.948916 -1.544389 0.539792 -11.653322 -9.074827 -16.245300 5.112839 -0.000002 0.000011 5.271834 -23.225210 19.684771 2.914518 0.000000 0.000000 0.995577 -31.238701 -0.070023 1.632816 -0.000002 0.000000 2.792262 -23.525036 -11.687901 1.817514 -0.000003 -0.000001 0.000516 0.000145 0.000715 25.633276 5.994579 -1.761724 42.287930 -81.664383 155.417725 -18.544613 0.000003 0.000012 78.321632 -44.713604 -34.484974 -29.903347 0.000000 0.000001 88.909462 0.167383 5.191424 -27.414274 0.000012 0.000013 -0.788580 27.295958 4.548726 -2.094768 -3.163312 -0.799955 2.345287 -38.384254 74.243889 -4.505661 0.000005 0.000000 -26.183353 -1.192202 13.757136 -2.700114 -0.000006 0.000006 -1.167228 -3.884804 1.277111 -3.121519 -0.000000 0.000006 0.000019 0.001453 0.000075 -3.183331 -2.255512 -0.121331 3.919397 4.287059 1.405142 -6.179836 0.000000 0.000000 -5.177278 -24.091990 1.623203 -3.389430 -0.000001 -0.000012 4.068805 -14.104752 -0.477199 -2.123821 -0.000003 -0.000012 0.736944 -10.191350 0.979994 -2.529789 -0.000000 -0.000001 0.000421 0.000211 -0.000216 -3.179951 -0.924413 0.397693 -6.487332 2.550518 -0.218544 -6.054549 -0.000003 -0.000001 2.506167 -22.756521 1.870176 -4.244578 -0.000001 0.000012 3.589144 -16.217157 -0.130042 -2.732867 0.000004 0.000000 0.888508 -8.877997 -4.834502 -2.043405 0.000006 -0.000001 0.000328 0.000146 0.000579 -2.933434 0.316848 -0.122046 -9.516518 -0.084583 -17.484644 -5.826602 -0.000005 -0.000000 2.846357 -18.474335 19.229647 -4.028100 -0.000000 0.000000 1.382113 -19.583941 -0.617795 -2.443439 -0.000000 0.000000 2.819247 -22.115181 -12.081205 -1.786791 0.000003 0.000011 -0.001020 -0.001396 -0.001555 -2.949983 1.545734 -0.540328 -13.571331 -8.957854 -16.414064 -5.116444 -0.000002 -0.000000 7.566081 -14.815051 19.778189 -2.915901 -0.000000 0.000012 2.724270 -21.062677 -0.708299 -1.633906 0.000001 -0.000012 1.835640 -17.086954 -16.132681 -1.819588 0.000000 -0.000001 0.001477 0.002235 0.000534 -8.517063 2.351946 11.888292 157.524338 -18.522161 -11.513057 42.799587 0.000001 0.000002 45.252590 0.790421 -5.774327 45.345985 0.000001 -0.000007 -88.026611 -9.282400 -11.477298 14.268355 0.000005 0.000000 -6.906490 1.104907 0.243718 6.980276 -0.121840 0.000001 -0.000525 -0.000570 0.000203 -8.535283 2.358025 -11.910014 -16.410305 -21.388771 -13.627406 -42.789711 -0.000003 -0.000003 29.954706 0.764222 -5.540320 -45.345604 0.000000 0.000000 -70.947372 -6.133506 -16.167059 -14.268300 -0.000000 -0.000000 -7.874541 1.627374 -1.944786 -6.981181 0.121853 -0.000003 0.002066 -0.000260 -0.000369
0.000000 0.000000 0.000000 0.000000 0.000000 0.000000 8.872347 103.220154 -5.799557 87.800125 4.293839 -87.364059 5.266023 0.261829 -0.008408 6.487164 -2.012998 0.479185 7.597601 -0.000001 0.000000 -5.528072 1.236012 1.538634 8.008073 -0.000000 -0.000000 16.622114 -0.090577 -0.412226 29.519594 -0.802532 0.014094 18.240574 3.249654 -1.306842 8.099053 -0.000000 0.000000 13.316268 5.353896 3.152581 6.860398 0.000000 0.000000 -21.045418 -1.566606 -4.014554 18.447189 0.760179 -0.003674 -0.001105 -0.000475 0.000676 0.200078 3.635073 -0.007852 0.307914 -0.137296 0.118324 5.721212 9.287379 3.627303 9.006121 -0.002419 2.147585 5.744883 9.302453 -3.630085 9.040420 -0.004050 -3.687838 25.666941 5.953198 1.744820 -31.662863 -88.521896 46.888348 18.464344 -0.000002 -0.000012 83.522568 -39.019646 -32.602562 29.884953 0.000000 -0.000001 67.611801 2.692615 2.647616 27.413786 0.000000 0.000011 -2.563285 23.677624 5.027003 2.094321 3.161254 0.799310 9.672201 -30.268942 70.351944 4.501803 -0.000008 -0.000000 -23.149599 -0.935303 17.201052 2.698064 0.000006 -0.000006 -1.920118 -4.351792 -3.998233 3.118652 0.000000 -0.000012 -0.000497 -0.000400 0.000481 3.181590 2.254555 0.120951 6.545009 6.385646 1.033995 6.175169 -0.000002 0.000011 -4.557758 -41.287151 2.804991 3.387755 -0.000001 -0.000000 5.538225 -22.303438 -0.064785 2.120990 0.000003 -0.000000 0.187547 -13.378950 -1.218723 2.529893 0.000000 0.000000 0.000283 0.000516 0.000022 3.178449 0.924150 -0.397349 -3.526756 3.579130 0.138234 6.049747 0.000000 -0.000001 1.964635 -35.678669 3.098853 4.242486 -0.000003 0.000000 4.557730 -26.322100 -0.682084 2.731824 -0.000001 0.000012 0.939825 -13.134649 -4.662391 2.041451 0.000003 0.000012 -0.000418 -0.000397 -0.000344 2.932182 -0.316448 0.122310 -7.162751 1.128405 -17.245592 5.821784 -0.000001 -0.000001 -1.673879 -27.639032 20.602171 4.026133 0.000000 0.000000 -0.060966 -29.862402 -1.009471 2.442604 0.000002 -0.000012 2.035884 -27.207218 -8.814404 1.785016 0.000000 -0.000025 -0.000550 -0.000036 0.000713 2.948916 -1.544389 0.539792 -11.911266 -8.035238 -15.730845 5.112839 -0.000002 0.000011 5.518393 -21.887432 19.745237 2.914518 0.000000 0.000000 0.284864 -30.794680 -0.005907 1.632816 -0.000002 0.000000 2.415687 -23.202721 -11.059387 1.817514 -0.000003 -0.000001 0.000470 0.000128 0.000698 25.633276 5.994579 -1.761724 29.805212 -83.207191 167.340256 -18.544613 0.000003 0.000012 81.375374 -42.876671 -34.364197 -29.903347 0.000000 0.000001 75.178535 3.191382 4.802174 -27.414274 0.000012 0.000013 -2.091347 27.854071 2.199031 -2.094768 -3.163312 -0.799955 3.552874 -38.216282 73.651588 -4.505661 0.000005 0.000000 -26.182140 -0.763210 14.563986 -2.700114 -0.000006 0.000006 -1.263372 -3.743957 1.008894 -3.121519 -0.000000 0.000006 -0.000137 0.001603 0.000150 -3.183331 -2.255512 -0.121331 4.076951 4.116829 1.167711 -6.179836 0.000000 0.000000 -5.197669 -23.118185 1.925354 -3.389430 -0.000001 -0.000012 4.145602 -14.443878 -0.195930 -2.123821 -0.000003 -0.000012 0.861455 -11.100414 0.483357 -2.529789 -0.000000 -0.000001 0.000439 0.000231 -0.000083 -3.179951 -0.924413 0.397693 -6.077035 2.648472 -0.285966 -6.054549 -0.000003 -0.000001 2.371509 -21.959324 2.168910 -4.244578 -0.000001 0.000012 3.881439 -16.673145 -0.159004 -2.732867 0.000004 0.000000 1.013757 -9.804665 -4.879776 -2.043405 0.000006 -0.000001 0.000200 -0.000062 0.000530 -2.933434 0.316848 -0.122046 -9.110876 0.086135 -17.593159 -5.826602 -0.000005 -0.000000 2.875338 -17.997801 19.187250 -4.028100 -0.000000 0.000000 1.480952 -19.737469 -0.776957 -2.443439 -0.000000 0.000000 2.800694 -22.456276 -11.956608 -1.786791 0.000003 0.000011 -0.001488 -0.001626 -0.001654 -2.949983 1.545734 -0.540328 -13.286839 -8.436697 -16.799109 -5.116444 -0.000002 -0.000000 7.568082 -14.810809 19.601669 -2.915901 -0.000000 0.000012 2.625407 -21.242098 -0.781798 -1.633906 0.000001 -0.000012 1.791495 -17.264952 -15.775397 -1.819588 0.000000 -0.000001 0.001078 0.001886 0.000380 -8.517063 2.351946 11.888292 158.579041 -18.710236 -11.655435 42.799587 0.000001 0.000002 46.244232 0.536945 -5.883681 45.345985 0.000001 -0.000007 -87.226463 -8.391848 -11.199373 14.268355 0.000005 0.000000 -6.002771 1.262977 -0.022261 6.980276 -0.121840 0.000001 -0.000435 -0.000478 0.000105 -8.535283 2.358025 -11.910014 -16.120462 -21.475378 -13.821280 -42.789711 -0.000003 -0.000003 31.295578 0.623581 -5.087555 -45.345604 0.000000 0.000000 -73.567978 -6.946650 -15.487636 -14.268300 -0.000000 -0.000000 -7.500095 1.583686 -2.453639 -6.981181 0.121853 -0.000003 0.002425 -0.000262 -0.000383
0.000000 0.000000 0.000000 0.000000 0.000000 0.000000 9.999032 102.967728 -4.583591 87.332031 3.136285 -88.067642 5.266023 0.261829 -0.008408 5.664360 -1.285437 0.753038 7.597601 -0.000001 0.000000 -5.417347 0.865488 1.091636 8.008073 -0.000000 -0.000000 16.400724 0.329020 0.024281 29.519594 -0.802532 0.014094 18.722963 2.301178 -1.437939 8.099053 -0.000000 0.000000 13.673368 5.101103 2.982436 6.860398 0.000000 0.000000 -20.392830 -1.667759 -4.158684 18.447189 0.760179 -0.003674 -0.001169 -0.000476 0.000700 0.200078 3.635073 -0.007852 0.186866 -0.049467 0.116035 5.721212 9.287379 3.627303 8.593699 0.013946 2.355692 5.744883 9.302453 -3.630085 8.628902 0.012097 -3.480454 25.666941 5.953198 1.744820 30.817617 -88.367409 -15.773359 18.464344 -0.000002 -0.000012 87.791405 -37.539196 -33.702988 29.884953 0.000000 -0.000001 53.190083 4.209845 1.551847 27.413786 0.000000 0.000011 -4.057188 24.183393 3.688095 2.094321 3.161254 0.799310 9.348331 -30.966560 71.018272 4.501803 -0.000008 -0.000000 -23.137083 -0.706675 17.721313 2.698064 0.000006 -0.000006 -2.014388 -4.160889 -4.226795 3.118652 0.000000 -0.000012 -0.000501 -0.000370 0.000451 3.181590 2.254555 0.120951 6.960272 5.642255 1.586456 6.175169 -0.000002 0.000011 -4.801484 -39.718193 3.312687 3.387755 -0.000001 -0.000000 4.633007 -21.342361 0.069211 2.120990 0.000003 -0.000000 0.134438 -13.430836 -0.624983 2.529893 0.000000 0.000000 0.000355 0.000484 0.000059 3.178449 0.924150 -0.397349 -3.330469 3.408404 0.577465 6.049747 0.000000 -0.000001 1.774109 -34.346458 3.482049 4.242486 -0.000003 0.000000 3.736231 -25.455587 -0.383814 2.731824 -0.000001 0.000012 0.799746 -13.239317 -4.069364 2.041451 0.000003 0.000012 -0.000418 -0.000453 -0.000384 2.932182 -0.316448 0.122310 -7.116683 1.390904 -17.025372 5.821784 -0.000001 -0.000001 -1.643951 -26.648207 20.729073 4.026133 0.000000 0.000000 -0.664427 -29.415159 -0.546914 2.442604 0.000002 -0.000012 1.787350 -27.075197 -8.404079 1.785016 0.000000 -0.000025 -0.000570 -0.000080 0.000708 2.948916 -1.544389 0.539792 -12.153340 -7.296533 -15.320596 5.112839 -0.000002 0.000011 5.622557 -21.076500 19.940266 2.914518 0.000000 0.000000 -0.195848 -30.536987 0.157478 1.632816 -0.000002 0.000000 2.186020 -22.981153 -10.647423 1.817514 -0.000003 -0.000001 0.000425 0.000195 0.000767 25.633276 5.994579 -1.761724 12.547771 -84.255379 -175.942642 -18.544613 0.000003 0.000012 83.905960 -40.221153 -33.920849 -29.903347 0.000000 0.000001 59.236881 6.118488 2.445032 -27.414274 0.000012 0.000013 -4.137393 27.591789 -0.780256 -2.094768 -3.163312 -0.799955 3.774247 -38.465271 73.389221 -4.505661 0.000005 0.000000 -26.274405 -0.388844 15.136435 -2.700114 -0.000006 0.000006 -1.353856 -3.659505 0.896312 -3.121519 -0.000000 0.000006 -0.000210 0.001686 0.000181 -3.183331 -2.255512 -0.121331 3.864125 3.687414 0.842893 -6.179836 0.000000 0.000000 -5.200649 -22.649723 2.002260 -3.389430 -0.000001 -0.000012 4.110170 -14.566813 0.193822 -2.123821 -0.000003 -0.000012 0.837524 -11.480112 0.318578 -2.529789 -0.000000 -0.000001 0.000436 0.000224 -0.000052 -3.179951 -0.924413 0.397693 -6.226337 2.424161 -0.248135 -6.054549 -0.000003 -0.000001 2.423038 -21.781126 2.284929 -4.244578 -0.000001 0.000012 3.969894 -16.772255 -0.127638 -2.732867 0.000004 0.000000 1.043862 -10.232017 -4.907747 -2.043405 0.000006 -0.000001 0.000093 -0.000165 0.000529 -2.933434 0.316848 -0.122046 -9.229837 0.002180 -17.612131 -5.826602 -0.000005 -0.000000 2.679599 -18.220203 19.298283 -4.028100 -0.000000 0.000000 1.439777 -19.675137 -0.738262 -2.443439 -0.000000 0.000000 2.798821 -22.574898 -11.858318 -1.786791 0.000003 0.000011 -0.001843 -0.001741 -0.001681 -2.949983 1.545734 -0.540328 -13.698781 -8.394625 -16.934334 -5.116444 -0.000002 -0.000000 7.551446 -15.446227 19.688459 -2.915901 -0.000000 0.000012 2.607118 -21.151079 -0.739921 -1.633906 0.000001 -0.000012 1.754333 -17.278795 -15.558155 -1.819588 0.000000 -0.000001 0.000868 0.001685 0.000360 -8.517063 2.351946 11.888292 158.742325 -19.330170 -11.708254 42.799587 0.000001 0.000002 46.977650 0.974648 -6.050951 45.345985 0.000001 -0.000007 -85.993660 -7.760084 -10.956176 14.268355 0.000005 0.000000 -5.930040 1.389704 0.121335 6.980276 -0.121840 0.000001 -0.000473 -0.000499 0.000084 -8.535283 2.358025 -11.910014 -16.398310 -21.389400 -13.812688 -42.789711 -0.000003 -0.000003 32.294456 0.653736 -4.722439 -45.345604 0.000000 0.000000 -75.500130 -8.192053 -14.892700 -14.268300 -0.000000 -0.000000 -6.984789 1.777707 -2.976896 -6.981181 0.121853 -0.000003 0.002641 -0.000299 -0.000403
0.000000 0.000000 0.000000 0.000000 0.000000 0.000000 11.129851 102.653328 -3.556989 87.336853 2.113084 -88.737144 5.266023 0.261829 -0.008408 4.734725 -0.428753 1.031257 7.597601 -0.000001 0.000000 -5.849343 0.577308 0.472826 8.008073 -0.000000 -0.000000 16.594616 0.447558 0.339279 29.519594 -0.802532 0.014094 19.791487 1.520026 -1.603412 8.099053 -0.000000 0.000000 14.515156 4.434947 2.809146 6.860398 0.000000 0.000000 -19.991154 -1.875916 -3.546858 18.447189 0.760179 -0.003674 -0.001204 -0.000426 0.000713 0.200078 3.635073 -0.007852 0.053766 0.081372 0.183811 5.721212 9.287379 3.627303 8.202564 0.007549 2.352629 5.744883 9.302453 -3.630085 8.235497 0.005992 -3.486789 25.666941 5.953198 1.744820 58.000332 -86.733803 -42.983109 18.464344 -0.000002 -0.000012 90.759026 -34.763374 -33.724907 29.884953 0.000000 -0.000001 36.603271 4.742014 -1.029425 27.413786 0.000000 0.000011 -5.866080 22.513748 5.097392 2.094321 3.161254 0.799310 7.848209 -32.356098 72.605278 4.501803 -0.000008 -0.000000 -23.145428 -0.868737 18.175278 2.698064 0.000006 -0.000006 -2.306470 -4.228599 -3.977289 3.118652 0.000000 -0.000012 -0.000477 -0.000337 0.000436 3.181590 2.254555 0.120951 7.019733 4.288198 2.565625 6.175169 -0.000002 0.000011 -5.550989 -38.737476 4.053423 3.387755 -0.000001 -0.000000 3.531578 -20.388933 0.449437 2.120990 0.000003 -0.000000 -0.184219 -13.485831 0.188983 2.529893 0.000000 0.000000 0.000244 0.000378 0.000010 3.178449 0.924150 -0.397349 -3.459096 3.103699 1.383902 6.049747 0.000000 -0.000001 0.849067 -33.755062 4.316175 4.242486 -0.000003 0.000000 2.445672 -24.563931 0.242260 2.731824 -0.000001 0.000012 0.563751 -13.256085 -3.385037 2.041451 0.000003 0.000012 -0.000352 -0.000400 -0.000352 2.932182 -0.316448 0.122310 -7.448032 1.731640 -16.144920 5.821784 -0.000001 -0.000001 -2.343488 -26.224819 21.600506 4.026133 0.000000 0.000000 -1.433526 -28.625309 0.255845 2.442604 0.000002 -0.000012 1.495059 -27.031879 -7.987288 1.785016 0.000000 -0.000025 -0.000485 -0.000108 0.000650 2.948916 -1.544389 0.539792 -13.013193 -6.030739 -14.382890 5.112839 -0.000002 0.000011 4.893186 -21.137167 20.871206 2.914518 0.000000 0.000000 -0.769556 -30.037468 0.688241 1.632816 -0.000002 0.000000 1.907955 -22.862692 -10.234883 1.817514 -0.000003 -0.000001 0.000332 0.000179 0.000732 25.633276 5.994579 -1.761724 -18.092569 -85.713646 -145.781540 -18.544613 0.000003 0.000012 86.715828 -35.115002 -32.660820 -29.903347 0.000000 0.000001 37.850815 7.071745 -2.610678 -27.414274 0.000012 0.000013 -8.038359 23.526297 -1.434242 -2.094768 -3.163312 -0.799955 2.524736 -38.636806 73.940758 -4.505661 0.000005 0.000000 -26.635496 -0.110792 15.589148 -2.700114 -0.000006 0.000006 -1.497841 -3.741976 0.920609 -3.121519 -0.000000 0.000006 -0.000373 0.001600 0.000230 -3.183331 -2.255512 -0.121331 2.874108 3.337427 0.883900 -6.179836 0.000000 0.000000 -5.432603 -22.912853 1.989513 -3.389430 -0.000001 -0.000012 3.957297 -14.485552 0.606104 -2.123821 -0.000003 -0.000012 0.820266 -11.837842 0.576375 -2.529789 -0.000000 -0.000001 0.000434 0.000275 0.000083 -3.179951 -0.924413 0.397693 -7.137677 2.332602 0.175609 -6.054549 -0.000003 -0.000001 2.271723 -22.310310 2.400442 -4.244578 -0.000001 0.000012 3.902374 -16.716366 0.067789 -2.732867 0.000004 0.000000 0.941745 -10.567001 -4.715410 -2.043405 0.000006 -0.000001 0.000046 -0.000433 0.000498 -2.933434 0.316848 -0.122046 -10.120788 0.242059 -17.253126 -5.826602 -0.000005 -0.000000 1.926537 -19.251471 19.745415 -4.028100 -0.000000 0.000000 1.428110 -19.480953 -0.404078 -2.443439 -0.000000 0.000000 2.669919 -22.639469 -11.614377 -1.786791 0.000003 0.000011 -0.001683 -0.001859 -0.001760 -2.949983 1.545734 -0.540328 -15.041445 -7.955186 -16.630562 -5.116444 -0.000002 -0.000000 7.243576 -16.939829 20.343124 -2.915901 -0.000000 0.000012 2.748143 -21.047619 -0.601633 -1.633906 0.000001 -0.000012 1.655927 -17.247299 -15.339018 -1.819588 0.000000 -0.000001 0.001182 0.001791 0.000255 -8.517063 2.351946 11.888292 158.499481 -20.441559 -12.068945 42.799587 0.000001 0.000002 48.127888 1.553175 -6.075596 45.345985 0.000001 -0.000007 -84.803986 -6.198942 -10.660923 14.268355 0.000005 0.000000 -6.014779 1.471150 0.681377 6.980276 -0.121840 0.000001 -0.000319 -0.000398 -0.000001 -8.535283 2.358025 -11.910014 -16.211594 -21.250013 -14.317997 -42.789711 -0.000003 -0.000003 32.895378 1.417954 -4.296914 -45.345604 0.000000 0.000000 -77.791977 -8.741361 -14.253679 -14.268300 -0.000000 -0.000000 -6.858010 2.057097 -3.000736 -6.981181 0.121853 -0.000003 0.002381 -0.000271 -0.000454
0.000000 0.000000 0.000000 0.000000 0.000000 0.000000 12.233807 102.677109 -2.717854 86.363724 1.908698 -88.932152 5.266023 0.261829 -0.008408 4.517516 0.271715 1.317780 7.597601 -0.000001 0.000000 -6.139733 0.435687 0.165178 8.008073 -0.000000 -0.000000 16.570662 0.348815 0.485245 29.519594 -0.802532 0.014094 20.202204 0.783363 -1.644183 8.099053 -0.000000 0.000000 14.086143 4.186597 2.522465 6.860398 0.000000 0.000000 -18.589506 -1.940099 -3.177595 18.447189 0.760179 -0.003674 -0.001172 -0.000329 0.000694 0.200078 3.635073 -0.007852 0.118650 0.300289 0.225590 5.721212 9.287379 3.627303 8.092654 -0.005664 2.387968 5.744883 9.302453 -3.630085 8.129521 -0.007002 -3.450951 25.666941 5.953198 1.744820 68.127899 -85.567238 -53.009335 18.464344 -0.000002 -0.000012 91.983238 -32.676605 -32.651642 29.884953 0.000000 -0.000001 25.612019 3.894873 -2.881152 27.413786 0.000000 0.000011 -6.511607 19.783424 6.429278 2.094321 3.161254 0.799310 8.408176 -32.115540 73.152969 4.501803 -0.000008 -0.000000 -22.467587 -0.619238 19.034353 2.698064 0.000006 -0.000006 -2.143130 -3.993203 -4.828182 3.118652 0.000000 -0.000012 -0.000324 -0.000248 0.000430 3.181590 2.254555 0.120951 7.281425 3.174583 3.150983 6.175169 -0.000002 0.000011 -5.587365 -33.624233 4.052055 3.387755 -0.000001 -0.000000 1.688055 -16.939123 0.482019 2.120990 0.000003 -0.000000 -0.382430 -12.482920 2.179888 2.529893 0.000000 0.000000 0.000076 0.000179 -0.000151 3.178449 0.924150 -0.397349 -3.485077 2.685374 1.727679 6.049747 0.000000 -0.000001 0.493075 -29.453461 4.207639 4.242486 -0.000003 0.000000 0.423234 -20.723045 0.524667 2.731824 -0.000001 0.000012 0.110466 -11.902924 -1.450690 2.041451 0.000003 0.000012 -0.000218 -0.000308 -0.000245 2.932182 -0.316448 0.122310 -7.697444 1.498967 -15.992967 5.821784 -0.000001 -0.000001 -1.394308 -22.523535 21.115736 4.026133 0.000000 0.000000 -2.374437 -24.701521 0.706174 2.442604 0.000002 -0.000012 0.859641 -25.078701 -7.011221 1.785016 0.000000 -0.000025 -0.000333 -0.000055 0.000589 2.948916 -1.544389 0.539792 -13.487595 -5.771151 -14.279311 5.112839 -0.000002 0.000011 5.286114 -18.244032 20.745634 2.914518 0.000000 0.000000 -1.772866 -26.462740 0.950726 1.632816 -0.000002 0.000000 1.080960 -20.406977 -9.384153 1.817514 -0.000003 -0.000001 0.000273 0.000106 0.000643 25.633276 5.994579 -1.761724 -49.580685 -85.072090 -114.476372 -18.544613 0.000003 0.000012 87.810478 -31.707563 -30.876810 -29.903347 0.000000 0.000001 24.945290 5.357870 -5.719260 -27.414274 0.000012 0.000013 -9.552894 20.816549 -0.234145 -2.094768 -3.163312 -0.799955 2.896989 -38.751114 73.822113 -4.505661 0.000005 0.000000 -26.532421 0.212817 16.487593 -2.700114 -0.000006 0.000006 -1.576118 -3.797093 0.712046 -3.121519 -0.000000 0.000006 -0.000453 0.001489 0.000227 -3.183331 -2.255512 -0.121331 2.643416 2.581864 1.077961 -6.179836 0.000000 0.000000 -5.643190 -20.254131 2.082485 -3.389430 -0.000001 -0.000012 3.244917 -12.245858 0.902618 -2.123821 -0.000003 -0.000012 0.808810 -11.195371 1.323539 -2.529789 -0.000000 -0.000001 0.000435 0.000335 0.000140 -3.179951 -0.924413 0.397693 -7.457227 1.940583 0.446486 -6.054549 -0.000003 -0.000001 2.047492 -19.929001 2.281470 -4.244578 -0.000001 0.000012 3.026264 -14.745987 0.232974 -2.732867 0.000004 0.000000 0.609332 -9.770026 -3.789056 -2.043405 0.000006 -0.000001 0.000066 -0.000566 0.000404 -2.933434 0.316848 -0.122046 -10.401414 0.053434 -17.019567 -5.826602 -0.000005 -0.000000 1.991241 -17.494955 19.535257 -4.028100 -0.000000 0.000000 0.731027 -17.122982 -0.176307 -2.443439 -0.000000 0.000000 2.101724 -21.353554 -10.495267 -1.786791 0.000003 0.000011 -0.001484 -0.001872 -0.001776 -2.949983 1.545734 -0.540328 -15.712154 -7.979033 -16.897669 -5.116444 -0.000002 -0.000000 7.284148 -15.903956 20.380381 -2.915901 -0.000000 0.000012 1.737081 -19.363388 -0.386700 -1.633906 0.000001 -0.000012 0.931869 -15.617830 -14.036434 -1.819588 0.000000 -0.000001 0.001447 0.002006 0.000160 -8.517063 2.351946 11.888292 156.229843 -20.023188 -11.641665 42.799587 0.000001 0.000002 50.830673 2.840516 -6.179037 45.345985 0.000001 -0.000007 -83.022362 -4.846579 -10.537291 14.268355 0.000005 0.000000 -6.077140 1.775584 0.801223 6.980276 -0.121840 0.000001 -0.000191 -0.000193 -0.000236 -8.535283 2.358025 -11.910014 -17.261570 -21.905069 -14.272765 -42.789711 -0.000003 -0.000003 34.337624 1.586609 -4.158439 -45.345604 0.000000 0.000000 -79.530571 -9.788083 -13.992473 -14.268300 -0.000000 -0.000000 -6.762208 2.344056 -2.975720 -6.981181 0.121853 -0.000003 0.002062 -0.000170 -0.000456
0.000000 0.000000 0.000000 0.000000 0.000000 0.000000 13.271620 102.808891 -2.034653 85.680069 1.446581 -89.094795 5.266023 0.261829 -0.008408 4.314366 0.634494 1.316864 7.597601 -0.000001 0.000000 -6.214426 0.383199 -0.035088 8.008073 -0.000000 -0.000000 16.698059 0.340580 0.611440 29.519594 -0.802532 0.014094 20.431339 0.280883 -1.593120 8.099053 -0.000000 0.000000 14.031341 4.009345 2.281939 6.860398 0.000000 0.000000 -17.851913 -1.735589 -3.114661 18.447189 0.760179 -0.003674 -0.001084 -0.000207 0.000601 0.200078 3.635073 -0.007852 0.119764 0.384042 0.224981 5.721212 9.287379 3.627303 7.983327 -0.011349 2.465210 5.744883 9.302453 -3.630085 8.024470 -0.012436 -3.376388 25.666941 5.953198 1.744820 73.574127 -85.157181 -58.271576 18.464344 -0.000002 -0.000012 92.230965 -31.769396 -31.878746 29.884953 0.000000 -0.000001 20.817860 3.289490 -3.357194 27.413786 0.000000 0.000011 -6.546439 18.560011 5.770042 2.094321 3.161254 0.799310 9.133675 -31.732470 72.815567 4.501803 -0.000008 -0.000000 -22.142647 -0.566011 19.443800 2.698064 0.000006 -0.000006 -1.993334 -3.872275 -5.251101 3.118652 0.000000 -0.000012 -0.000159 -0.000223 0.000472 3.181590 2.254555 0.120951 7.442094 2.821120 3.095486 6.175169 -0.000002 0.000011 -5.198670 -31.339809 3.721673 3.387755 -0.000001 -0.000000 1.199825 -15.476265 0.329597 2.120990 0.000003 -0.000000 -0.311680 -11.836273 2.846826 2.529893 0.000000 0.000000 -0.000019 0.000050 -0.000297 3.178449 0.924150 -0.397349 -3.436446 2.359145 1.611369 6.049747 0.000000 -0.000001 0.804312 -27.295898 3.892999 4.242486 -0.000003 0.000000 -0.066095 -18.992609 0.473712 2.731824 -0.000001 0.000012 0.005797 -11.058710 -0.818486 2.041451 0.000003 0.000012 -0.000113 -0.000247 -0.000110 2.932182 -0.316448 0.122310 -7.697396 1.182845 -16.166887 5.821784 -0.000001 -0.000001 -0.548524 -20.790464 20.689377 4.026133 0.000000 0.000000 -2.496116 -22.822947 0.722163 2.442604 0.000002 -0.000012 0.660794 -23.867311 -6.680910 1.785016 0.000000 -0.000025 -0.000271 0.000072 0.000504 2.948916 -1.544389 0.539792 -13.471902 -6.030151 -14.473942 5.112839 -0.000002 0.000011 5.867674 -16.749710 20.430685 2.914518 0.000000 0.000000 -2.129091 -24.642490 0.945038 1.632816 -0.000002 0.000000 0.752487 -18.995388 -9.003312 1.817514 -0.000003 -0.000001 0.000230 0.000060 0.000560 25.633276 5.994579 -1.761724 -57.869293 -84.258186 -106.069809 -18.544613 0.000003 0.000012 87.925835 -29.902790 -29.531561 -29.903347 0.000000 0.000001 19.624523 4.063257 -6.725244 -27.414274 0.000012 0.000013 -9.625987 19.174099 -1.211293 -2.094768 -3.163312 -0.799955 3.749807 -38.504021 73.248413 -4.505661 0.000005 0.000000 -26.423759 0.455505 16.832113 -2.700114 -0.000006 0.000006 -1.573242 -3.730196 0.546088 -3.121519 -0.000000 0.000006 -0.000381 0.001348 0.000163 -3.183331 -2.255512 -0.121331 2.629925 2.172343 0.659166 -6.179836 0.000000 0.000000 -5.380111 -18.462873 1.897956 -3.389430 -0.000001 -0.000012 2.838513 -10.694883 1.018618 -2.123821 -0.000003 -0.000012 0.799781 -10.371381 1.770966 -2.529789 -0.000000 -0.000001 0.000384 0.000361 0.000098 -3.179951 -0.924413 0.397693 -7.481316 1.472723 0.246779 -6.054549 -0.000003 -0.000001 2.159347 -18.229258 2.043005 -4.244578 -0.000001 0.000012 2.530192 -13.096245 0.283164 -2.732867 0.000004 0.000000 0.421330 -8.801910 -3.174270 -2.043405 0.000006 -0.000001 0.000188 -0.000505 0.000284 -2.933434 0.316848 -0.122046 -10.340311 -0.446221 -17.150373 -5.826602 -0.000005 -0.000000 2.399839 -16.060915 19.204054 -4.028100 -0.000000 0.000000 0.364932 -15.326986 -0.070812 -2.443439 -0.000000 0.000000 1.764039 -20.145336 -9.756330 -1.786791 0.000003 0.000011 -0.001073 -0.001665 -0.001680 -2.949983 1.545734 -0.540328 -15.732004 -8.535683 -17.196098 -5.116444 -0.000002 -0.000000 7.702345 -14.762938 20.164707 -2.915901 -0.000000 0.000012 1.083487 -17.852661 -0.227267 -1.633906 0.000001 -0.000012 0.458097 -14.240091 -13.051442 -1.819588 0.000000 -0.000001 0.001869 0.002402 0.000200 -8.517063 2.351946 11.888292 154.499039 -19.986729 -11.118730 42.799587 0.000001 0.000002 53.493359 3.285842 -6.175913 45.345985 0.000001 -0.000007 -82.039909 -4.123629 -10.381902 14.268355 0.000005 0.000000 -6.221661 1.846318 0.794176 6.980276 -0.121840 0.000001 -0.000160 -0.000025 -0.000408 -8.535283 2.358025 -11.910014 -17.699245 -22.130342 -14.389366 -42.789711 -0.000003 -0.000003 35.239826 1.611300 -4.102526 -45.345604 0.000000 0.000000 -80.425377 -10.708172 -13.983720 -14.268300 -0.000000 -0.000000 -6.533072 2.561723 -2.940750 -6.981181 0.121853 -0.000003 0.001592 -0.000019 -0.000433
0.000000 0.000000 0.000000 0.000000 0.000000 0.000000 14.202232 102.883125 -1.468734 85.101631 0.970243 -89.236160 5.266023 0.261829 -0.008408 4.140471 1.027637 1.419903 7.597601 -0.000001 0.000000 -6.377756 0.303687 -0.209407 8.008073 -0.000000 -0.000000 16.915951 0.335460 0.623388 29.519594 -0.802532 0.014094 20.498175 -0.444718 -1.597445 8.099053 -0.000000 0.000000 14.279294 3.825161 1.952534 6.860398 0.000000 0.000000 -17.199966 -1.752989 -3.278232 18.447189 0.760179 -0.003674 -0.001035 -0.000098 0.000464 0.200078 3.635073 -0.007852 0.094339 0.502468 0.253201 5.721212 9.287379 3.627303 7.598806 -0.020101 2.632068 5.744883 9.302453 -3.630085 7.646791 -0.021091 -3.211771 25.666941 5.953198 1.744820 78.027397 -84.934555 -62.615318 18.464344 -0.000002 -0.000012 92.330757 -31.355766 -31.813040 29.884953 0.000000 -0.000001 17.185308 2.912634 -3.563444 27.413786 0.000000 0.000011 -6.727321 17.623871 3.900756 2.094321 3.161254 0.799310 10.113447 -31.071442 72.497925 4.501803 -0.000008 -0.000000 -21.525564 -0.518064 20.020893 2.698064 0.000006 -0.000006 -1.502496 -3.393221 -6.199221 3.118652 0.000000 -0.000012 0.000072 -0.000119 0.000464 3.181590 2.254555 0.120951 6.780871 2.429193 2.897828 6.175169 -0.000002 0.000011 -4.551993 -27.552757 3.441967 3.387755 -0.000001 -0.000000 0.342911 -13.201820 0.209331 2.120990 0.000003 -0.000000 -0.056098 -10.552034 4.060945 2.529893 0.000000 0.000000 -0.000106 -0.000146 -0.000404 3.178449 0.924150 -0.397349 -4.083111 1.801404 1.360014 6.049747 0.000000 -0.000001 1.033561 -24.075094 3.609044 4.242486 -0.000003 0.000000 -0.877958 -16.177742 0.433481 2.731824 -0.000001 0.000012 -0.095586 -9.437770 0.481751 2.041451 0.000003 0.000012 0.000058 -0.000147 0.000029 2.932182 -0.316448 0.122310 -8.234928 0.390836 -16.447201 5.821784 -0.000001 -0.000001 0.227194 -18.235336 20.074011 4.026133 0.000000 0.000000 -2.655980 -19.760490 0.707580 2.442604 0.000002 -0.000012 0.283171 -21.525370 -5.842628 1.785016 0.000000 -0.000025 -0.000142 0.000207 0.000381 2.948916 -1.544389 0.539792 -13.998722 -6.908171 -14.768432 5.112839 -0.000002 0.000011 6.414979 -14.829234 19.835716 2.914518 0.000000 0.000000 -2.535381 -21.566370 0.911481 1.632816 -0.000002 0.000000 0.165606 -16.260061 -8.231412 1.817514 -0.000003 -0.000001 0.000190 0.000009 0.000441 25.633276 5.994579 -1.761724 -61.696861 -83.539551 -102.253410 -18.544613 0.000003 0.000012 87.663269 -28.881475 -28.743597 -29.903347 0.000000 0.000001 16.432236 3.363526 -7.322120 -27.414274 0.000012 0.000013 -9.396975 17.324974 -2.388990 -2.094768 -3.163312 -0.799955 5.433434 -38.267879 72.275360 -4.505661 0.000005 0.000000 -25.926409 0.599681 17.453760 -2.700114 -0.000006 0.000006 -1.415791 -3.518441 0.143706 -3.121519 -0.000000 0.000006 -0.000348 0.001242 0.000124 -3.183331 -2.255512 -0.121331 2.346359 1.508796 0.225762 -6.179836 0.000000 0.000000 -5.115834 -15.996300 1.635344 -3.389430 -0.000001 -0.000012 2.180775 -8.447820 1.106497 -2.123821 -0.000003 -0.000012 1.015143 -9.036714 2.121023 -2.529789 -0.000000 -0.000001 0.000347 0.000396 0.000095 -3.179951 -0.924413 0.397693 -7.800461 0.614869 0.055147 -6.054549 -0.000003 -0.000001 2.251088 -15.741527 1.665994 -4.244578 -0.000001 0.000012 1.746395 -11.032180 0.254632 -2.732867 0.000004 0.000000 0.265445 -7.419598 -2.092542 -2.043405 0.000006 -0.000001 0.000292 -0.000490 0.000122 -2.933434 0.316848 -0.122046 -10.505976 -1.394001 -17.196333 -5.826602 -0.000005 -0.000000 2.776977 -14.089009 18.709454 -4.028100 -0.000000 0.000000 -0.216241 -12.926281 -0.122075 -2.443439 -0.000000 0.000000 1.334549 -18.290293 -8.496359 -1.786791 0.000003 0.000011 -0.000811 -0.001502 -0.001590 -2.949983 1.545734 -0.540328 -15.955297 -9.620234 -17.337223 -5.116444 -0.000002 -0.000000 8.075541 -13.221439 19.710201 -2.915901 -0.000000 0.000012 0.169163 -15.779667 -0.113887 -1.633906 0.000001 -0.000012 -0.050561 -12.156067 -11.566636 -1.819588 0.000000 -0.000001 0.002106 0.002652 0.000180 -8.517063 2.351946 11.888292 153.018539 -20.549273 -11.128387 42.799587 0.000001 0.000002 56.121407 3.545307 -6.272765 45.345985 0.000001 -0.000007 -80.757172 -3.291535 -10.403993 14.268355 0.000005 0.000000 -5.923692 1.887956 0.783439 6.980276 -0.121840 0.000001 -0.000095 0.000169 -0.000596 -8.535283 2.358025 -11.910014 -17.908731 -22.520288 -14.840817 -42.789711 -0.000003 -0.000003 36.033295 1.854931 -4.091118 -45.345604 0.000000 0.000000 -81.146492 -10.956807 -13.832617 -14.268300 -0.000000 -0.000000 -6.109978 2.683407 -2.772506 -6.981181 0.121853 -0.000003 0.001314 0.000099 -0.000362
0.000000 0.000000 0.000000 0.000000 0.000000 0.000000 14.991438 102.948395 -0.992307 84.702698 0.170235 -88.988106 5.266023 0.261829 -0.008408 3.819279 1.297747 1.360028 7.597601 -0.000001 0.000000 -6.429983 0.339317 -0.234978 8.008073 -0.000000 -0.000000 17.078264 0.214014 0.488405 29.519594 -0.802532 0.014094 20.665804 -0.824270 -1.608143 8.099053 -0.000000 0.000000 14.638601 3.776208 1.790331 6.860398 0.000000 0.000000 -17.297176 -1.667684 -3.421787 18.447189 0.760179 -0.003674 -0.001076 -0.000038 0.000377 0.200078 3.635073 -0.007852 0.082408 0.568445 0.256791 5.721212 9.287379 3.627303 7.358845 -0.028478 2.666519 5.744883 9.302453 -3.630085 7.407896 -0.029614 -3.177600 25.666941 5.953198 1.744820 80.655670 -85.123787 -65.029373 18.464344 -0.000002 -0.000012 91.913750 -31.445122 -31.642897 29.884953 0.000000 -0.000001 15.988733 2.609532 -3.662418 27.413786 0.000000 0.000011 -6.598434 17.702658 2.999001 2.094321 3.161254 0.799310 10.985902 -30.453049 72.004906 4.501803 -0.000008 -0.000000 -20.933001 -0.473002 20.422560 2.698064 0.000006 -0.000006 -1.119832 -2.994257 -6.785418 3.118652 0.000000 -0.000012 0.000198 0.000004 0.000401 3.181590 2.254555 0.120951 6.543232 2.262432 2.612146 6.175169 -0.000002 0.000011 -4.040125 -25.312357 2.991812 3.387755 -0.000001 -0.000000 0.114483 -12.115687 -0.001973 2.120990 0.000003 -0.000000 0.143566 -9.932951 4.404821 2.529893 0.000000 0.000000 -0.000146 -0.000281 -0.000458 3.178449 0.924150 -0.397349 -4.322798 1.496180 0.990146 6.049747 0.000000 -0.000001 1.306754 -22.172998 3.220256 4.242486 -0.000003 0.000000 -1.096021 -14.792686 0.276335 2.731824 -0.000001 0.000012 -0.123876 -8.596738 0.927438 2.041451 0.000003 0.000012 0.000162 -0.000074 0.000060 2.932182 -0.316448 0.122310 -8.369518 -0.121307 -16.809822 5.821784 -0.000001 -0.000001 0.761015 -16.723326 19.591862 4.026133 0.000000 0.000000 -2.576363 -18.229589 0.576568 2.442604 0.000002 -0.000012 0.130170 -20.260778 -5.516649 1.785016 0.000000 -0.000025 -0.000010 0.000227 0.000305 2.948916 -1.544389 0.539792 -14.088238 -7.533246 -15.265003 5.112839 -0.000002 0.000011 6.774666 -13.638707 19.358843 2.914518 0.000000 0.000000 -2.697130 -20.020082 0.823490 1.632816 -0.000002 0.000000 -0.116982 -14.826824 -7.859575 1.817514 -0.000003 -0.000001 0.000174 -0.000039 0.000313 25.633276 5.994579 -1.761724 -61.956020 -83.612595 -101.826729 -18.544613 0.000003 0.000012 87.293732 -28.674273 -28.562263 -29.903347 0.000000 0.000001 15.490039 3.097342 -7.450187 -27.414274 0.000012 0.000013 -9.161938 15.750708 -4.553361 -2.094768 -3.163312 -0.799955 7.119839 -37.673344 71.180962 -4.505661 0.000005 0.000000 -25.349669 0.726492 17.735132 -2.700114 -0.000006 0.000006 -1.193958 -3.223676 -0.186442 -3.121519 -0.000000 0.000006 -0.000444 0.001296 0.000150 -3.183331 -2.255512 -0.121331 2.102252 1.040920 -0.357786 -6.179836 0.000000 0.000000 -4.726134 -14.380937 1.209199 -3.389430 -0.000001 -0.000012 1.861037 -6.991009 0.998221 -2.123821 -0.000003 -0.000012 1.191821 -8.108299 2.250067 -2.529789 -0.000000 -0.000001 0.000306 0.000407 0.000163 -3.179951 -0.924413 0.397693 -8.065036 -0.260535 -0.274064 -6.054549 -0.000003 -0.000001 2.458374 -13.986721 1.111539 -4.244578 -0.000001 0.000012 1.393147 -9.622397 0.143087 -2.732867 0.000004 0.000000 0.229765 -6.417775 -1.424843 -2.043405 0.000006 -0.000001 0.000268 -0.000532 0.000030 -2.933434 0.316848 -0.122046 -10.569427 -2.457150 -17.343555 -5.826602 -0.000005 -0.000000 3.167133 -12.587507 18.242065 -4.028100 -0.000000 0.000000 -0.394173 -11.361690 -0.269505 -2.443439 -0.000000 0.000000 1.164597 -17.001139 -7.781148 -1.786791 0.000003 0.000011 -0.001053 -0.001528 -0.001605 -2.949983 1.545734 -0.540328 -15.896877 -10.915580 -17.391542 -5.116444 -0.000002 -0.000000 8.432811 -11.951662 19.257969 -2.915901 -0.000000 0.000012 -0.242010 -14.206039 -0.118598 -1.633906 0.000001 -0.000012 -0.251034 -10.765354 -10.671894 -1.819588 0.000000 -0.000001 0.001848 0.002497 0.000071 -8.517063 2.351946 11.888292 151.831161 -21.201950 -10.859824 42.799587 0.000001 0.000002 58.253124 3.688192 -6.275560 45.345985 0.000001 -0.000007 -79.260971 -2.662742 -10.425927 14.268355 0.000005 0.000000 -5.657495 1.877226 0.850298 6.980276 -0.121840 0.000001 -0.000002 0.000273 -0.000672 -8.535283 2.358025 -11.910014 -17.582808 -22.616930 -15.261246 -42.789711 -0.000003 -0.000003 36.730877 1.770708 -4.057419 -45.345604 0.000000 0.000000 -81.663193 -11.478030 -13.590620 -14.268300 -0.000000 -0.000000 -5.932496 2.811831 -2.553645 -6.981181 0.121853 -0.000003 0.001549 0.000105 -0.000271
0.000000 0.000000 0.000000 0.000000 0.000000 0.000000 15.619723 103.091873 -0.594249 84.433754 -0.626389 -88.713371 5.266023 0.261829 -0.008408 3.562738 1.396022 1.324419 7.597601 -0.000001 0.000000 -6.342935 0.460534 -0.273321 8.008073 -0.000000 -0.000000 17.210703 0.228577 0.449145 29.519594 -0.802532 0.014094 20.666529 -1.010237 -1.695613 8.099053 -0.000000 0.000000 14.710340 3.732258 1.735192 6.860398 0.000000 0.000000 -17.427158 -1.683612 -3.711716 18.447189 0.760179 -0.003674 -0.001078 0.000017 0.000305 0.200078 3.635073 -0.007852 0.069223 0.613758 0.235764 5.721212 9.287379 3.627303 7.296176 -0.036481 2.650381 5.744883 9.302453 -3.630085 7.343231 -0.037639 -3.194956 25.666941 5.953198 1.744820 80.939934 -85.719025 -65.147408 18.464344 -0.000002 -0.000012 91.564796 -31.872253 -31.797539 29.884953 0.000000 -0.000001 16.731396 2.647568 -3.617895 27.413786 0.000000 0.000011 -6.493013 17.813559 3.430474 2.094321 3.161254 0.799310 11.428866 -30.137274 71.581841 4.501803 -0.000008 -0.000000 -20.727003 -0.459759 20.675200 2.698064 0.000006 -0.000006 -0.916013 -2.715690 -7.174523 3.118652 0.000000 -0.000012 0.000271 0.000087 0.000360 3.181590 2.254555 0.120951 6.300992 2.104447 2.501333 6.175169 -0.000002 0.000011 -3.755090 -24.060755 2.786922 3.387755 -0.000001 -0.000000 0.057941 -11.469301 -0.140864 2.120990 0.000003 -0.000000 0.280107 -9.560386 4.553762 2.529893 0.000000 0.000000 -0.000129 -0.000373 -0.000486 3.178449 0.924150 -0.397349 -4.507372 1.261790 0.850777 6.049747 0.000000 -0.000001 1.481080 -21.113054 3.038499 4.242486 -0.000003 0.000000 -1.154083 -14.005111 0.142064 2.731824 -0.000001 0.000012 -0.098508 -8.132801 1.197569 2.041451 0.000003 0.000012 0.000224 -0.000015 0.000078 2.932182 -0.316448 0.122310 -8.515188 -0.453139 -16.939268 5.821784 -0.000001 -0.000001 1.143614 -15.972569 19.342133 4.026133 0.000000 0.000000 -2.513530 -17.401287 0.492061 2.442604 0.000002 -0.000012 0.034461 -19.523479 -5.250356 1.785016 0.000000 -0.000025 0.000060 0.000234 0.000230 2.948916 -1.544389 0.539792 -14.155976 -7.907134 -15.413404 5.112839 -0.000002 0.000011 7.024920 -13.044600 19.090601 2.914518 0.000000 0.000000 -2.814887 -19.182795 0.776509 1.632816 -0.000002 0.000000 -0.262810 -14.036679 -7.543996 1.817514 -0.000003 -0.000001 0.000151 -0.000096 0.000218 25.633276 5.994579 -1.761724 -59.332821 -83.786499 -104.300972 -18.544613 0.000003 0.000012 86.551811 -28.843065 -28.325430 -29.903347 0.000000 0.000001 16.112606 3.172072 -7.297366 -27.414274 0.000012 0.000013 -9.120914 14.695800 -4.942002 -2.094768 -3.163312 -0.799955 8.047089 -37.279720 70.600380 -4.505661 0.000005 0.000000 -25.004871 0.744933 17.903679 -2.700114 -0.000006 0.000006 -1.073757 -3.044157 -0.374414 -3.121519 -0.000000 0.000006 -0.000488 0.001294 0.000145 -3.183331 -2.255512 -0.121331 2.000278 0.769246 -0.616509 -6.179836 0.000000 0.000000 -4.603505 -13.509890 1.019861 -3.389430 -0.000001 -0.000012 1.711732 -6.290734 0.926921 -2.123821 -0.000003 -0.000012 1.257032 -7.715595 2.175631 -2.529789 -0.000000 -0.000001 0.000245 0.000403 0.000206 -3.179951 -0.924413 0.397693 -8.149420 -0.721890 -0.397397 -6.054549 -0.000003 -0.000001 2.460590 -13.059274 0.894499 -4.244578 -0.000001 0.000012 1.191756 -8.905308 0.071959 -2.732867 0.000004 0.000000 0.241745 -5.948772 -1.050017 -2.043405 0.000006 -0.000001 0.000279 -0.000552 -0.000042 -2.933434 0.316848 -0.122046 -10.639290 -3.021606 -17.396982 -5.826602 -0.000005 -0.000000 3.412993 -11.791297 18.022461 -4.028100 -0.000000 0.000000 -0.482528 -10.555803 -0.305581 -2.443439 -0.000000 0.000000 1.065377 -16.307735 -7.396999 -1.786791 0.000003 0.000011 -0.001047 -0.001492 -0.001592 -2.949983 1.545734 -0.540328 -15.865245 -11.532457 -17.238909 -5.116444 -0.000002 -0.000000 8.624743 -11.214262 19.020741 -2.915901 -0.000000 0.000012 -0.419928 -13.318521 -0.099935 -1.633906 0.000001 -0.000012 -0.333044 -10.015944 -10.108868 -1.819588 0.000000 -0.000001 0.001840 0.002510 0.000016 -8.517063 2.351946 11.888292 151.083847 -21.457239 -10.589295 42.799587 0.000001 0.000002 59.084209 3.604346 -6.197381 45.345985 0.000001 -0.000007 -78.192802 -2.597100 -10.540900 14.268355 0.000005 0.000000 -5.517850 1.761261 0.733145 6.980276 -0.121840 0.000001 0.000054 0.000348 -0.000699 -8.535283 2.358025 -11.910014 -16.982347 -22.448021 -15.566144 -42.789711 -0.000003 -0.000003 36.923019 1.554521 -4.027967 -45.345604 0.000000 0.000000 -82.029167 -11.962795 -13.416410 -14.268300 -0.000000 -0.000000 -5.619563 2.875397 -2.485526 -6.981181 0.121853 -0.000003 0.001558 0.000112 -0.000204
